@relation chess-rm_attr_w_10p_missing-rm_inst_w_missing-rm_attr_1-weka.filters.unsupervised.attribute.Discretize-D-F-B8-M-1.0-Rfirst-last-nominal2binarysplit_minmulti.py-choose_class.py-vclasse_1

@0	item_0 = 1
@1	item_1 = 2
@2	item_2 = 3
@3	item_3 = 4
@4	item_4 = 5
@5	item_5 = 6
@6	item_6 = 7
@7	item_7 = 8
@8	item_8 = 9
@9	item_9 = 10
@10	item_10 = 11
@11	item_11 = 12
@12	item_12 = 13
@13	item_13 = 14
@14	item_14 = 15
@15	item_15 = 16
@16	item_16 = 17
@17	item_17 = 18
@18	item_18 = 19
@19	item_19 = 20
@20	item_20 = 21
@21	item_21 = 22
@22	item_22 = 23
@23	item_23 = 24
@24	item_24 = 25
@25	item_25 = 26
@26	item_26 = 27
@27	item_27 = 28
@28	item_28 = 29
@29	item_29 = 30
@30	item_30 = 31
@31	item_31 = 32
@32	item_32 = 33
@33	item_33 = 34
@34	item_34 = 35
@35	item_35 = 36
@36	item_36 = 37
@37	item_37 = 38
@38	item_38 = 39
@39	item_39 = 40
@40	item_40 = 41
@41	item_41 = 42
@42	item_42 = 43
@43	item_43 = 44
@44	item_44 = 45
@45	item_45 = 46
@46	item_46 = 47
@47	item_47 = 48
@48	item_48 = 49
@49	item_49 = 50
@50	item_50 = 51
@51	item_51 = 52
@52	item_52 = 53
@53	item_53 = 54
@54	item_54 = 55
@55	item_55 = 56
@56	item_56 = 57
@57	item_57 = 58
@58	item_58 = 59
@59	item_59 = 60
@60	item_60 = 61
@61	item_61 = 62
@62	item_62 = 63
@63	item_63 = 64
@64	item_64 = 65
@65	item_65 = 66
@66	item_66 = 67
@67	item_67 = 68
@68	item_68 = 69
@69	item_69 = 70
@70	item_70 = 71
@71	item_71 = 72
@72	item_72 = 73
@73	item_73 = 74
@74	item_74 = 75
@75	item_75 = 76
@class:	1='classe_1'	 0={'classe_2'}
@data

1 3 5 7 9 11 13 15 17 19 21 23 25 27 29 31 34 36 38 40 42 44 46 48 50 52 54 56 58 60 62 64 66 68 70 72 74 1
1 3 5 7 9 12 13 15 17 19 21 23 25 27 29 31 34 36 38 40 42 44 46 48 50 52 54 56 58 60 62 64 66 68 70 72 74 0
1 3 5 7 9 12 13 16 17 19 21 23 25 27 29 31 34 36 38 40 42 44 46 48 50 52 54 56 58 60 62 64 66 68 70 72 74 1
1 3 5 7 9 11 13 15 17 20 21 23 25 27 29 31 34 36 38 40 42 44 47 48 50 52 54 56 58 60 62 64 66 68 70 72 74 0
1 3 5 7 9 11 13 15 17 19 21 23 25 27 29 31 34 36 38 40 42 44 46 48 51 52 54 56 58 60 62 64 66 68 70 72 74 0
1 3 5 7 9 11 13 15 17 19 21 23 25 27 29 31 34 36 38 40 42 44 46 48 51 52 54 56 58 60 63 64 66 68 70 72 74 1
1 3 5 7 9 11 13 15 17 20 21 23 25 27 29 31 34 36 38 40 42 44 47 48 51 52 54 56 58 60 62 64 66 68 70 72 74 1
1 3 5 7 9 12 13 15 17 19 21 24 25 27 29 31 34 36 38 40 42 44 46 48 50 52 54 56 58 60 62 64 66 68 70 72 74 0
1 3 5 7 9 11 13 15 17 19 21 24 25 27 29 31 34 36 38 40 42 44 46 48 50 52 54 56 58 60 62 65 66 68 70 72 74 1
1 3 5 7 9 11 13 16 17 19 21 24 25 27 29 31 34 36 38 40 42 44 46 48 50 52 54 56 58 60 62 64 66 68 70 72 74 1
1 3 5 7 9 12 13 16 17 19 21 24 25 27 29 31 34 36 38 40 42 44 46 48 50 52 54 56 58 60 62 64 66 68 70 72 74 0
1 3 5 7 9 11 13 15 17 20 21 24 25 27 29 31 34 36 38 40 42 44 47 48 50 52 54 56 58 60 62 64 66 68 70 72 74 0
1 3 5 7 9 11 13 15 17 20 21 24 25 27 29 31 34 36 38 40 42 44 47 48 50 52 54 56 58 60 62 65 66 68 70 72 74 0
1 3 5 7 9 11 13 15 17 20 21 24 25 27 29 31 34 36 38 40 43 44 47 48 50 52 54 56 58 60 62 65 66 68 70 72 74 1
1 3 5 7 9 12 13 15 17 20 21 24 25 27 29 31 34 36 38 40 42 44 47 48 50 52 54 56 58 60 62 65 66 68 70 72 74 0
1 3 5 7 9 12 13 15 17 19 21 24 25 27 29 31 34 36 38 40 42 44 46 48 51 52 54 56 58 60 62 64 66 68 70 72 74 1
1 3 5 7 9 11 13 15 17 19 21 24 25 27 29 31 34 36 38 40 42 44 46 48 51 52 54 56 58 60 62 65 66 68 70 72 74 1
1 3 5 7 9 12 13 16 17 19 21 24 25 27 29 31 34 36 38 40 42 44 46 48 51 52 54 56 58 60 62 64 66 68 70 72 74 1
1 3 5 7 9 11 13 15 17 20 21 24 25 27 29 31 34 36 38 40 42 44 47 48 51 52 54 56 58 60 62 64 66 68 70 72 74 1
1 3 5 7 9 11 13 15 17 20 21 24 25 27 29 31 34 36 38 40 42 44 47 48 51 52 54 56 58 60 62 65 66 68 70 72 74 1
1 3 5 7 9 11 13 15 17 20 21 24 25 27 29 31 34 36 38 40 43 44 47 48 51 52 54 56 58 60 62 65 66 68 70 72 74 1
1 3 5 7 9 12 13 15 17 20 21 24 25 27 29 31 34 36 38 40 42 44 47 48 51 52 54 56 58 60 62 65 66 68 70 72 74 1
1 3 5 7 9 11 13 15 17 19 21 24 25 27 29 32 34 36 38 40 42 44 46 48 50 52 54 56 58 60 62 64 66 68 70 72 74 1
1 3 5 7 9 11 13 15 17 19 21 24 25 27 29 32 34 36 38 40 42 44 46 48 50 52 54 56 58 60 62 65 66 68 70 72 74 0
1 3 5 7 9 11 13 15 17 19 21 24 25 27 29 32 34 36 38 40 43 44 46 48 50 52 54 56 58 60 62 65 66 68 70 72 74 0
1 3 5 7 9 11 13 16 17 19 21 24 25 27 29 32 34 36 38 40 42 44 46 48 50 52 54 56 58 60 62 64 66 68 70 72 74 1
1 3 5 7 9 12 13 16 17 19 21 24 25 27 29 32 34 36 38 40 42 44 46 48 50 52 54 56 58 60 62 64 66 68 70 72 74 0
1 3 5 7 9 11 13 15 17 20 21 24 25 27 29 32 34 36 38 40 42 44 47 48 50 52 54 56 58 60 62 64 66 68 70 72 74 1
1 3 5 7 9 11 13 15 17 19 21 24 25 27 29 32 34 36 38 40 42 44 46 48 51 52 54 56 58 60 62 64 66 68 70 72 74 1
1 3 5 7 9 11 13 15 17 19 21 24 25 27 29 32 34 36 38 40 42 44 46 48 51 52 54 56 58 60 62 65 66 68 70 72 74 1
1 3 5 7 9 11 13 15 17 19 21 24 25 27 29 32 34 36 38 40 43 44 46 48 51 52 54 56 58 60 62 65 66 68 70 72 74 0
1 3 5 7 9 11 13 15 17 20 21 24 25 27 29 32 34 36 38 40 42 44 47 48 51 52 54 56 58 60 62 64 66 68 70 72 74 1
1 3 5 7 9 11 13 15 17 19 21 24 25 27 29 32 34 36 38 40 42 44 46 48 50 52 54 56 58 60 62 64 66 68 70 73 74 1
1 3 5 7 9 11 13 15 17 19 21 24 25 27 29 32 34 36 38 40 42 44 46 48 50 52 54 56 58 60 62 65 66 68 70 73 74 0
1 3 5 7 9 11 13 16 17 19 21 24 25 27 29 32 34 36 38 40 42 44 46 48 50 52 54 56 58 60 62 64 66 68 70 73 74 0
1 3 5 7 9 12 13 16 17 19 21 24 25 27 29 32 34 36 38 40 42 44 46 48 50 52 54 56 58 60 62 64 66 68 70 73 74 1
1 3 5 7 9 12 13 16 17 19 21 24 25 27 29 32 34 36 38 40 43 44 46 48 50 52 54 56 58 60 62 64 66 68 70 73 74 1
1 3 5 7 9 11 13 15 17 20 21 24 25 27 29 32 34 36 38 40 42 44 47 48 50 52 54 56 58 60 62 64 66 68 70 73 74 1
1 3 5 7 9 11 13 15 17 19 21 24 25 27 29 32 34 36 38 40 42 44 46 48 51 52 54 56 58 60 62 65 66 68 70 73 74 1
1 3 5 7 9 11 13 15 17 20 21 24 25 27 29 32 34 36 38 40 42 44 47 48 51 52 54 56 58 60 62 64 66 68 70 73 74 0
1 4 5 7 9 11 13 15 17 19 21 24 25 27 29 31 34 36 38 40 42 44 46 48 50 52 54 56 58 60 62 65 66 68 70 72 74 0
1 4 5 7 9 11 13 15 17 19 21 24 25 27 29 31 34 36 38 40 42 44 46 48 51 52 54 56 58 60 62 64 66 68 70 72 74 0
1 4 5 7 9 11 13 15 17 19 21 24 25 27 29 31 34 36 38 40 42 44 46 48 51 52 54 56 58 60 62 65 66 68 70 72 74 0
1 4 5 7 9 11 13 15 17 19 21 24 25 27 29 31 34 36 38 40 42 44 46 48 51 52 54 56 58 60 63 64 66 68 70 72 74 1
1 4 5 7 9 12 13 16 17 19 21 24 25 27 29 31 34 36 38 40 43 44 46 48 51 52 54 56 58 60 62 64 66 68 70 72 74 1
1 4 5 7 9 11 13 15 17 19 21 24 25 27 29 31 34 36 38 40 42 44 46 48 50 52 54 56 58 60 62 65 66 68 70 73 74 1
1 4 5 7 9 11 13 15 17 19 21 24 25 27 29 31 34 36 38 40 42 44 46 48 51 52 54 56 58 60 62 64 66 68 70 73 74 0
1 4 5 7 9 11 13 15 17 19 21 24 25 27 29 31 34 36 38 40 43 44 46 48 51 52 54 56 58 60 62 64 66 68 70 73 74 1
1 4 5 7 9 11 13 15 17 19 21 24 25 27 29 31 34 36 38 40 42 44 46 48 51 52 54 56 58 60 62 65 66 68 70 73 74 1
1 4 5 7 9 11 13 15 17 19 21 24 25 27 29 33 34 36 38 40 42 44 46 48 50 52 54 56 58 60 62 64 66 68 70 72 74 0
1 4 5 7 9 11 13 15 17 19 21 24 25 27 29 32 34 36 38 40 42 44 46 48 50 52 54 56 58 60 62 65 66 68 70 72 74 1
1 4 5 7 9 11 13 16 17 19 21 24 25 27 29 33 34 36 38 40 42 44 46 48 50 52 54 56 58 60 62 64 66 68 70 72 74 1
1 4 5 7 9 11 13 15 17 19 21 24 25 27 29 32 34 36 38 40 42 44 46 48 51 52 54 56 58 60 62 64 66 68 70 72 74 0
1 4 5 7 9 11 13 15 17 19 21 24 25 27 29 32 34 36 38 40 42 44 46 48 51 52 54 56 58 60 62 65 66 68 70 72 74 1
1 4 5 7 9 11 13 16 17 19 21 24 25 27 29 32 34 36 38 40 42 44 46 48 51 52 54 56 58 60 62 64 66 68 70 72 74 1
1 4 5 7 9 11 13 15 17 19 21 24 25 27 29 33 34 36 38 40 42 44 46 48 50 52 54 56 58 60 62 64 66 68 70 73 74 0
1 4 5 7 9 11 13 15 17 19 21 24 25 27 29 32 34 36 38 40 42 44 46 48 51 52 54 56 58 60 62 64 66 68 70 73 74 0
1 4 5 7 9 11 13 15 17 19 21 24 25 27 29 33 34 36 38 40 42 44 46 48 51 52 54 56 58 60 62 64 66 68 70 73 74 1
1 3 5 7 9 11 13 15 17 19 21 23 25 27 29 31 34 36 39 40 42 44 46 48 50 52 54 56 58 60 62 64 66 68 70 72 74 0
1 3 5 7 9 11 13 15 17 19 21 23 25 27 29 31 34 36 39 40 42 44 46 48 50 52 54 56 58 60 62 64 66 68 71 72 74 0
1 3 5 7 9 12 13 15 17 19 21 23 25 27 29 31 34 36 39 40 42 44 46 48 50 52 54 56 58 60 62 64 66 68 70 72 74 1
1 3 5 7 9 12 13 16 17 19 21 23 25 27 29 31 34 36 39 40 42 44 46 48 50 52 54 56 58 60 62 64 66 68 70 72 74 0
1 3 5 7 9 12 13 16 17 19 21 23 25 27 29 31 34 36 39 40 42 44 46 48 50 52 54 56 58 60 62 64 66 68 71 72 74 1
1 3 5 7 9 11 13 15 17 19 21 23 25 27 29 31 34 36 39 40 42 44 46 48 51 52 54 56 58 60 62 64 66 68 70 72 74 1
1 3 5 7 9 11 13 15 17 19 21 23 25 27 29 31 34 36 39 40 42 44 46 48 51 52 54 56 58 60 62 64 66 68 71 72 74 1
1 3 5 7 9 12 13 15 17 19 21 23 25 27 29 31 34 36 39 40 42 44 46 48 51 52 54 56 58 60 62 64 66 68 70 72 74 0
1 3 5 7 9 11 13 15 17 19 21 23 25 27 29 31 34 36 39 40 42 44 46 48 51 52 54 56 58 60 63 64 66 68 71 72 74 1
1 3 5 7 9 12 13 16 17 19 21 23 25 27 29 31 34 36 39 40 42 44 46 48 51 52 54 56 58 60 62 64 66 68 70 72 74 1
1 3 5 7 9 12 13 16 17 19 21 23 25 27 29 31 34 36 39 40 42 44 46 48 51 52 54 56 58 60 62 64 66 68 71 72 74 0
1 3 5 7 9 11 13 15 17 19 21 23 25 27 29 31 34 36 39 40 42 44 46 48 51 52 54 56 58 60 62 64 66 69 71 72 74 1
1 3 5 7 9 11 13 15 17 19 21 24 25 27 29 31 34 36 39 40 42 44 46 48 50 52 54 56 58 60 62 64 66 68 71 72 74 1
1 3 5 7 9 11 13 15 17 19 21 24 25 27 29 31 34 36 39 40 42 44 46 48 50 52 54 56 58 60 62 65 66 68 71 72 74 0
1 3 5 7 9 12 13 15 17 19 21 24 25 27 29 31 34 36 39 40 42 44 46 48 50 52 54 56 58 60 62 65 66 68 71 72 74 1
1 3 5 7 10 12 13 15 17 19 21 24 25 27 29 31 34 36 39 40 42 44 46 48 50 52 54 56 58 60 62 65 66 68 71 72 74 1
1 3 5 7 9 12 13 16 17 19 21 24 25 27 29 31 34 36 39 40 42 44 46 48 50 52 54 56 58 60 62 64 66 68 71 72 74 0
1 3 5 7 9 11 13 15 17 19 21 24 25 27 29 31 34 36 39 40 42 44 46 48 51 52 54 56 58 60 62 64 66 68 71 72 74 1
1 3 5 7 9 12 13 15 17 19 21 24 25 27 29 31 34 36 39 40 42 44 46 48 51 52 54 56 58 60 62 64 66 68 71 72 74 0
1 3 5 7 9 11 13 15 17 19 21 24 25 27 29 31 34 36 39 40 42 44 46 48 51 52 54 56 58 60 62 65 66 68 71 72 74 0
1 3 5 7 9 12 13 16 17 19 21 24 25 27 29 31 34 36 39 40 42 44 46 48 51 52 54 56 58 60 62 64 66 68 71 72 74 0
1 3 5 7 9 11 13 15 17 19 21 24 25 27 29 31 34 36 39 40 42 44 46 48 50 52 54 56 58 60 62 65 66 68 71 73 74 1
1 3 5 7 9 11 13 15 17 19 21 24 25 27 29 31 34 36 39 40 42 44 46 48 50 52 54 56 58 60 62 65 66 69 71 73 74 0
1 3 5 7 9 11 13 15 17 19 21 24 25 27 29 31 34 36 39 40 42 44 46 48 51 52 54 56 58 60 62 65 66 68 71 73 74 0
1 3 5 7 9 11 13 15 17 19 21 24 25 27 29 31 34 36 39 40 42 44 46 48 51 52 54 56 58 60 62 65 66 69 71 73 74 1
1 3 5 7 9 11 13 15 17 19 21 24 25 27 29 32 34 36 39 40 42 44 46 48 50 52 54 56 58 60 62 64 66 68 70 72 74 1
1 3 5 7 9 11 13 15 17 19 21 24 25 27 29 32 34 36 39 40 42 44 46 48 50 52 54 56 58 60 62 65 66 68 71 72 74 0
1 3 5 7 9 11 13 15 17 19 21 24 25 27 29 32 34 36 39 40 43 44 46 48 50 52 54 56 58 60 62 65 66 68 70 72 74 0
1 3 5 7 9 12 13 16 17 19 21 24 25 27 29 32 34 36 39 40 42 44 46 48 50 52 54 56 58 60 62 64 66 68 70 72 74 0
1 3 5 7 9 12 13 16 17 19 21 24 25 27 29 32 34 36 39 40 42 44 46 48 50 52 54 56 58 60 62 64 66 68 71 72 74 1
1 3 5 7 9 11 13 15 17 19 21 24 25 27 29 32 34 36 39 40 42 44 46 48 51 52 54 56 58 60 62 64 66 68 70 72 74 1
1 3 5 7 9 11 13 15 17 19 21 24 25 27 29 32 34 36 39 40 42 44 46 48 51 52 54 56 58 60 62 65 66 68 71 72 74 1
1 3 5 7 9 12 13 16 17 19 21 24 25 27 29 32 34 36 39 40 42 44 46 48 51 52 54 56 58 60 62 64 66 68 71 72 74 1
1 3 5 7 9 11 13 15 17 20 21 24 25 27 29 32 34 36 39 40 42 44 47 48 51 52 54 56 58 60 62 64 66 68 70 72 74 1
1 3 5 7 9 11 13 16 17 20 21 24 25 27 29 32 34 36 39 40 42 44 47 48 51 52 54 56 58 60 62 64 66 68 70 72 74 0
1 3 5 7 9 11 13 15 17 19 21 24 25 27 29 32 34 36 39 40 42 44 46 48 50 52 54 56 58 60 62 64 66 68 70 73 74 1
1 3 5 7 9 11 13 15 17 19 21 24 25 27 29 32 34 36 39 40 42 44 46 48 50 52 54 56 58 60 62 65 66 68 71 73 74 0
1 3 5 7 9 11 13 16 17 19 21 24 25 27 29 32 34 36 39 40 42 44 46 48 50 52 54 56 58 60 62 64 66 68 70 73 74 0
1 3 5 7 9 12 13 16 17 19 21 24 25 27 29 32 34 36 39 40 42 44 46 48 50 52 54 56 58 60 62 64 66 68 71 73 74 1
1 3 5 7 9 11 13 15 17 20 21 24 25 27 29 32 34 36 39 40 42 44 47 48 50 52 54 56 58 60 62 64 66 68 70 73 74 0
1 3 5 7 9 11 13 15 17 19 21 24 25 27 29 32 34 36 39 40 42 44 46 48 51 52 54 56 58 60 62 64 66 68 70 73 74 1
1 3 5 7 9 12 13 16 18 20 21 23 25 27 29 31 34 36 38 40 42 44 46 48 50 52 54 56 58 60 62 64 66 68 70 72 74 1
1 3 5 7 9 12 13 16 18 20 21 23 25 27 29 31 34 36 38 40 42 44 47 48 50 52 54 56 58 60 62 64 66 68 70 72 74 0
1 3 5 7 9 11 13 16 18 20 21 24 25 27 29 31 34 36 38 40 42 44 46 48 50 52 54 56 58 60 62 64 66 68 70 72 74 1
1 3 5 7 9 12 13 16 18 20 21 24 25 27 29 31 34 36 38 40 42 44 46 48 50 52 54 56 58 60 62 64 66 68 70 72 74 0
1 3 5 7 9 11 13 16 18 20 21 24 25 27 29 31 34 36 38 40 42 44 47 48 50 52 54 56 58 60 62 64 66 68 70 72 74 1
1 3 5 7 9 12 13 16 18 20 21 24 25 27 29 31 34 36 38 40 42 44 46 48 51 52 54 56 58 60 62 64 66 68 70 72 74 0
1 3 5 7 9 11 13 16 18 20 21 24 25 27 29 32 34 36 38 40 42 44 46 48 50 52 54 56 58 60 62 64 66 68 70 72 74 1
1 3 5 7 9 11 13 16 18 20 21 24 25 27 29 32 34 36 38 40 43 44 46 48 50 52 54 56 58 60 62 64 66 68 70 72 74 1
1 3 5 7 9 12 13 16 18 20 21 24 25 27 29 32 34 36 38 40 42 44 46 48 50 52 54 56 58 60 62 64 66 68 70 72 74 1
1 3 5 7 9 11 13 16 18 20 21 24 25 27 29 32 34 36 38 40 42 44 47 48 50 52 54 56 58 60 62 64 66 68 70 72 74 0
1 3 5 7 9 11 13 16 18 20 21 24 25 27 29 32 34 36 38 40 42 44 46 48 50 52 54 56 58 60 62 64 66 68 70 73 74 1
1 3 5 7 9 12 13 16 18 20 21 23 25 27 29 31 34 36 39 40 42 44 46 48 51 52 54 56 58 60 62 64 66 68 70 72 74 1
1 3 5 7 9 12 13 16 18 20 21 23 25 27 29 31 34 36 39 40 42 44 46 48 51 52 54 56 58 60 62 64 66 68 71 72 74 0
1 3 5 7 9 11 13 16 18 20 21 24 25 27 29 31 34 36 39 40 42 44 46 48 50 52 54 56 58 60 62 64 66 68 71 72 74 1
1 3 5 7 9 12 13 16 18 20 21 24 25 27 29 31 34 36 39 40 42 44 46 48 51 52 54 56 58 60 62 64 66 68 71 72 74 1
1 3 5 7 9 11 13 16 18 20 21 24 25 27 29 32 34 36 39 40 42 44 46 48 50 52 54 56 58 60 62 64 66 68 71 72 74 0
1 3 5 7 9 11 14 15 17 19 21 23 25 27 29 31 34 36 38 40 42 44 46 48 50 52 54 56 58 60 62 64 66 68 70 72 74 0
1 3 5 7 9 11 14 15 17 19 21 23 25 27 29 31 34 36 38 40 42 44 46 48 50 52 54 56 58 60 62 64 66 68 71 72 74 1
1 3 5 7 10 11 14 15 17 19 21 23 25 27 29 31 34 36 38 40 42 44 46 48 50 52 54 56 58 60 62 64 66 68 71 72 74 1
1 3 5 7 9 12 14 15 17 19 21 23 25 27 29 31 34 36 38 40 42 44 46 48 50 52 54 56 58 60 62 64 66 68 71 72 74 0
1 3 5 7 10 12 14 15 17 19 21 23 25 27 29 31 34 36 38 40 42 44 46 48 50 52 54 56 58 60 62 64 66 68 70 72 74 0
1 3 5 7 10 12 14 15 17 19 21 23 25 27 29 31 34 36 38 40 42 44 46 48 50 52 54 56 58 60 62 64 66 68 71 72 74 1
1 3 5 7 9 11 14 16 17 19 21 23 25 27 29 31 34 36 38 40 42 44 46 48 50 52 54 56 58 60 62 64 66 68 71 72 74 0
1 3 5 7 9 12 14 16 17 19 21 23 25 27 29 31 34 36 38 40 42 44 46 48 50 52 54 56 58 60 62 64 66 68 70 72 74 0
1 3 5 7 9 12 14 16 17 19 21 23 25 27 29 31 34 36 38 40 42 44 46 48 50 52 54 56 58 60 62 64 66 68 71 72 74 1
1 3 5 7 9 11 14 15 17 19 21 23 25 27 29 31 34 36 38 40 42 44 46 48 50 52 54 56 58 60 62 64 66 69 71 72 74 1
1 3 5 7 9 11 14 15 17 20 21 23 25 27 29 31 34 36 38 40 42 44 47 48 50 52 54 56 58 60 62 64 66 68 70 72 74 1
1 3 5 7 9 12 14 16 17 20 21 23 25 27 29 31 34 36 38 40 42 44 47 48 50 52 54 56 58 60 62 64 66 68 70 72 74 1
1 3 5 7 9 11 14 15 17 19 21 23 25 27 29 31 34 36 38 40 42 44 46 48 51 52 54 56 58 60 62 64 66 68 70 72 74 1
1 3 5 7 9 11 14 15 17 19 21 23 25 27 29 31 34 36 38 40 42 44 46 48 51 52 54 56 58 60 62 64 66 68 71 72 74 0
1 3 5 8 9 11 14 15 17 19 21 23 25 27 29 31 34 36 38 40 42 44 46 48 51 52 54 56 58 60 62 64 66 68 71 72 74 0
1 3 5 7 10 11 14 15 17 19 21 23 25 27 29 31 34 36 38 40 42 44 46 48 51 52 54 56 58 60 62 64 66 68 71 72 74 1
1 3 5 8 9 12 14 16 17 19 21 23 25 27 29 31 34 36 38 40 42 44 46 48 51 52 54 56 58 60 62 64 66 68 71 72 74 1
1 3 5 7 9 11 14 15 17 19 21 23 25 27 29 31 34 36 38 40 42 44 46 48 51 52 54 56 58 60 62 64 66 69 71 72 74 0
1 3 5 7 9 11 14 15 17 20 21 23 25 27 29 31 34 36 38 40 42 44 47 48 51 52 54 56 58 60 62 64 66 68 70 72 74 1
1 3 5 7 9 11 14 15 17 19 21 24 25 27 29 31 34 36 38 40 42 44 46 48 50 52 54 56 58 60 62 65 66 68 70 72 74 0
1 3 5 7 9 11 14 15 17 19 21 24 25 27 29 31 34 36 38 40 42 44 46 48 50 52 54 56 58 60 62 65 66 68 71 72 74 0
1 3 5 7 10 11 14 15 17 19 21 24 25 27 29 31 34 36 38 40 42 44 46 48 50 52 54 56 58 60 62 65 66 68 70 72 74 0
1 3 5 7 10 11 14 15 17 19 21 24 25 27 29 31 34 36 38 40 42 44 46 48 50 52 54 56 58 60 62 65 66 68 71 72 74 0
1 3 5 7 9 11 14 16 17 19 21 24 25 27 29 31 34 36 38 40 42 44 46 48 50 52 54 56 58 60 62 64 66 68 70 72 74 1
1 3 5 7 9 12 14 16 17 19 21 24 25 27 29 31 34 36 38 40 42 44 46 48 50 52 54 56 58 60 62 64 66 68 70 72 74 1
1 3 5 7 9 12 14 16 17 19 21 24 25 27 29 31 34 36 38 40 42 44 46 48 50 52 54 56 58 60 62 64 66 68 71 72 74 1
1 3 5 7 9 11 14 16 17 19 21 24 25 27 29 31 34 36 38 40 43 44 46 48 50 52 54 56 58 60 62 65 66 68 70 72 74 1
1 3 5 7 9 11 14 15 17 20 21 24 25 27 29 31 34 36 38 40 42 44 47 48 50 52 54 56 58 60 62 65 66 68 70 72 74 0
1 3 5 7 9 11 14 15 17 20 21 24 25 27 29 31 34 36 38 40 42 44 47 48 50 52 54 56 58 60 62 65 66 68 71 72 74 0
1 3 5 7 9 11 14 15 17 20 21 24 25 27 29 31 34 36 38 40 43 44 47 48 50 52 54 56 58 60 62 65 66 68 70 72 74 0
1 3 5 7 9 11 14 16 17 20 21 24 25 27 29 31 34 36 38 40 42 44 47 48 50 52 54 56 58 60 62 64 66 68 70 72 74 1
1 3 5 7 9 12 14 16 17 20 21 24 25 27 29 31 34 36 38 40 42 44 47 48 50 52 54 56 58 60 62 65 66 68 71 72 74 0
1 3 5 7 9 11 14 15 17 19 21 24 25 27 29 31 34 36 38 40 42 44 46 48 51 52 54 56 58 60 62 65 66 68 70 72 74 1
1 3 5 7 9 11 14 16 17 19 21 24 25 27 29 31 34 36 38 40 43 44 46 48 51 52 54 56 58 60 62 65 66 68 70 72 74 0
1 3 5 7 9 11 14 15 17 20 21 24 25 27 29 31 34 36 38 40 42 44 47 48 51 52 54 56 58 60 62 65 66 68 70 72 74 0
1 3 5 7 9 11 14 16 17 20 21 24 25 27 29 31 34 36 38 40 42 44 47 48 51 52 54 56 58 60 62 64 66 68 70 72 74 0
1 3 5 7 9 11 14 15 17 19 21 24 25 27 29 31 34 36 38 40 42 44 46 48 50 52 54 56 58 60 62 65 66 68 70 73 74 0
1 3 5 7 9 11 14 15 17 19 21 24 25 27 29 31 34 36 38 40 42 44 46 48 50 52 54 56 58 60 62 65 66 68 71 73 74 0
1 3 5 7 9 11 14 16 17 19 21 24 25 27 29 31 34 36 38 40 42 44 46 48 50 52 54 56 58 60 62 64 66 68 70 73 74 1
1 3 5 7 9 11 14 16 17 19 21 24 25 27 29 31 34 36 38 40 42 44 46 48 50 52 54 56 58 60 62 64 66 68 71 73 74 0
1 3 5 7 9 12 14 16 17 19 21 24 25 27 29 31 34 36 38 40 42 44 46 48 50 52 54 56 58 60 62 64 66 68 70 73 74 1
1 3 5 7 9 12 14 16 17 19 21 24 25 27 29 31 34 36 38 40 42 44 46 48 50 52 54 56 58 60 62 64 66 68 71 73 74 0
1 3 5 7 9 11 14 16 17 19 21 24 25 27 29 31 34 36 38 40 43 44 46 48 50 52 54 56 58 60 62 65 66 68 70 73 74 1
1 3 5 7 9 11 14 15 17 20 21 24 25 27 29 31 34 36 38 40 42 44 47 48 50 52 54 56 58 60 62 65 66 68 70 73 74 1
1 3 5 7 9 11 14 16 17 20 21 24 25 27 29 31 34 36 38 40 42 44 47 48 50 52 54 56 58 60 62 64 66 68 70 73 74 0
1 3 5 7 9 11 14 16 17 20 21 24 25 27 29 31 34 36 38 40 43 44 47 48 50 52 54 56 58 60 62 64 66 68 70 73 74 1
1 3 5 7 9 11 14 15 17 19 21 24 25 27 29 31 34 36 38 40 42 44 46 48 51 52 54 56 58 60 62 65 66 68 70 73 74 0
1 3 5 7 9 11 14 15 17 19 21 24 25 27 29 32 34 36 38 40 42 44 46 48 50 52 54 56 58 60 62 65 66 68 70 72 74 0
1 3 5 7 9 11 14 15 17 19 21 24 25 27 29 32 34 36 38 40 42 44 46 48 50 52 54 56 58 60 62 65 66 68 71 72 74 0
1 3 5 7 9 11 14 15 17 19 21 24 25 27 29 32 34 36 38 40 43 44 46 48 50 52 54 56 58 60 62 65 66 68 70 72 74 1
1 3 5 7 9 11 14 15 17 19 21 24 25 27 29 32 34 36 38 40 43 44 46 48 50 52 54 56 58 60 62 65 66 68 71 72 74 1
1 3 5 7 9 11 14 16 17 19 21 24 25 27 29 32 34 36 38 40 42 44 46 48 50 52 54 56 58 60 62 64 66 68 70 72 74 0
1 3 5 7 9 12 14 16 17 19 21 24 25 27 29 32 34 36 38 40 42 44 46 48 50 52 54 56 58 60 62 64 66 68 70 72 74 1
1 3 5 7 9 12 14 16 17 19 21 24 25 27 29 32 34 36 38 40 42 44 46 48 50 52 54 56 58 60 62 64 66 68 71 72 74 1
1 3 5 7 9 11 14 16 17 20 21 24 25 27 29 32 34 36 38 40 42 44 47 48 50 52 54 56 58 60 62 64 66 68 70 72 74 1
1 3 5 7 9 11 14 15 17 19 21 24 25 27 29 32 34 36 38 40 42 44 46 48 51 52 54 56 58 60 62 65 66 68 70 72 74 0
1 3 5 7 9 11 14 15 17 19 21 24 25 27 29 32 34 36 38 40 43 44 46 48 51 52 54 56 58 60 62 65 66 68 70 72 74 1
1 3 5 7 9 11 14 16 17 20 21 24 25 27 29 32 34 36 38 40 42 44 47 48 51 52 54 56 58 60 62 64 66 68 70 72 74 0
1 3 5 7 9 11 14 15 17 19 21 24 25 27 29 32 34 36 38 40 42 44 46 48 50 52 54 56 58 60 62 65 66 68 70 73 74 1
1 3 5 7 9 11 14 15 17 19 21 24 25 27 29 32 34 36 38 40 42 44 46 48 50 52 54 56 58 60 62 65 66 68 71 73 74 0
1 3 5 7 9 11 14 16 17 19 21 24 25 27 29 32 34 36 38 40 42 44 46 48 50 52 54 56 58 60 62 64 66 68 70 73 74 1
1 3 5 7 9 12 14 16 17 19 21 24 25 27 29 32 34 36 38 40 42 44 46 48 50 52 54 56 58 60 62 64 66 68 70 73 74 0
1 3 5 7 9 12 14 16 17 19 21 24 25 27 29 32 34 36 38 40 42 44 46 48 50 52 54 56 58 60 62 64 66 68 71 73 74 1
1 3 5 7 9 11 14 16 17 20 21 24 25 27 29 32 34 36 38 40 42 44 47 48 50 52 54 56 58 60 62 64 66 68 70 73 74 1
1 3 5 7 9 11 14 15 17 19 21 24 25 27 29 32 34 36 38 40 42 44 46 48 51 52 54 56 58 60 62 65 66 68 70 73 74 0
1 4 5 7 9 12 14 15 17 19 21 24 25 27 29 31 34 36 38 40 42 44 46 48 50 52 54 56 58 60 62 64 66 68 71 72 74 0
1 4 5 7 9 11 14 15 17 19 21 24 25 27 29 31 34 36 38 40 42 44 46 48 50 52 54 56 58 60 62 65 66 68 70 72 74 0
1 4 5 7 9 11 14 16 17 19 21 24 25 27 29 31 34 36 38 40 42 44 46 48 50 52 54 56 58 60 62 64 66 68 70 72 74 0
1 4 5 7 9 12 14 15 17 20 21 24 25 27 29 31 34 36 38 40 42 44 47 48 50 52 54 56 58 60 62 64 66 68 70 72 74 0
1 4 5 7 9 12 14 16 17 20 21 24 25 27 29 31 34 36 38 40 42 44 47 48 50 52 54 56 58 60 62 64 66 68 70 72 74 0
1 4 5 7 9 11 14 15 17 19 21 24 25 27 29 31 34 36 38 40 42 44 46 48 51 52 54 56 58 60 62 65 66 68 70 72 74 0
1 4 5 7 9 11 14 16 17 19 21 24 25 27 29 31 34 36 38 40 42 44 46 48 51 52 54 56 58 60 62 64 66 68 70 72 74 0
1 4 5 7 9 12 14 16 17 19 21 24 25 27 29 31 34 36 38 40 42 44 46 48 51 52 54 56 58 60 62 64 66 68 70 72 74 1
1 4 5 7 9 11 14 15 17 19 21 24 25 27 29 31 34 36 38 40 42 44 46 48 50 52 54 56 58 60 62 65 66 68 70 73 74 1
1 4 5 7 9 11 14 16 17 19 21 24 25 27 29 31 34 36 38 40 42 44 46 48 50 52 54 56 58 60 62 64 66 68 70 73 74 1
1 4 5 7 9 11 14 15 17 19 21 24 25 27 29 31 34 36 38 40 42 44 46 48 51 52 54 56 58 60 62 65 66 68 70 73 74 1
1 4 5 7 9 12 14 15 17 19 21 24 25 27 29 33 34 36 38 40 42 44 46 48 50 52 54 56 58 60 62 64 66 68 71 72 74 1
1 4 5 7 9 11 14 15 17 19 21 24 25 27 29 32 34 36 38 40 42 44 46 48 50 52 54 56 58 60 62 65 66 68 70 72 74 0
1 4 5 7 9 11 14 15 17 19 21 24 25 27 29 33 34 36 38 40 42 44 46 48 50 52 54 56 58 60 62 65 66 68 70 72 74 1
1 4 5 7 9 11 14 16 17 19 21 24 25 27 29 32 34 36 38 40 42 44 46 48 50 52 54 56 58 60 62 64 66 68 70 72 74 0
1 4 5 7 9 11 14 16 17 19 21 24 25 27 29 33 34 36 38 40 42 44 46 48 50 52 54 56 58 60 62 64 66 68 70 72 74 0
1 4 5 7 9 11 14 15 17 19 21 24 25 27 29 33 34 36 38 40 42 44 46 48 51 52 54 56 58 60 62 64 66 68 70 72 74 0
1 4 5 7 9 11 14 15 17 19 21 24 25 27 29 32 34 36 38 40 42 44 46 48 51 52 54 56 58 60 62 65 66 68 70 72 74 1
1 4 5 7 9 11 14 16 17 19 21 24 25 27 29 32 34 36 38 40 42 44 46 48 51 52 54 56 58 60 62 64 66 68 70 72 74 0
1 4 5 7 9 11 14 16 17 19 21 24 25 27 29 33 34 36 38 40 42 44 46 48 51 52 54 56 58 60 62 64 66 68 70 72 74 1
1 4 5 7 9 12 14 16 17 19 21 24 25 27 29 32 34 36 38 40 42 44 46 48 51 52 54 56 58 60 62 64 66 68 70 72 74 0
1 4 5 7 9 11 14 16 17 19 21 24 25 27 29 32 34 36 38 40 42 44 46 48 50 52 54 56 58 60 62 64 66 68 70 73 74 1
1 3 5 7 9 11 14 15 17 19 21 23 25 27 29 31 34 36 39 40 42 44 46 48 50 52 54 56 58 60 62 64 66 68 70 72 74 0
1 3 5 7 9 11 14 15 17 19 21 23 25 27 29 31 34 36 39 40 42 44 46 48 50 52 54 56 58 60 62 64 66 68 71 72 74 0
1 3 5 7 10 11 14 15 17 19 21 23 25 27 29 31 34 36 39 40 42 44 46 48 50 52 54 56 58 60 62 64 66 68 71 72 74 1
1 3 5 7 9 12 14 15 17 19 21 23 25 27 29 31 34 36 39 40 42 44 46 48 50 52 54 56 58 60 62 64 66 68 71 72 74 1
1 3 5 7 10 12 14 15 17 19 21 23 25 27 29 31 34 36 39 40 42 44 46 48 50 52 54 56 58 60 62 64 66 68 70 72 74 0
1 3 5 7 9 11 14 16 17 19 21 23 25 27 29 31 34 36 39 40 42 44 46 48 50 52 54 56 58 60 62 64 66 68 70 72 74 1
1 3 5 7 9 11 14 16 17 19 21 23 25 27 29 31 34 36 39 40 42 44 46 48 50 52 54 56 58 60 62 64 66 68 71 72 74 0
1 3 5 7 9 12 14 16 17 19 21 23 25 27 29 31 34 36 39 40 42 44 46 48 50 52 54 56 58 60 62 64 66 68 70 72 74 0
1 3 5 7 9 12 14 16 17 19 21 23 25 27 29 31 34 36 39 40 42 44 46 48 50 52 54 56 58 60 62 64 66 68 71 72 74 0
1 3 5 7 9 11 14 15 17 19 21 23 25 27 29 31 34 36 39 40 42 44 46 48 50 52 54 56 58 60 62 64 66 69 71 72 74 1
1 3 5 7 9 11 14 15 17 19 21 23 25 27 29 31 34 36 39 40 42 44 46 48 51 52 54 56 58 60 62 64 66 68 70 72 74 1
1 3 5 7 9 11 14 15 17 19 21 23 25 27 29 31 34 36 39 40 42 44 46 48 51 52 54 56 58 60 62 64 66 68 71 72 74 1
1 3 5 8 9 11 14 15 17 19 21 23 25 27 29 31 34 36 39 40 42 44 46 48 51 52 54 56 58 60 62 64 66 68 71 72 74 1
1 3 5 7 10 11 14 15 17 19 21 23 25 27 29 31 34 36 39 40 42 44 46 48 51 52 54 56 58 60 62 64 66 68 71 72 74 0
1 3 5 7 10 12 14 15 17 19 21 23 25 27 29 31 34 36 39 40 42 44 46 48 51 52 54 56 58 60 62 64 66 68 71 72 74 1
1 3 5 8 9 12 14 16 17 19 21 23 25 27 29 31 34 36 39 40 42 44 46 48 51 52 54 56 58 60 62 64 66 68 71 72 74 0
1 3 5 7 9 11 14 15 17 19 21 23 25 27 29 31 34 36 39 40 42 44 46 48 51 52 54 56 58 60 62 64 66 69 71 72 74 1
1 3 5 7 9 11 14 15 17 19 21 24 25 27 29 31 34 36 39 40 42 44 46 48 50 52 54 56 58 60 62 65 66 68 71 72 74 0
1 3 5 7 9 12 14 16 17 19 21 24 25 27 29 31 34 36 39 40 42 44 46 48 50 52 54 56 58 60 62 64 66 68 71 72 74 1
1 3 5 7 9 11 14 15 17 19 21 24 25 27 29 31 34 36 39 40 42 44 46 48 51 52 54 56 58 60 62 65 66 68 71 72 74 0
1 3 5 7 10 11 14 15 17 19 21 24 25 27 29 31 34 36 39 40 42 44 46 48 51 52 54 56 58 60 62 65 66 68 71 72 74 1
1 3 5 7 9 11 14 16 17 19 21 24 25 27 29 31 34 36 39 40 42 44 46 48 51 52 54 56 58 60 62 64 66 68 71 72 74 1
1 3 5 7 9 12 14 16 17 19 21 24 25 27 29 31 34 36 39 40 42 44 46 48 51 52 54 56 58 60 62 64 66 68 71 72 74 0
1 3 5 7 9 11 14 15 17 20 21 24 25 27 29 31 34 36 39 40 42 44 47 48 51 52 54 56 58 60 62 65 66 68 71 72 74 0
1 3 5 7 9 11 14 15 17 19 21 24 25 27 29 31 34 36 39 40 42 44 46 48 50 52 54 56 58 60 62 65 66 68 71 73 74 0
1 3 5 7 9 11 14 16 17 19 21 24 25 27 29 31 34 36 39 40 43 44 46 48 50 52 54 56 58 60 62 64 66 68 71 73 74 1
1 3 5 7 9 12 14 16 17 19 21 24 25 27 29 31 34 36 39 40 42 44 46 48 50 52 54 56 58 60 62 64 66 68 71 73 74 1
1 3 5 7 9 11 14 15 17 19 21 24 25 27 29 31 34 36 39 40 42 44 46 48 50 52 54 56 58 60 62 65 66 69 71 73 74 0
1 3 5 7 9 11 14 15 17 19 21 24 25 27 29 31 34 36 39 40 42 44 46 48 51 52 54 56 58 60 62 65 66 68 71 73 74 0
1 3 5 7 9 11 14 16 17 19 21 24 25 27 29 31 34 36 39 40 42 44 46 48 51 52 54 56 58 60 62 64 66 68 71 73 74 0
1 3 5 7 9 12 14 16 17 19 21 24 25 27 29 31 34 36 39 40 42 44 46 48 51 52 54 56 58 60 62 64 66 68 71 73 74 0
1 3 5 7 9 11 14 15 17 19 21 24 25 27 29 31 34 36 39 40 42 44 46 48 51 52 54 56 58 60 62 65 66 69 71 73 74 1
1 3 5 7 9 11 14 15 17 19 21 24 25 27 29 32 34 36 39 40 42 44 46 48 50 52 54 56 58 60 62 65 66 68 71 72 74 1
1 3 5 7 9 12 14 16 17 19 21 24 25 27 29 32 34 36 39 40 42 44 46 48 50 52 54 56 58 60 62 64 66 68 70 72 74 0
1 3 5 7 9 12 14 16 17 19 21 24 25 27 29 32 34 36 39 40 42 44 46 48 50 52 54 56 58 60 62 64 66 68 71 72 74 1
1 3 5 7 9 11 14 16 17 20 21 24 25 27 29 32 34 36 39 40 42 44 47 48 50 52 54 56 58 60 62 64 66 68 70 72 74 1
1 3 5 7 9 11 14 15 17 19 21 24 25 27 29 32 34 36 39 40 42 44 46 48 51 52 54 56 58 60 62 65 66 68 71 72 74 1
1 3 5 7 9 11 14 16 17 19 21 24 25 27 29 32 34 36 39 40 42 44 46 48 51 52 54 56 58 60 62 64 66 68 71 72 74 1
1 3 5 7 9 12 14 16 17 19 21 24 25 27 29 32 34 36 39 40 42 44 46 48 51 52 54 56 58 60 62 64 66 68 70 72 74 0
1 3 5 7 9 12 14 16 17 19 21 24 25 27 29 32 34 36 39 40 42 44 46 48 51 52 54 56 58 60 62 64 66 68 71 72 74 1
1 3 5 7 9 12 14 16 17 19 21 24 25 27 29 32 34 36 39 40 42 44 46 48 50 52 54 56 58 60 62 64 66 68 71 73 74 1
1 3 5 7 9 11 14 16 17 19 21 24 25 27 29 32 34 36 39 40 42 44 46 48 51 52 54 56 58 60 62 64 66 68 70 73 74 1
1 3 5 7 9 11 14 16 17 19 21 24 25 27 29 32 34 36 39 40 42 44 46 48 51 52 54 56 58 60 62 64 66 68 71 73 74 1
1 3 5 7 9 12 14 16 17 19 21 24 25 27 29 32 34 36 39 40 42 44 46 48 51 52 54 56 58 60 62 64 66 68 70 73 74 0
1 4 5 7 9 12 14 15 17 19 21 24 25 27 29 31 34 36 39 40 42 44 46 48 50 52 54 56 58 60 62 64 66 68 71 72 74 0
1 3 5 7 9 11 14 16 18 20 21 23 25 27 29 31 34 36 38 40 42 44 46 48 50 52 54 56 58 60 62 64 66 68 71 72 74 1
1 3 5 7 9 12 14 16 18 20 21 23 25 27 29 31 34 36 38 40 42 44 46 48 50 52 54 56 58 60 62 64 66 68 70 72 74 0
1 3 5 7 9 12 14 16 18 20 21 23 25 27 29 31 34 36 38 40 42 44 46 48 50 52 54 56 58 60 62 64 66 68 71 72 74 0
1 3 5 7 9 11 14 16 18 20 21 23 25 27 29 31 34 36 38 40 42 44 47 48 50 52 54 56 58 60 62 64 66 68 70 72 74 0
1 3 5 7 9 12 14 16 18 20 21 23 25 27 29 31 34 36 38 40 42 44 47 48 50 52 54 56 58 60 62 64 66 68 70 72 74 1
1 3 5 7 9 11 14 16 18 20 21 24 25 27 29 31 34 36 38 40 42 44 46 48 50 52 54 56 58 60 62 64 66 68 71 72 74 0
1 3 5 7 10 11 14 16 18 20 21 24 25 27 29 31 34 36 38 40 42 44 46 48 50 52 54 56 58 60 62 64 66 68 71 72 74 0
1 3 5 7 9 11 14 16 18 20 21 24 25 27 29 31 34 36 38 40 42 44 47 48 50 52 54 56 58 60 62 64 66 68 70 72 74 1
1 3 5 7 9 11 14 16 18 20 21 24 25 27 29 31 34 36 38 40 42 44 46 48 50 52 54 56 58 60 62 64 66 68 71 73 74 0
1 3 5 7 9 11 14 16 18 20 21 24 25 27 29 31 34 36 38 40 42 44 47 48 50 52 54 56 58 60 62 64 66 68 70 73 74 1
1 3 5 7 9 11 14 16 18 20 21 24 25 27 29 32 34 36 38 40 42 44 46 48 50 52 54 56 58 60 62 64 66 68 71 72 74 1
1 3 5 7 9 11 14 16 18 20 21 24 25 27 29 32 34 36 38 40 42 44 47 48 50 52 54 56 58 60 62 64 66 68 70 72 74 1
1 3 5 7 9 11 14 16 18 20 21 24 25 27 29 32 34 36 38 40 42 44 46 48 50 52 54 56 58 60 62 64 66 68 70 73 74 1
1 4 5 7 9 12 14 16 18 20 21 24 25 27 29 31 34 36 38 40 42 44 46 48 50 52 54 56 58 60 62 64 66 68 70 72 74 1
1 3 5 7 9 12 14 16 18 20 21 23 25 27 29 31 34 36 39 40 42 44 46 48 50 52 54 56 58 60 62 64 66 68 71 72 74 0
1 3 5 7 9 11 14 16 18 20 21 24 25 27 29 31 34 36 39 40 42 44 46 48 51 52 54 56 58 60 62 64 66 68 71 72 74 0
1 4 5 7 9 11 14 15 17 19 21 24 25 27 29 31 34 36 38 40 42 44 46 49 50 52 54 56 58 60 62 65 66 68 70 72 74 1
1 3 5 7 9 11 13 15 17 19 21 23 25 27 29 31 34 36 38 40 42 44 46 48 50 52 55 56 58 60 62 64 66 68 70 72 74 1
1 3 5 7 9 12 13 15 17 19 21 23 25 27 29 31 34 36 38 40 42 44 46 48 50 52 55 56 58 60 62 64 66 68 70 72 74 0
1 3 5 7 9 12 13 16 17 19 21 23 25 27 29 31 34 36 38 40 42 44 46 48 50 52 55 56 58 60 62 64 66 68 70 72 74 1
1 3 5 7 9 11 13 15 17 20 21 23 25 27 29 31 34 36 38 40 42 44 47 48 50 52 55 56 58 60 62 64 66 68 70 72 74 0
1 3 5 7 9 12 13 15 17 20 21 23 25 27 29 31 34 36 38 40 42 44 47 48 50 52 55 56 58 60 62 64 66 68 70 72 74 0
1 3 5 7 9 11 13 15 17 19 21 23 25 27 29 31 34 36 38 40 42 44 46 48 51 52 55 56 58 60 62 64 66 68 70 72 74 0
1 3 5 7 9 12 13 15 17 19 21 23 25 27 29 31 34 36 38 40 42 44 46 48 51 52 55 56 58 60 62 64 66 68 70 72 74 0
1 3 5 7 9 11 13 15 17 19 21 23 25 27 29 31 34 36 38 40 42 44 46 48 51 52 55 56 58 60 63 64 66 68 70 72 74 1
1 3 5 7 9 12 13 16 17 19 21 23 25 27 29 31 34 36 38 40 42 44 46 48 51 52 55 56 58 60 62 64 66 68 70 72 74 0
1 3 5 7 9 11 13 15 17 20 21 23 25 27 29 31 34 36 38 40 42 44 47 48 51 52 55 56 58 60 62 64 66 68 70 72 74 0
1 3 5 7 9 12 13 15 17 20 21 23 25 27 29 31 34 36 38 40 42 44 47 48 51 52 55 56 58 60 62 64 66 68 70 72 74 1
1 3 5 7 9 11 13 16 17 20 21 23 25 27 29 31 34 36 38 40 42 44 47 48 51 52 55 56 58 60 62 64 66 68 70 72 74 1
1 3 5 7 9 11 13 15 17 19 21 23 25 27 29 31 34 36 39 40 42 44 46 48 50 52 55 56 58 60 62 64 66 68 70 72 74 1
1 3 5 7 9 11 13 15 17 19 21 23 25 27 29 31 34 36 39 40 42 44 46 48 50 52 55 56 58 60 62 64 66 68 71 72 74 0
1 3 5 7 9 12 13 15 17 19 21 23 25 27 29 31 34 36 39 40 42 44 46 48 50 52 55 56 58 60 62 64 66 68 70 72 74 0
1 3 5 7 9 12 13 16 17 19 21 23 25 27 29 31 34 36 39 40 42 44 46 48 50 52 55 56 58 60 62 64 66 68 70 72 74 1
1 3 5 7 9 12 13 16 17 19 21 23 25 27 29 31 34 36 39 40 42 44 46 48 50 52 55 56 58 60 62 64 66 68 71 72 74 0
1 3 5 7 9 11 13 15 17 19 21 23 25 27 29 31 34 36 39 40 42 44 46 48 50 52 55 56 58 60 62 64 66 69 71 72 74 0
1 3 6 7 9 11 13 15 17 19 21 23 25 27 29 31 34 36 39 40 42 44 46 48 50 52 55 56 58 60 62 64 66 69 71 72 74 1
1 3 5 7 9 11 13 15 17 20 21 23 25 27 29 31 34 36 39 40 42 44 47 48 50 52 55 56 58 60 62 64 66 68 70 72 74 1
1 3 5 7 9 12 13 15 17 20 21 23 25 27 29 31 34 36 39 40 42 44 47 48 50 52 55 56 58 60 62 64 66 68 70 72 74 1
1 3 5 7 9 11 13 15 17 19 21 23 25 27 29 31 34 36 39 40 42 44 46 48 51 52 55 56 58 60 62 64 66 68 70 72 74 1
1 3 5 7 9 11 13 15 17 19 21 23 25 27 29 31 34 36 39 40 42 44 46 48 51 52 55 56 58 60 62 64 66 68 71 72 74 1
1 3 5 7 9 12 13 15 17 19 21 23 25 27 29 31 34 36 39 40 42 44 46 48 51 52 55 56 58 60 62 64 66 68 70 72 74 0
1 3 5 7 9 11 13 15 17 19 21 23 25 27 29 31 34 36 39 40 42 44 46 48 51 52 55 56 58 60 63 64 66 68 71 72 74 1
1 3 5 7 9 12 13 16 17 19 21 23 25 27 29 31 34 36 39 40 42 44 46 48 51 52 55 56 58 60 62 64 66 68 70 72 74 0
1 3 5 7 9 12 13 16 17 19 21 23 25 27 29 31 34 36 39 40 42 44 46 48 51 52 55 56 58 60 62 64 66 68 71 72 74 0
1 3 5 7 9 11 13 15 17 19 21 23 25 27 29 31 34 36 39 40 42 44 46 48 51 52 55 56 58 60 62 64 66 69 71 72 74 0
1 3 5 7 9 11 13 15 17 20 21 23 25 27 29 31 34 36 39 40 42 44 47 48 51 52 55 56 58 60 62 64 66 68 70 72 74 0
1 3 5 7 9 12 13 16 18 20 21 23 25 27 29 31 34 36 38 40 42 44 46 48 50 52 55 56 58 60 62 64 66 68 70 72 74 1
1 3 5 7 9 12 13 16 18 20 21 23 25 27 29 31 34 36 38 40 42 44 47 48 50 52 55 56 58 60 62 64 66 68 70 72 74 1
1 3 5 7 9 12 13 16 18 20 21 23 25 27 29 31 34 36 38 40 42 44 46 48 51 52 55 56 58 60 62 64 66 68 70 72 74 0
1 3 5 7 9 12 13 16 18 20 21 23 25 27 29 31 34 36 39 40 42 44 46 48 51 52 55 56 58 60 62 64 66 68 70 72 74 0
1 3 5 7 9 11 13 15 17 19 21 23 25 27 29 31 34 37 38 40 42 44 46 49 50 52 55 56 58 60 62 64 66 68 70 72 74 1
1 3 5 7 9 11 13 15 17 19 21 23 25 27 29 31 34 37 38 40 42 44 46 49 51 52 55 56 58 60 62 64 66 68 70 72 74 1
1 3 5 7 9 11 14 15 17 19 21 23 25 27 29 31 34 36 38 40 42 44 46 48 50 52 55 56 58 60 62 64 66 68 70 72 74 0
1 3 5 7 9 11 14 15 17 19 21 23 25 27 29 31 34 36 38 40 42 44 46 48 50 52 55 56 58 60 62 64 66 68 71 72 74 1
1 3 6 7 10 11 14 15 17 19 21 23 25 27 29 31 34 36 38 40 42 44 46 48 50 52 55 56 58 60 62 64 66 68 71 72 74 1
1 3 5 7 9 12 14 15 17 19 21 23 25 27 29 31 34 36 38 40 42 44 46 48 50 52 55 56 58 60 62 64 66 68 70 72 74 0
1 3 5 7 9 12 14 15 17 19 21 23 25 27 29 31 34 36 38 40 42 44 46 48 50 52 55 56 58 60 62 64 66 68 71 72 74 0
1 3 5 7 10 12 14 15 17 19 21 23 25 27 29 31 34 36 38 40 42 44 46 48 50 52 55 56 58 60 62 64 66 68 70 72 74 0
1 3 5 7 10 12 14 15 17 19 21 23 25 27 29 31 34 36 38 40 42 44 46 48 50 52 55 56 58 60 62 64 66 68 71 72 74 1
1 3 5 7 9 12 14 16 17 19 21 23 25 27 29 31 34 36 38 40 42 44 46 48 50 52 55 56 58 60 62 64 66 68 70 72 74 0
1 3 5 7 9 12 14 16 17 19 21 23 25 27 29 31 34 36 38 40 42 44 46 48 50 52 55 56 58 60 62 64 66 68 71 72 74 1
1 3 5 7 9 12 14 15 17 19 21 23 25 27 29 31 34 36 38 40 42 44 46 48 50 52 55 56 58 60 62 64 66 69 71 72 74 0
1 3 5 7 9 11 14 15 17 20 21 23 25 27 29 31 34 36 38 40 42 44 47 48 50 52 55 56 58 60 62 64 66 68 70 72 74 1
1 3 5 7 9 11 14 15 17 20 21 23 25 27 29 31 34 36 38 40 42 44 47 48 50 52 55 56 58 60 62 64 66 68 71 72 74 1
1 3 5 7 9 12 14 15 17 20 21 23 25 27 29 31 34 36 38 40 42 44 47 48 50 52 55 56 58 60 62 64 66 68 70 72 74 0
1 3 5 7 10 12 14 15 17 20 21 23 25 27 29 31 34 36 38 40 42 44 47 48 50 52 55 56 58 60 62 64 66 68 70 72 74 0
1 3 5 7 9 11 14 16 17 20 21 23 25 27 29 31 34 36 38 40 42 44 47 48 50 52 55 56 58 60 62 64 66 68 70 72 74 0
1 3 5 7 9 11 14 16 17 20 21 23 25 27 29 31 34 36 38 40 42 44 47 48 50 52 55 56 58 60 62 64 66 68 71 72 74 1
1 3 5 7 9 12 14 16 17 20 21 23 25 27 29 31 34 36 38 40 42 44 47 48 50 52 55 56 58 60 62 64 66 68 70 72 74 0
1 3 5 7 9 12 14 16 17 20 21 23 25 27 29 31 34 36 38 40 42 44 47 48 50 52 55 56 58 60 62 64 66 68 71 72 74 1
1 3 5 7 9 11 14 15 17 19 21 23 25 27 29 31 34 36 38 40 42 44 46 48 51 52 55 56 58 60 62 64 66 68 70 72 74 1
1 3 6 7 9 11 14 15 17 19 21 23 25 27 29 31 34 36 38 40 42 44 46 48 51 52 55 56 58 60 62 64 66 68 71 72 74 0
1 3 5 8 9 11 14 16 17 19 21 23 25 27 29 31 34 36 38 40 42 44 46 48 51 52 55 56 58 60 62 64 66 68 71 72 74 0
1 3 5 7 9 12 14 16 17 19 21 23 25 27 29 31 34 36 38 40 42 44 46 48 51 52 55 56 58 60 62 64 66 68 70 72 74 1
1 3 5 7 9 11 14 15 17 20 21 23 25 27 29 31 34 36 38 40 42 44 47 48 51 52 55 56 58 60 62 64 66 68 70 72 74 1
1 3 5 7 9 12 14 16 17 20 21 23 25 27 29 31 34 36 38 40 42 44 47 48 51 52 55 56 58 60 62 64 66 68 70 72 74 1
1 3 5 7 9 11 14 15 17 19 21 23 25 27 29 31 34 36 39 40 42 44 46 48 50 52 55 56 58 60 62 64 66 68 70 72 74 1
1 3 5 7 9 11 14 15 17 19 21 23 25 27 29 31 34 36 39 40 42 44 46 48 50 52 55 56 58 60 62 64 66 68 71 72 74 0
1 3 5 7 9 12 14 15 17 19 21 23 25 27 29 31 34 36 39 40 42 44 46 48 50 52 55 56 58 60 62 64 66 68 71 72 74 1
1 3 5 7 10 12 14 15 17 19 21 23 25 27 29 31 34 36 39 40 42 44 46 48 50 52 55 56 58 60 62 64 66 68 70 72 74 1
1 3 5 7 9 12 14 16 17 19 21 23 25 27 29 31 34 36 39 40 42 44 46 48 50 52 55 56 58 60 62 64 66 68 70 72 74 1
1 3 5 7 9 12 14 16 17 19 21 23 25 27 29 31 34 36 39 40 42 44 46 48 50 52 55 56 58 60 62 64 66 68 71 72 74 1
1 3 5 7 9 11 14 15 17 19 21 23 25 27 29 31 34 36 39 40 42 44 46 48 50 52 55 56 58 60 62 64 66 69 71 72 74 0
1 3 5 7 9 11 14 15 17 20 21 23 25 27 29 31 34 36 39 40 42 44 47 48 50 52 55 56 58 60 62 64 66 68 70 72 74 1
1 3 5 7 9 11 14 16 17 20 21 23 25 27 29 31 34 36 39 40 42 44 47 48 50 52 55 56 58 60 62 64 66 68 70 72 74 0
1 3 5 7 9 11 14 15 17 19 21 23 25 27 29 31 34 36 39 40 42 44 46 48 51 52 55 56 58 60 62 64 66 68 70 72 74 0
1 3 5 7 9 11 14 15 17 19 21 23 25 27 29 31 34 36 39 40 42 44 46 48 51 52 55 56 58 60 62 64 66 68 71 72 74 0
1 3 5 7 9 12 14 15 17 19 21 23 25 27 29 31 34 36 39 40 42 44 46 48 51 52 55 56 58 60 62 64 66 68 71 72 74 0
1 3 5 7 10 12 14 15 17 19 21 23 25 27 29 31 34 36 39 40 42 44 46 48 51 52 55 56 58 60 62 64 66 68 71 72 74 0
1 3 5 7 9 11 14 15 17 19 21 23 25 27 29 31 34 36 39 40 42 44 46 48 51 52 55 56 58 60 62 64 66 69 71 72 74 1
1 3 5 7 9 12 14 15 17 19 21 23 25 27 29 31 34 36 39 40 42 44 46 48 51 52 55 56 58 60 62 64 66 69 71 72 74 1
1 3 5 7 9 11 14 15 17 20 21 23 25 27 29 31 34 36 39 40 42 44 47 48 51 52 55 56 58 60 62 64 66 68 71 72 74 1
1 3 5 7 9 12 14 16 18 20 21 23 25 27 29 31 34 36 38 40 42 44 46 48 50 52 55 56 58 60 62 64 66 68 70 72 74 0
1 3 5 7 9 12 14 16 18 20 21 23 25 27 29 31 34 36 38 40 42 44 46 48 50 52 55 56 58 60 62 64 66 68 71 72 74 0
1 3 5 7 9 12 14 16 18 20 21 23 25 27 29 31 34 36 38 40 42 44 47 48 50 52 55 56 58 60 62 64 66 68 70 72 74 0
1 3 5 7 9 12 14 16 18 20 21 23 25 27 29 31 34 36 38 40 42 44 46 48 51 52 55 56 58 60 62 64 66 68 70 72 74 1
1 3 5 7 9 12 14 16 18 20 21 23 25 27 29 31 34 36 39 40 42 44 46 48 50 52 55 56 58 60 62 64 66 68 71 72 74 0
1 3 5 7 9 11 13 15 17 19 21 23 25 28 29 31 34 36 38 40 42 44 46 48 50 52 54 56 58 60 62 64 66 68 70 72 74 1
1 3 5 7 9 12 13 15 17 19 21 23 25 28 29 31 34 36 38 40 42 44 46 48 50 52 54 56 58 60 62 64 66 68 70 72 74 0
1 3 5 7 9 12 13 16 17 19 21 23 25 28 29 31 34 36 38 40 42 44 46 48 50 52 54 56 58 60 62 64 66 68 70 72 74 0
1 3 5 7 9 11 13 15 17 20 21 23 25 28 29 31 34 36 38 40 42 44 47 48 50 52 54 56 58 60 62 64 66 68 70 72 74 1
1 3 5 7 9 12 13 15 17 20 21 23 25 28 29 31 34 36 38 40 42 44 47 48 50 52 54 56 58 60 62 64 66 68 70 72 74 0
1 3 5 7 9 11 13 15 17 19 21 23 25 28 29 31 34 36 38 40 42 44 46 48 51 52 54 56 58 60 62 64 66 68 70 72 74 0
1 3 5 7 9 12 13 15 17 19 21 23 25 28 29 31 34 36 38 40 42 44 46 48 51 52 54 56 58 60 62 64 66 68 70 72 74 0
1 3 5 7 9 11 13 15 17 19 21 23 25 28 29 31 34 36 38 40 42 44 46 48 51 52 54 56 58 60 63 64 66 68 70 72 74 0
1 3 5 7 9 12 13 16 17 19 21 23 25 28 29 31 34 36 38 40 42 44 46 48 51 52 54 56 58 60 62 64 66 68 70 72 74 0
1 3 5 7 9 11 13 15 17 20 21 23 25 28 29 31 34 36 38 40 42 44 47 48 51 52 54 56 58 60 62 64 66 68 70 72 74 1
1 3 5 7 9 12 13 15 17 20 21 23 25 28 29 31 34 36 38 40 42 44 47 48 51 52 54 56 58 60 62 64 66 68 70 72 74 1
1 3 5 7 9 11 13 16 17 20 21 23 25 28 29 31 34 36 38 40 42 44 47 48 51 52 54 56 58 60 62 64 66 68 70 72 74 1
1 3 5 7 9 11 13 15 17 19 21 24 25 28 29 31 34 36 38 40 42 44 46 48 50 52 54 56 58 60 62 64 66 68 70 72 74 1
1 3 5 7 9 12 13 15 17 19 21 24 25 28 29 31 34 36 38 40 42 44 46 48 50 52 54 56 58 60 62 64 66 68 70 72 74 0
1 3 5 7 10 12 13 15 17 19 21 24 25 28 29 31 34 36 38 40 42 44 46 48 50 52 54 56 58 60 62 64 66 68 70 72 74 0
1 3 5 7 9 11 13 16 17 19 21 24 25 28 29 31 34 36 38 40 42 44 46 48 50 52 54 56 58 60 62 64 66 68 70 72 74 1
1 3 5 7 9 12 13 16 17 19 21 24 25 28 29 31 34 36 38 40 42 44 46 48 50 52 54 56 58 60 62 64 66 68 70 72 74 0
1 3 5 7 9 11 13 15 17 20 21 24 25 28 29 31 34 36 38 40 42 44 47 48 50 52 54 56 58 60 62 64 66 68 70 72 74 1
1 3 5 7 9 12 13 15 17 20 21 24 25 28 29 31 34 36 38 40 42 44 47 48 50 52 54 56 58 60 62 64 66 68 70 72 74 1
1 3 5 7 10 12 13 15 17 20 21 24 25 28 29 31 34 36 38 40 42 44 47 48 50 52 54 56 58 60 62 64 66 68 70 72 74 0
1 3 5 7 9 11 13 15 17 19 21 24 25 28 29 31 34 36 38 40 42 44 46 48 51 52 54 56 58 60 62 64 66 68 70 72 74 1
1 3 5 7 9 11 13 15 17 19 21 24 25 28 29 31 34 36 38 40 42 44 46 48 51 52 54 56 58 60 63 64 66 68 70 72 74 1
1 3 5 7 9 12 13 16 17 19 21 24 25 28 29 31 34 36 38 40 42 44 46 48 51 52 54 56 58 60 62 64 66 68 70 72 74 1
1 3 5 7 9 11 13 15 17 20 21 24 25 28 29 31 34 36 38 40 42 44 47 48 51 52 54 56 58 60 62 64 66 68 70 72 74 0
1 3 5 7 9 12 13 15 17 20 21 24 25 28 29 31 34 36 38 40 42 44 47 48 51 52 54 56 58 60 62 64 66 68 70 72 74 1
1 3 5 7 9 11 13 16 17 20 21 24 25 28 29 31 34 36 38 40 42 44 47 48 51 52 54 56 58 60 62 64 66 68 70 72 74 1
1 4 5 7 9 11 13 15 17 19 21 24 25 28 29 31 34 36 38 40 42 44 46 48 50 52 54 56 58 60 62 64 66 68 70 72 74 0
1 4 5 7 9 11 13 15 17 19 21 24 25 28 29 31 34 36 38 40 42 44 46 48 51 52 54 56 58 60 62 64 66 68 70 72 74 1
1 4 5 7 9 11 13 15 17 19 21 24 25 28 29 31 34 36 38 40 42 44 46 48 51 52 54 56 58 60 63 64 66 68 70 72 74 1
1 4 5 7 9 12 13 16 17 19 21 24 25 28 29 31 34 36 38 40 42 44 46 48 51 52 54 56 58 60 62 64 66 68 70 72 74 0
1 4 5 7 9 11 13 15 17 19 21 24 25 28 29 31 34 36 38 40 42 44 46 48 50 52 54 56 58 60 62 64 66 68 70 73 74 0
1 4 5 7 9 11 13 15 17 19 21 24 25 28 29 31 34 36 38 40 42 44 46 48 51 52 54 56 58 60 62 64 66 68 70 73 74 0
1 4 5 7 9 11 13 15 17 19 21 24 25 28 29 33 34 36 38 40 42 44 46 48 50 52 54 56 58 60 62 64 66 68 70 72 74 0
1 4 5 7 9 11 13 16 17 19 21 24 25 28 29 33 34 36 38 40 42 44 46 48 50 52 54 56 58 60 62 64 66 68 70 72 74 1
1 4 5 7 9 11 13 15 17 19 21 24 25 28 29 33 34 36 38 40 42 44 46 48 50 52 54 56 58 60 62 64 66 68 70 73 74 0
1 3 5 7 9 12 13 16 18 20 21 23 25 28 29 31 34 36 38 40 42 44 46 48 50 52 54 56 58 60 62 64 66 68 70 72 74 1
1 3 5 7 9 12 13 16 18 20 21 23 25 28 29 31 34 36 38 40 42 44 47 48 50 52 54 56 58 60 62 64 66 68 70 72 74 1
1 3 5 7 9 12 13 16 18 20 21 23 25 28 29 31 34 36 38 40 42 44 46 48 51 52 54 56 58 60 62 64 66 68 70 72 74 1
1 3 5 7 9 11 13 16 18 20 21 24 25 28 29 31 34 36 38 40 42 44 46 48 50 52 54 56 58 60 62 64 66 68 70 72 74 0
1 3 5 7 9 12 13 16 18 20 21 24 25 28 29 31 34 36 38 40 42 44 46 48 50 52 54 56 58 60 62 64 66 68 70 72 74 0
1 3 5 7 9 11 13 16 18 20 21 24 25 28 29 31 34 36 38 40 42 44 47 48 50 52 54 56 58 60 62 64 66 68 70 72 74 1
1 3 5 7 9 12 13 16 18 20 21 24 25 28 29 31 34 36 38 40 42 44 46 48 51 52 54 56 58 60 62 64 66 68 70 72 74 0
1 3 5 7 9 11 13 16 18 20 21 24 25 28 29 31 34 36 38 40 42 44 47 48 51 52 54 56 58 60 62 64 66 68 70 72 74 1
1 3 5 7 9 11 13 15 17 19 21 24 25 28 29 31 34 37 38 40 42 44 46 49 50 52 54 56 58 60 62 64 66 68 70 72 74 0
1 3 5 7 9 11 14 15 17 19 21 23 25 28 29 31 34 36 38 40 42 44 46 48 50 52 54 56 58 60 62 64 66 68 70 72 74 0
1 3 5 7 9 11 14 15 17 19 21 23 25 28 29 31 34 36 38 40 42 44 46 48 50 52 54 56 58 60 62 64 66 68 71 72 74 1
1 3 5 7 10 11 14 15 17 19 21 23 25 28 29 31 34 36 38 40 42 44 46 48 50 52 54 56 58 60 62 64 66 68 71 72 74 0
1 3 5 7 9 12 14 15 17 19 21 23 25 28 29 31 34 36 38 40 42 44 46 48 50 52 54 56 58 60 62 64 66 68 70 72 74 1
1 3 5 7 9 12 14 15 17 19 21 23 25 28 29 31 34 36 38 40 42 44 46 48 50 52 54 56 58 60 62 64 66 68 71 72 74 1
1 3 5 7 10 12 14 15 17 19 21 23 25 28 29 31 34 36 38 40 42 44 46 48 50 52 54 56 58 60 62 64 66 68 70 72 74 1
1 3 5 7 10 12 14 15 17 19 21 23 25 28 29 31 34 36 38 40 42 44 46 48 50 52 54 56 58 60 62 64 66 68 71 72 74 0
1 3 5 7 9 11 14 16 17 19 21 23 25 28 29 31 34 36 38 40 42 44 46 48 50 52 54 56 58 60 62 64 66 68 70 72 74 1
1 3 5 7 9 12 14 16 17 19 21 23 25 28 29 31 34 36 38 40 42 44 46 48 50 52 54 56 58 60 62 64 66 68 70 72 74 0
1 3 5 7 9 11 14 15 17 19 21 23 25 28 29 31 34 36 38 40 42 44 46 48 50 52 54 56 58 60 62 64 66 69 71 72 74 1
1 3 5 7 9 12 14 15 17 19 21 23 25 28 29 31 34 36 38 40 42 44 46 48 50 52 54 56 58 60 62 64 66 69 71 72 74 1
1 3 5 7 9 11 14 15 17 20 21 23 25 28 29 31 34 36 38 40 42 44 47 48 50 52 54 56 58 60 62 64 66 68 70 72 74 1
1 3 5 7 9 12 14 15 17 20 21 23 25 28 29 31 34 36 38 40 42 44 47 48 50 52 54 56 58 60 62 64 66 68 70 72 74 1
1 3 5 7 10 12 14 15 17 20 21 23 25 28 29 31 34 36 38 40 42 44 47 48 50 52 54 56 58 60 62 64 66 68 70 72 74 0
1 3 5 7 9 11 14 16 17 20 21 23 25 28 29 31 34 36 38 40 42 44 47 48 50 52 54 56 58 60 62 64 66 68 70 72 74 1
1 3 5 7 9 12 14 16 17 20 21 23 25 28 29 31 34 36 38 40 42 44 47 48 50 52 54 56 58 60 62 64 66 68 70 72 74 1
1 3 5 7 9 11 14 15 17 19 21 23 25 28 29 31 34 36 38 40 42 44 46 48 51 52 54 56 58 60 62 64 66 68 70 72 74 1
1 3 5 7 9 11 14 15 17 19 21 23 25 28 29 31 34 36 38 40 42 44 46 48 51 52 54 56 58 60 62 64 66 68 71 72 74 1
1 3 5 8 9 11 14 15 17 19 21 23 25 28 29 31 34 36 38 40 42 44 46 48 51 52 54 56 58 60 62 64 66 68 71 72 74 1
1 3 5 7 10 11 14 15 17 19 21 23 25 28 29 31 34 36 38 40 42 44 46 48 51 52 54 56 58 60 62 64 66 68 71 72 74 1
1 3 5 7 9 12 14 16 17 19 21 23 25 28 29 31 34 36 38 40 42 44 46 48 51 52 54 56 58 60 62 64 66 68 70 72 74 1
1 3 5 8 9 12 14 16 17 19 21 23 25 28 29 31 34 36 38 40 42 44 46 48 51 52 54 56 58 60 62 64 66 68 71 72 74 0
1 3 5 7 9 11 14 15 17 19 21 23 25 28 29 31 34 36 38 40 42 44 46 48 51 52 54 56 58 60 62 64 66 69 71 72 74 0
1 3 5 7 9 11 14 15 17 20 21 23 25 28 29 31 34 36 38 40 42 44 47 48 51 52 54 56 58 60 62 64 66 68 70 72 74 0
1 3 5 7 9 12 14 16 17 20 21 23 25 28 29 31 34 36 38 40 42 44 47 48 51 52 54 56 58 60 62 64 66 68 70 72 74 1
1 3 5 7 9 11 14 15 17 19 21 24 25 28 29 31 34 36 38 40 42 44 46 48 50 52 54 56 58 60 62 64 66 68 70 72 74 0
1 3 5 7 10 11 14 15 17 19 21 24 25 28 29 31 34 36 38 40 42 44 46 48 50 52 54 56 58 60 62 64 66 68 70 72 74 1
1 3 5 7 10 11 14 15 17 19 21 24 25 28 29 31 34 36 38 40 42 44 46 48 50 52 54 56 58 60 62 64 66 68 71 72 74 1
1 3 5 7 9 12 14 15 17 19 21 24 25 28 29 31 34 36 38 40 42 44 46 48 50 52 54 56 58 60 62 64 66 68 70 72 74 0
1 3 5 7 9 11 14 16 17 19 21 24 25 28 29 31 34 36 38 40 42 44 46 48 50 52 54 56 58 60 62 64 66 68 70 72 74 1
1 3 5 7 9 12 14 16 17 19 21 24 25 28 29 31 34 36 38 40 42 44 46 48 50 52 54 56 58 60 62 64 66 68 70 72 74 1
1 3 5 7 9 11 14 15 17 20 21 24 25 28 29 31 34 36 38 40 42 44 47 48 50 52 54 56 58 60 62 64 66 68 70 72 74 1
1 3 5 7 10 11 14 15 17 20 21 24 25 28 29 31 34 36 38 40 42 44 47 48 50 52 54 56 58 60 62 64 66 68 70 72 74 1
1 3 5 7 9 12 14 15 17 20 21 24 25 28 29 31 34 36 38 40 42 44 47 48 50 52 54 56 58 60 62 64 66 68 70 72 74 1
1 3 5 7 9 11 14 16 17 20 21 24 25 28 29 31 34 36 38 40 42 44 47 48 50 52 54 56 58 60 62 64 66 68 70 72 74 1
1 3 5 7 9 12 14 16 17 20 21 24 25 28 29 31 34 36 38 40 42 44 47 48 50 52 54 56 58 60 62 64 66 68 70 72 74 0
1 3 5 7 9 11 14 15 17 19 21 24 25 28 29 31 34 36 38 40 42 44 46 48 51 52 54 56 58 60 62 64 66 68 70 72 74 0
1 3 5 7 9 11 14 16 17 19 21 24 25 28 29 31 34 36 38 40 42 44 46 48 51 52 54 56 58 60 62 64 66 68 70 72 74 0
1 3 5 7 9 12 14 16 17 19 21 24 25 28 29 31 34 36 38 40 42 44 46 48 51 52 54 56 58 60 62 64 66 68 70 72 74 0
1 3 5 7 9 11 14 15 17 20 21 24 25 28 29 31 34 36 38 40 42 44 47 48 51 52 54 56 58 60 62 64 66 68 70 72 74 1
1 3 5 7 9 11 14 16 17 20 21 24 25 28 29 31 34 36 38 40 42 44 47 48 51 52 54 56 58 60 62 64 66 68 70 72 74 1
1 3 5 7 9 12 14 16 17 20 21 24 25 28 29 31 34 36 38 40 42 44 47 48 51 52 54 56 58 60 62 64 66 68 70 72 74 0
1 3 5 7 9 11 14 15 17 19 21 24 25 28 29 31 34 36 38 40 42 44 46 48 50 52 54 56 58 60 62 64 66 68 70 73 74 0
1 3 5 7 9 11 14 16 17 19 21 24 25 28 29 31 34 36 38 40 42 44 46 48 50 52 54 56 58 60 62 64 66 68 70 73 74 1
1 3 5 7 9 12 14 16 17 19 21 24 25 28 29 31 34 36 38 40 42 44 46 48 50 52 54 56 58 60 62 64 66 68 70 73 74 0
1 3 5 7 9 11 14 15 17 20 21 24 25 28 29 31 34 36 38 40 42 44 47 48 50 52 54 56 58 60 62 64 66 68 70 73 74 1
1 3 5 7 9 11 14 16 17 20 21 24 25 28 29 31 34 36 38 40 42 44 47 48 50 52 54 56 58 60 62 64 66 68 70 73 74 0
1 3 5 7 9 11 14 15 17 19 21 24 25 28 29 31 34 36 38 40 42 44 46 48 51 52 54 56 58 60 62 64 66 68 70 73 74 1
1 3 5 7 9 11 14 16 17 19 21 24 25 28 29 31 34 36 38 40 42 44 46 48 51 52 54 56 58 60 62 64 66 68 70 73 74 1
1 3 5 7 9 12 14 16 17 19 21 24 25 28 29 31 34 36 38 40 42 44 46 48 51 52 54 56 58 60 62 64 66 68 70 73 74 1
1 3 5 7 9 11 14 15 17 19 21 24 25 28 29 33 34 36 38 40 42 44 46 48 50 52 54 56 58 60 62 64 66 68 70 72 74 0
1 3 5 7 9 12 14 15 17 19 21 24 25 28 29 33 34 36 38 40 42 44 46 48 50 52 54 56 58 60 62 64 66 68 70 72 74 0
1 3 5 7 9 11 14 16 17 19 21 24 25 28 29 33 34 36 38 40 42 44 46 48 50 52 54 56 58 60 62 64 66 68 70 72 74 1
1 3 5 7 9 12 14 15 17 20 21 24 25 28 29 33 34 36 38 40 42 44 47 48 50 52 54 56 58 60 62 64 66 68 70 72 74 0
1 4 5 7 9 11 14 15 17 19 21 24 25 28 29 31 34 36 38 40 42 44 46 48 50 52 54 56 58 60 62 64 66 68 70 72 74 1
1 4 5 7 9 11 14 16 17 19 21 24 25 28 29 31 34 36 38 40 42 44 46 48 50 52 54 56 58 60 62 64 66 68 70 72 74 1
1 4 5 7 9 11 14 15 17 19 21 24 25 28 29 31 34 36 38 40 42 44 46 48 51 52 54 56 58 60 62 64 66 68 70 72 74 1
1 4 5 7 9 11 14 16 17 19 21 24 25 28 29 31 34 36 38 40 42 44 46 48 51 52 54 56 58 60 62 64 66 68 70 72 74 1
1 4 5 7 9 12 14 16 17 19 21 24 25 28 29 31 34 36 38 40 42 44 46 48 51 52 54 56 58 60 62 64 66 68 70 72 74 0
1 4 5 7 9 11 14 15 17 19 21 24 25 28 29 31 34 36 38 40 42 44 46 48 50 52 54 56 58 60 62 64 66 68 70 73 74 1
1 4 5 7 9 11 14 16 17 19 21 24 25 28 29 31 34 36 38 40 42 44 46 48 50 52 54 56 58 60 62 64 66 68 70 73 74 1
1 4 5 7 9 11 14 15 17 19 21 24 25 28 29 31 34 36 38 40 42 44 46 48 51 52 54 56 58 60 62 64 66 68 70 73 74 0
1 4 5 7 9 11 14 15 17 19 21 24 25 28 29 33 34 36 38 40 42 44 46 48 50 52 54 56 58 60 62 64 66 68 70 72 74 0
1 4 5 7 9 11 14 16 17 19 21 24 25 28 29 33 34 36 38 40 42 44 46 48 50 52 54 56 58 60 62 64 66 68 70 72 74 1
1 4 5 7 9 11 14 15 17 19 21 24 25 28 29 33 34 36 38 40 42 44 46 48 51 52 54 56 58 60 62 64 66 68 70 72 74 1
1 3 5 7 9 12 14 15 17 19 21 23 25 28 29 31 34 36 39 40 42 44 46 48 51 52 54 56 58 60 62 64 66 68 71 72 74 1
1 3 5 7 10 12 14 15 17 19 21 23 25 28 29 31 34 36 39 40 42 44 46 48 51 52 54 56 58 60 62 64 66 68 71 72 74 1
1 3 5 7 9 12 14 15 17 19 21 23 25 28 29 31 34 36 39 40 42 44 46 48 51 52 54 56 58 60 62 64 66 69 71 72 74 1
1 3 5 7 10 11 14 15 17 19 21 24 25 28 29 31 34 36 39 40 42 44 46 48 51 52 54 56 58 60 62 64 66 68 71 72 74 1
1 3 5 7 9 11 14 16 18 20 21 23 25 28 29 31 34 36 38 40 42 44 46 48 50 52 54 56 58 60 62 64 66 68 70 72 74 0
1 3 5 7 9 12 14 16 18 20 21 23 25 28 29 31 34 36 38 40 42 44 46 48 50 52 54 56 58 60 62 64 66 68 70 72 74 1
1 3 5 7 9 12 14 16 18 20 21 23 25 28 29 31 34 36 38 40 42 44 46 48 50 52 54 56 58 60 62 64 66 68 71 72 74 1
1 3 5 7 9 11 14 16 18 20 21 23 25 28 29 31 34 36 38 40 42 44 47 48 50 52 54 56 58 60 62 64 66 68 70 72 74 1
1 3 5 7 9 12 14 16 18 20 21 23 25 28 29 31 34 36 38 40 42 44 47 48 50 52 54 56 58 60 62 64 66 68 70 72 74 1
1 3 5 7 9 12 14 16 18 20 21 23 25 28 29 31 34 36 38 40 42 44 46 48 51 52 54 56 58 60 62 64 66 68 70 72 74 0
1 3 5 7 9 11 14 16 18 20 21 24 25 28 29 31 34 36 38 40 42 44 46 48 50 52 54 56 58 60 62 64 66 68 70 72 74 0
1 3 5 7 9 11 14 16 18 20 21 24 25 28 29 31 34 36 38 40 42 44 47 48 50 52 54 56 58 60 62 64 66 68 70 72 74 0
1 3 5 7 9 11 14 16 18 20 21 24 25 28 29 31 34 36 38 40 42 44 46 48 51 52 54 56 58 60 62 64 66 68 70 72 74 0
1 3 5 7 9 11 14 16 18 20 21 24 25 28 29 31 34 36 38 40 42 44 46 48 50 52 54 56 58 60 62 64 66 68 70 73 74 1
1 3 5 7 9 11 14 16 18 20 21 24 25 28 29 31 34 36 38 40 42 44 46 48 51 52 54 56 58 60 62 64 66 68 70 73 74 0
1 3 5 7 9 11 14 15 17 19 21 23 25 28 29 31 34 36 38 40 42 44 46 49 50 52 54 56 58 60 62 64 66 68 70 72 74 0
1 3 5 7 9 11 14 15 17 20 21 23 25 28 29 31 34 36 38 40 42 44 47 49 50 52 54 56 58 60 62 64 66 68 70 72 74 1
1 3 5 7 9 11 14 15 17 19 21 23 25 28 29 31 34 36 38 40 42 44 46 49 51 52 54 56 58 60 62 64 66 68 70 72 74 0
1 3 5 7 9 11 14 15 17 19 21 24 25 28 29 31 34 36 38 40 42 44 46 49 50 52 54 56 58 60 62 64 66 68 70 72 74 0
1 3 5 7 9 11 14 15 17 20 21 24 25 28 29 31 34 36 38 40 42 44 47 49 50 52 54 56 58 60 62 64 66 68 70 72 74 0
1 3 5 7 9 11 14 15 17 19 21 24 25 28 29 33 34 36 38 40 42 44 46 49 50 52 54 56 58 60 62 64 66 68 70 72 74 0
1 3 5 7 9 11 14 15 17 19 21 24 25 28 29 31 34 37 38 40 42 44 46 49 50 52 54 56 58 60 62 64 66 68 70 72 74 1
1 3 5 7 9 11 13 15 17 19 21 23 25 28 29 31 34 36 38 40 42 44 46 48 50 52 55 56 58 60 62 64 66 68 70 72 74 0
1 3 5 7 9 12 13 15 17 19 21 23 25 28 29 31 34 36 38 40 42 44 46 48 50 52 55 56 58 60 62 64 66 68 70 72 74 1
1 3 5 7 9 12 13 16 17 19 21 23 25 28 29 31 34 36 38 40 42 44 46 48 50 52 55 56 58 60 62 64 66 68 70 72 74 0
1 3 5 7 9 11 13 15 17 20 21 23 25 28 29 31 34 36 38 40 42 44 47 48 50 52 55 56 58 60 62 64 66 68 70 72 74 0
1 3 5 7 9 12 13 15 17 20 21 23 25 28 29 31 34 36 38 40 42 44 47 48 50 52 55 56 58 60 62 64 66 68 70 72 74 1
1 3 5 7 9 11 13 15 17 19 21 23 25 28 29 31 34 36 38 40 42 44 46 48 51 52 55 56 58 60 62 64 66 68 70 72 74 1
1 3 5 7 9 12 13 15 17 19 21 23 25 28 29 31 34 36 38 40 42 44 46 48 51 52 55 56 58 60 62 64 66 68 70 72 74 0
1 3 5 7 9 11 13 15 17 19 21 23 25 28 29 31 34 36 38 40 42 44 46 48 51 52 55 56 58 60 63 64 66 68 70 72 74 0
1 3 5 7 9 12 13 16 17 19 21 23 25 28 29 31 34 36 38 40 42 44 46 48 51 52 55 56 58 60 62 64 66 68 70 72 74 1
1 3 5 7 9 11 13 15 17 20 21 23 25 28 29 31 34 36 38 40 42 44 47 48 51 52 55 56 58 60 62 64 66 68 70 72 74 1
1 3 5 7 9 12 13 15 17 20 21 23 25 28 29 31 34 36 38 40 42 44 47 48 51 52 55 56 58 60 62 64 66 68 70 72 74 0
1 3 5 7 9 11 13 16 17 20 21 23 25 28 29 31 34 36 38 40 42 44 47 48 51 52 55 56 58 60 62 64 66 68 70 72 74 1
1 3 5 7 9 11 13 15 17 19 21 23 25 28 29 31 34 37 38 40 42 44 46 48 50 52 55 56 58 60 62 64 66 68 70 72 74 1
1 3 5 7 9 11 13 15 17 20 21 23 25 28 29 31 34 37 38 40 42 44 47 48 50 52 55 56 58 60 62 64 66 68 70 72 74 0
1 3 5 7 9 11 13 15 17 19 21 23 25 28 29 31 34 37 38 40 42 44 46 48 51 52 55 56 58 60 62 64 66 68 70 72 74 0
1 3 5 7 9 12 13 16 18 20 21 23 25 28 29 31 34 36 38 40 42 44 46 48 50 52 55 56 58 60 62 64 66 68 70 72 74 0
1 3 5 7 9 12 13 16 18 20 21 23 25 28 29 31 34 36 38 40 42 44 46 48 51 52 55 56 58 60 62 64 66 68 70 72 74 1
1 3 5 7 9 11 14 15 17 19 21 23 25 28 29 31 34 36 38 40 42 44 46 48 50 52 55 56 58 60 62 64 66 68 70 72 74 1
1 3 5 7 9 11 14 15 17 19 21 23 25 28 29 31 34 36 38 40 42 44 46 48 50 52 55 56 58 60 62 64 66 68 71 72 74 1
1 3 5 7 10 11 14 15 17 19 21 23 25 28 29 31 34 36 38 40 42 44 46 48 50 52 55 56 58 60 62 64 66 68 71 72 74 0
1 3 5 7 9 12 14 15 17 19 21 23 25 28 29 31 34 36 38 40 42 44 46 48 50 52 55 56 58 60 62 64 66 68 70 72 74 1
1 3 5 7 9 12 14 15 17 19 21 23 25 28 29 31 34 36 38 40 42 44 46 48 50 52 55 56 58 60 62 64 66 68 71 72 74 0
1 3 5 7 10 12 14 15 17 19 21 23 25 28 29 31 34 36 38 40 42 44 46 48 50 52 55 56 58 60 62 64 66 68 70 72 74 1
1 3 5 7 10 12 14 15 17 19 21 23 25 28 29 31 34 36 38 40 42 44 46 48 50 52 55 56 58 60 62 64 66 68 71 72 74 0
1 3 5 7 9 12 14 16 17 19 21 23 25 28 29 31 34 36 38 40 42 44 46 48 50 52 55 56 58 60 62 64 66 68 70 72 74 0
1 3 5 7 9 12 14 15 17 19 21 23 25 28 29 31 34 36 38 40 42 44 46 48 50 52 55 56 58 60 62 64 66 69 71 72 74 0
1 3 5 7 9 11 14 15 17 20 21 23 25 28 29 31 34 36 38 40 42 44 47 48 50 52 55 56 58 60 62 64 66 68 70 72 74 1
1 3 5 7 9 12 14 15 17 20 21 23 25 28 29 31 34 36 38 40 42 44 47 48 50 52 55 56 58 60 62 64 66 68 70 72 74 0
1 3 5 7 9 11 14 16 17 20 21 23 25 28 29 31 34 36 38 40 42 44 47 48 50 52 55 56 58 60 62 64 66 68 70 72 74 1
1 3 5 7 9 12 14 16 17 20 21 23 25 28 29 31 34 36 38 40 42 44 47 48 50 52 55 56 58 60 62 64 66 68 70 72 74 1
1 3 5 7 9 11 14 15 17 19 21 23 25 28 29 31 34 36 38 40 42 44 46 48 51 52 55 56 58 60 62 64 66 68 70 72 74 0
1 3 5 7 9 11 14 15 17 19 21 23 25 28 29 31 34 36 38 40 42 44 46 48 51 52 55 56 58 60 62 64 66 68 71 72 74 1
1 3 5 8 9 11 14 15 17 19 21 23 25 28 29 31 34 36 38 40 42 44 46 48 51 52 55 56 58 60 62 64 66 68 71 72 74 1
1 3 5 7 10 11 14 15 17 19 21 23 25 28 29 31 34 36 38 40 42 44 46 48 51 52 55 56 58 60 62 64 66 68 71 72 74 0
1 3 5 7 9 12 14 16 17 19 21 23 25 28 29 31 34 36 38 40 42 44 46 48 51 52 55 56 58 60 62 64 66 68 70 72 74 0
1 3 5 7 9 11 14 15 17 20 21 23 25 28 29 31 34 36 38 40 42 44 47 48 51 52 55 56 58 60 62 64 66 68 70 72 74 1
1 3 5 7 9 12 14 16 17 20 21 23 25 28 29 31 34 36 38 40 42 44 47 48 51 52 55 56 58 60 62 64 66 68 70 72 74 1
1 3 5 7 9 12 14 15 17 19 21 23 25 28 29 31 34 36 39 40 42 44 46 48 51 52 55 56 58 60 62 64 66 68 71 72 74 0
1 3 5 7 9 12 14 15 17 19 21 23 25 28 29 31 34 36 39 40 42 44 46 48 51 52 55 56 58 60 62 64 66 69 71 72 74 1
1 3 5 7 9 12 14 16 18 20 21 23 25 28 29 31 34 36 38 40 42 44 46 48 50 52 55 56 58 60 62 64 66 68 70 72 74 0
1 3 5 7 9 12 14 16 18 20 21 23 25 28 29 31 34 36 38 40 42 44 46 48 50 52 55 56 58 60 62 64 66 68 71 72 74 0
1 3 5 7 9 12 14 16 18 20 21 23 25 28 29 31 34 36 38 40 42 44 46 48 51 52 55 56 58 60 62 64 66 68 70 72 74 1
1 3 5 7 9 11 14 15 17 19 21 23 25 28 29 31 34 36 38 40 42 44 46 49 50 52 55 56 58 60 62 64 66 68 70 72 74 0
1 3 5 7 9 11 14 15 17 20 21 23 25 28 29 31 34 36 38 40 42 44 47 49 50 52 55 56 58 60 62 64 66 68 70 72 74 0
1 3 5 7 9 11 14 15 17 19 21 23 25 28 29 31 34 36 38 40 42 44 46 49 51 52 55 56 58 60 62 64 66 68 70 72 74 1
1 3 5 7 9 11 13 15 17 19 21 23 26 27 29 31 34 36 38 40 42 44 46 48 50 52 54 56 58 60 62 64 66 68 70 72 74 1
1 3 5 7 9 11 13 15 17 20 21 23 26 27 29 31 34 36 38 40 42 44 47 48 50 52 54 56 58 60 62 64 66 68 70 72 74 1
1 3 5 7 9 11 13 15 17 20 21 24 26 27 29 32 34 36 38 40 42 44 47 48 50 52 54 56 58 60 62 64 66 68 70 72 74 1
1 3 5 7 9 11 13 15 17 19 21 24 26 27 29 32 34 36 38 40 42 44 46 48 50 52 54 56 58 60 62 64 66 68 70 73 74 0
1 3 5 7 9 11 13 15 17 19 21 23 26 27 29 31 34 36 39 40 42 44 46 48 50 52 54 56 58 60 62 64 66 68 70 72 74 0
1 3 5 7 9 11 13 15 17 19 21 23 26 27 29 31 34 36 39 40 42 44 46 48 50 52 54 56 58 60 62 64 66 68 71 72 74 1
1 3 5 7 9 11 13 15 17 19 21 23 26 27 29 31 34 36 39 40 42 44 46 48 51 52 54 56 58 60 62 64 66 68 71 72 74 1
1 3 5 7 9 11 13 15 17 19 21 24 26 27 29 32 34 36 39 40 42 44 46 48 50 52 54 56 58 60 62 64 66 68 70 72 74 1
1 3 5 7 9 11 13 15 17 19 21 24 26 27 29 32 34 36 39 40 42 44 46 48 50 52 54 56 58 60 62 64 66 68 70 73 74 1
1 3 5 7 9 11 13 15 17 19 21 24 26 27 29 32 34 37 38 40 42 44 46 48 50 52 54 56 58 60 62 64 66 68 70 72 74 1
1 3 5 7 9 11 14 15 17 19 21 23 26 27 29 31 34 36 38 40 42 44 46 48 50 52 54 56 58 60 62 64 66 68 70 72 74 1
1 3 5 7 9 11 14 15 17 20 21 23 26 27 29 31 34 36 38 40 42 44 47 48 50 52 54 56 58 60 62 64 66 68 70 72 74 1
1 3 5 7 9 11 14 16 17 19 21 24 26 27 29 32 34 36 38 40 42 44 46 48 50 52 54 56 58 60 62 64 66 68 70 73 74 1
1 3 5 7 9 11 14 15 17 19 21 23 26 27 29 31 34 36 39 40 42 44 46 48 50 52 54 56 58 60 62 64 66 68 70 72 74 0
1 3 5 7 9 11 14 15 17 19 21 23 26 27 29 31 34 36 39 40 42 44 46 48 50 52 54 56 58 60 62 64 66 68 71 72 74 0
1 3 5 7 9 11 14 15 17 19 21 23 26 27 29 31 34 36 39 40 42 44 46 48 51 52 54 56 58 60 62 64 66 68 71 72 74 1
1 3 5 7 9 11 13 15 17 19 21 23 26 27 29 31 34 36 38 40 42 44 46 48 50 52 55 56 58 60 62 64 66 68 70 72 74 0
1 3 5 7 9 11 13 15 17 20 21 23 26 27 29 31 34 36 38 40 42 44 47 48 50 52 55 56 58 60 62 64 66 68 70 72 74 1
1 3 5 7 9 11 13 15 17 19 21 23 26 27 29 31 34 36 38 40 42 44 46 48 51 52 55 56 58 60 62 64 66 68 70 72 74 0
1 3 5 7 9 11 13 15 17 19 21 23 26 27 29 31 34 36 38 40 42 44 46 48 51 52 55 56 58 60 63 64 66 68 70 72 74 1
1 3 5 7 9 11 13 15 17 20 21 23 26 27 29 31 34 36 38 40 42 44 47 48 51 52 55 56 58 60 62 64 66 68 70 72 74 0
1 3 5 7 9 11 13 15 17 19 21 23 26 27 29 31 34 36 39 40 42 44 46 48 50 52 55 56 58 60 62 64 66 68 70 72 74 1
1 3 5 7 9 11 13 15 17 20 21 23 26 27 29 31 34 36 39 40 42 44 47 48 50 52 55 56 58 60 62 64 66 68 70 72 74 1
1 3 5 7 9 11 14 15 17 19 21 23 26 27 29 31 34 36 38 40 42 44 46 48 50 52 55 56 58 60 62 64 66 68 70 72 74 0
1 3 5 7 9 11 14 15 17 20 21 23 26 27 29 31 34 36 38 40 42 44 47 48 50 52 55 56 58 60 62 64 66 68 70 72 74 1
1 3 5 7 9 11 14 15 17 19 21 23 26 27 29 31 34 36 38 40 42 44 46 48 51 52 55 56 58 60 62 64 66 68 70 72 74 1
1 3 5 7 9 11 14 15 17 19 21 23 26 27 29 31 34 36 39 40 42 44 46 48 50 52 55 56 58 60 62 64 66 68 70 72 74 0
1 3 5 7 9 11 13 15 17 19 21 23 26 28 29 31 34 36 38 40 42 44 46 48 50 52 54 56 58 60 62 64 66 68 70 72 74 1
1 3 5 7 9 11 13 15 17 20 21 23 26 28 29 31 34 36 38 40 42 44 47 48 50 52 54 56 58 60 62 64 66 68 70 72 74 0
1 3 5 7 9 11 13 15 17 19 21 23 26 28 29 31 34 36 38 40 42 44 46 48 51 52 54 56 58 60 62 64 66 68 70 72 74 1
1 3 5 7 9 11 14 15 17 19 21 23 26 28 29 31 34 36 38 40 42 44 46 48 50 52 54 56 58 60 62 64 66 68 70 72 74 0
1 3 5 7 9 11 14 15 17 20 21 23 26 28 29 31 34 36 38 40 42 44 47 48 50 52 54 56 58 60 62 64 66 68 70 72 74 1
1 3 5 7 9 11 14 15 17 19 21 23 26 28 29 31 34 36 38 40 42 44 46 48 51 52 54 56 58 60 62 64 66 68 70 72 74 0
1 3 5 7 9 11 13 15 17 19 21 23 26 28 29 31 34 36 38 40 42 44 46 48 50 52 55 56 58 60 62 64 66 68 70 72 74 0
1 3 5 7 9 11 13 15 17 20 21 23 26 28 29 31 34 36 38 40 42 44 47 48 50 52 55 56 58 60 62 64 66 68 70 72 74 1
1 3 5 7 9 11 13 15 17 19 21 23 26 28 29 31 34 36 38 40 42 44 46 48 51 52 55 56 58 60 62 64 66 68 70 72 74 0
1 3 5 7 9 11 14 15 17 19 21 23 26 28 29 31 34 36 38 40 42 44 46 48 50 52 55 56 58 60 62 64 66 68 70 72 74 1
1 3 5 7 9 11 14 15 17 20 21 23 26 28 29 31 34 36 38 40 42 44 47 48 50 52 55 56 58 60 62 64 66 68 70 72 74 0
1 3 5 7 9 11 14 15 17 19 21 23 26 28 29 31 34 36 38 40 42 44 46 48 51 52 55 56 58 60 62 64 66 68 70 72 74 0
1 3 5 7 9 11 13 15 17 19 21 23 25 27 29 31 34 36 38 40 42 44 46 48 50 52 54 56 58 60 62 64 66 68 70 72 75 0
1 3 5 7 9 12 13 16 17 19 21 23 25 27 29 31 34 36 38 40 42 44 46 48 50 52 54 56 58 60 62 64 66 68 70 72 75 1
1 3 5 7 9 11 13 15 17 19 21 23 25 27 29 31 34 36 38 40 42 44 46 48 51 52 54 56 58 60 62 64 66 68 70 72 75 1
1 3 5 7 9 11 13 15 17 19 21 23 25 27 29 31 34 36 38 40 42 44 46 48 51 52 54 56 58 60 63 64 66 68 70 72 75 0
1 3 5 7 9 11 13 15 17 19 21 23 25 27 29 31 34 36 39 40 42 44 46 48 50 52 54 56 58 60 62 64 66 68 70 72 75 1
1 3 5 7 9 11 13 15 17 19 21 23 25 27 29 31 34 36 39 40 42 44 46 48 50 52 54 56 58 60 62 64 66 68 71 72 75 0
1 3 6 7 9 11 13 15 17 19 21 23 25 27 29 31 34 36 39 40 42 44 46 48 50 52 54 56 58 60 62 64 66 68 71 72 75 1
1 3 5 7 9 12 13 16 17 19 21 23 25 27 29 31 34 36 39 40 42 44 46 48 50 52 54 56 58 60 62 64 66 68 71 72 75 1
1 3 5 7 9 11 13 15 17 19 21 23 25 27 29 31 34 36 39 40 42 44 46 48 50 52 54 56 58 60 62 64 66 69 71 72 75 1
1 3 5 7 9 11 13 15 17 19 21 23 25 27 29 31 34 36 39 40 42 44 46 48 51 52 54 56 58 60 62 64 66 68 70 72 75 0
1 3 5 7 9 11 13 15 17 19 21 23 25 27 29 31 34 36 39 40 42 44 46 48 51 52 54 56 58 60 62 64 66 68 71 72 75 0
1 3 5 7 9 11 13 15 17 19 21 23 25 27 29 31 34 36 39 40 42 44 46 48 51 52 54 56 58 60 63 64 66 68 71 72 75 1
1 3 5 7 9 11 13 15 17 19 21 23 25 27 29 31 34 36 39 40 42 44 46 48 51 52 54 56 58 60 62 64 66 69 71 72 75 1
1 3 5 7 9 12 13 16 18 20 21 23 25 27 29 31 34 36 38 40 42 44 46 48 50 52 54 56 58 60 62 64 66 68 70 72 75 0
1 3 5 7 9 12 13 16 18 20 21 23 25 27 29 31 34 36 39 40 42 44 46 48 50 52 54 56 58 60 62 64 66 68 71 72 75 1
1 3 5 7 9 11 14 15 17 19 21 23 25 27 29 31 34 36 38 40 42 44 46 48 50 52 54 56 58 60 62 64 66 68 70 72 75 1
1 3 5 7 9 11 14 15 17 19 21 23 25 27 29 31 34 36 38 40 42 44 46 48 50 52 54 56 58 60 62 64 66 68 71 72 75 0
1 3 5 7 9 11 14 16 17 19 21 23 25 27 29 31 34 36 38 40 42 44 46 48 50 52 54 56 58 60 62 64 66 68 71 72 75 1
1 3 5 7 9 12 14 16 17 19 21 23 25 27 29 31 34 36 38 40 42 44 46 48 50 52 54 56 58 60 62 64 66 68 70 72 75 1
1 3 5 7 9 12 14 16 17 19 21 23 25 27 29 31 34 36 38 40 42 44 46 48 50 52 54 56 58 60 62 64 66 68 71 72 75 1
1 3 5 7 9 11 14 15 17 19 21 23 25 27 29 31 34 36 38 40 42 44 46 48 51 52 54 56 58 60 62 64 66 68 70 72 75 1
1 3 5 7 9 11 14 15 17 19 21 23 25 27 29 31 34 36 39 40 42 44 46 48 50 52 54 56 58 60 62 64 66 68 71 72 75 0
1 3 5 7 9 11 14 15 17 19 21 23 25 27 29 31 34 36 39 40 42 44 46 48 50 52 54 56 58 60 62 64 66 69 71 72 75 1
1 3 5 7 9 12 14 15 17 19 21 23 25 27 29 31 34 36 39 40 42 44 46 48 50 52 54 56 58 60 62 64 66 69 71 72 75 1
1 3 5 7 9 11 14 15 17 19 21 23 25 27 29 31 34 36 39 40 42 44 46 48 51 52 54 56 58 60 62 64 66 68 70 72 75 1
1 3 5 7 9 11 14 15 17 19 21 23 25 27 29 31 34 36 39 40 42 44 46 48 51 52 54 56 58 60 62 64 66 68 71 72 75 0
1 3 6 7 9 11 14 15 17 19 21 23 25 27 29 31 34 36 39 40 42 44 46 48 51 52 54 56 58 60 62 64 66 68 71 72 75 1
1 3 5 8 9 11 14 15 17 19 21 23 25 27 29 31 34 36 39 40 42 44 46 48 51 52 54 56 58 60 62 64 66 68 71 72 75 0
1 3 5 7 10 11 14 15 17 19 21 23 25 27 29 31 34 36 39 40 42 44 46 48 51 52 54 56 58 60 62 64 66 68 71 72 75 1
1 3 5 7 9 11 14 16 17 19 21 23 25 27 29 31 34 36 39 40 42 44 46 48 51 52 54 56 58 60 62 64 66 68 71 72 75 0
1 3 5 7 9 12 14 16 17 19 21 23 25 27 29 31 34 36 39 40 42 44 46 48 51 52 54 56 58 60 62 64 66 68 71 72 75 0
1 3 5 7 9 11 14 15 17 19 21 23 25 27 29 31 34 36 39 40 42 44 46 48 51 52 54 56 58 60 62 64 66 69 71 72 75 1
1 3 5 7 9 11 14 16 18 20 21 23 25 27 29 31 34 36 38 40 42 44 46 48 50 52 54 56 58 60 62 64 66 68 71 72 75 0
1 3 5 7 9 12 14 16 18 20 21 23 25 27 29 31 34 36 38 40 42 44 46 48 50 52 54 56 58 60 62 64 66 68 70 72 75 1
1 3 5 7 9 12 14 16 18 20 21 23 25 27 29 31 34 36 38 40 42 44 46 48 50 52 54 56 58 60 62 64 66 68 71 72 75 1
1 3 5 7 9 11 14 16 18 20 21 23 25 27 29 31 34 36 39 40 42 44 46 48 51 52 54 56 58 60 62 64 66 68 71 72 75 0
1 3 5 7 9 11 13 15 17 19 21 23 25 27 29 31 34 36 38 40 42 44 46 48 50 52 55 56 58 60 62 64 66 68 70 72 75 1
1 3 5 7 9 12 13 15 17 19 21 23 25 27 29 31 34 36 38 40 42 44 46 48 50 52 55 56 58 60 62 64 66 68 70 72 75 1
1 3 5 7 9 12 13 15 17 19 21 23 25 27 29 31 34 36 38 40 42 44 46 48 50 52 55 57 58 60 62 64 66 68 70 72 75 0
1 3 5 7 9 12 13 16 17 19 21 23 25 27 29 31 34 36 38 40 42 44 46 48 50 52 55 56 58 60 62 64 66 68 70 72 75 1
1 3 5 7 9 11 13 15 17 20 21 23 25 27 29 31 34 36 38 40 42 44 47 48 50 52 55 56 58 60 62 64 66 68 70 72 75 1
1 3 5 7 9 11 13 15 17 19 21 23 25 27 29 31 34 36 38 40 42 44 46 48 51 52 55 56 58 60 62 64 66 68 70 72 75 1
1 3 5 7 9 12 13 15 17 19 21 23 25 27 29 31 34 36 38 40 42 44 46 48 51 52 55 56 58 60 62 64 66 68 70 72 75 0
1 3 5 7 9 11 13 15 17 19 21 23 25 27 29 31 34 36 38 40 42 44 46 48 51 52 55 56 58 60 63 64 66 68 70 72 75 0
1 3 5 7 9 12 13 16 17 19 21 23 25 27 29 31 34 36 38 40 42 44 46 48 51 52 55 56 58 60 62 64 66 68 70 72 75 1
1 3 5 7 9 11 13 15 17 20 21 23 25 27 29 31 34 36 38 40 42 44 47 48 51 52 55 56 58 60 62 64 66 68 70 72 75 1
1 3 5 7 9 11 13 15 17 19 21 23 25 27 29 31 34 36 39 40 42 44 46 48 50 52 55 56 58 60 62 64 66 68 70 72 75 0
1 3 5 7 9 11 13 15 17 19 21 23 25 27 29 31 34 36 39 40 42 44 46 48 50 52 55 56 58 60 62 64 66 68 71 72 75 0
1 3 5 7 9 12 13 15 17 19 21 23 25 27 29 31 34 36 39 40 42 44 46 48 50 52 55 56 58 60 62 64 66 68 70 72 75 1
1 3 5 7 9 12 13 16 17 19 21 23 25 27 29 31 34 36 39 40 42 44 46 48 50 52 55 56 58 60 62 64 66 68 71 72 75 1
1 3 5 7 9 11 13 15 17 19 21 23 25 27 29 31 34 36 39 40 42 44 46 48 50 52 55 56 58 60 62 64 66 69 71 72 75 0
1 3 5 7 9 11 13 15 17 19 21 23 25 27 29 31 34 36 39 40 42 44 46 48 51 52 55 56 58 60 62 64 66 68 70 72 75 1
1 3 5 7 9 11 13 15 17 19 21 23 25 27 29 31 34 36 39 40 42 44 46 48 51 52 55 56 58 60 62 64 66 68 71 72 75 1
1 3 5 7 9 11 13 15 17 19 21 23 25 27 29 31 34 36 39 40 42 44 46 48 51 52 55 56 58 60 62 64 66 69 71 72 75 1
1 3 5 7 9 12 13 16 18 20 21 23 25 27 29 31 34 36 38 40 42 44 46 48 50 52 55 56 58 60 62 64 66 68 70 72 75 1
1 3 5 7 9 12 13 16 18 20 21 23 25 27 29 31 34 36 38 40 42 44 46 48 51 52 55 56 58 60 62 64 66 68 70 72 75 0
1 3 5 7 9 11 14 15 17 19 21 23 25 27 29 31 34 36 38 40 42 44 46 48 50 52 55 56 58 60 62 64 66 68 70 72 75 0
1 3 5 7 9 11 14 15 17 19 21 23 25 27 29 31 34 36 38 40 42 44 46 48 50 52 55 56 58 60 62 64 66 68 71 72 75 1
1 3 5 7 10 11 14 15 17 19 21 23 25 27 29 31 34 36 38 40 42 44 46 48 50 52 55 56 58 60 62 64 66 68 71 72 75 0
1 3 5 7 10 12 14 15 17 19 21 23 25 27 29 31 34 36 38 40 42 44 46 48 50 52 55 56 58 60 62 64 66 68 70 72 75 0
1 3 5 7 10 12 14 15 17 19 21 23 25 27 29 31 34 36 38 40 42 44 46 48 50 52 55 56 58 60 62 64 66 68 71 72 75 0
1 3 5 7 9 12 14 16 17 19 21 23 25 27 29 31 34 36 38 40 42 44 46 48 50 52 55 56 58 60 62 64 66 68 70 72 75 0
1 3 5 7 9 12 14 16 17 19 21 23 25 27 29 31 34 36 38 40 42 44 46 48 50 52 55 56 58 60 62 64 66 68 71 72 75 1
1 3 5 7 9 12 14 15 17 19 21 23 25 27 29 31 34 36 38 40 42 44 46 48 50 52 55 56 58 60 62 64 66 69 71 72 75 0
1 3 5 7 9 11 14 15 17 20 21 23 25 27 29 31 34 36 38 40 42 44 47 48 50 52 55 56 58 60 62 64 66 68 70 72 75 0
1 3 5 7 9 11 14 15 17 20 21 23 25 27 29 31 34 36 38 40 42 44 47 48 50 52 55 56 58 60 62 64 66 68 71 72 75 0
1 3 5 7 9 11 14 16 17 20 21 23 25 27 29 31 34 36 38 40 42 44 47 48 50 52 55 56 58 60 62 64 66 68 71 72 75 1
1 3 5 7 9 11 14 15 17 19 21 23 25 27 29 31 34 36 38 40 42 44 46 48 51 52 55 56 58 60 62 64 66 68 70 72 75 1
1 3 5 8 9 11 14 15 17 19 21 23 25 27 29 31 34 36 38 40 42 44 46 48 51 52 55 56 58 60 62 64 66 68 71 72 75 0
1 3 5 7 10 11 14 15 17 19 21 23 25 27 29 31 34 36 38 40 42 44 46 48 51 52 55 56 58 60 62 64 66 68 71 72 75 1
1 3 5 7 9 12 14 16 17 19 21 23 25 27 29 31 34 36 38 40 42 44 46 48 51 52 55 56 58 60 62 64 66 68 70 72 75 1
1 3 5 7 9 11 14 15 17 20 21 23 25 27 29 31 34 36 38 40 42 44 47 48 51 52 55 56 58 60 62 64 66 68 70 72 75 1
1 3 5 7 9 11 14 15 17 19 21 23 25 27 29 31 34 36 39 40 42 44 46 48 50 52 55 56 58 60 62 64 66 68 70 72 75 1
1 3 5 7 9 11 14 15 17 19 21 23 25 27 29 31 34 36 39 40 42 44 46 48 50 52 55 56 58 60 62 64 66 68 71 72 75 0
1 3 5 7 10 12 14 15 17 19 21 23 25 27 29 31 34 36 39 40 42 44 46 48 50 52 55 56 58 60 62 64 66 68 70 72 75 1
1 3 5 7 9 11 14 15 17 19 21 23 25 27 29 31 34 36 39 40 42 44 46 48 50 52 55 56 58 60 62 64 66 69 71 72 75 1
1 3 6 7 9 11 14 15 17 19 21 23 25 27 29 31 34 36 39 40 42 44 46 48 50 52 55 56 58 60 62 64 66 69 70 72 75 1
1 3 5 7 9 12 14 15 17 19 21 23 25 27 29 31 34 36 39 40 42 44 46 48 50 52 55 56 58 60 62 64 66 69 71 72 75 0
1 3 5 7 9 11 14 15 17 19 21 23 25 27 29 31 34 36 39 40 42 44 46 48 51 52 55 56 58 60 62 64 66 68 70 72 75 0
1 3 5 7 9 11 14 15 17 19 21 23 25 27 29 31 34 36 39 40 42 44 46 48 51 52 55 56 58 60 62 64 66 68 71 72 75 0
1 3 5 7 9 12 14 16 17 19 21 23 25 27 29 31 34 36 39 40 42 44 46 48 51 52 55 56 58 60 62 64 66 68 71 72 75 1
1 3 5 7 9 11 14 15 17 19 21 23 25 27 29 31 34 36 39 40 42 44 46 48 51 52 55 56 58 60 62 64 66 69 71 72 75 1
1 3 5 7 9 12 14 15 17 19 21 23 25 27 29 31 34 36 39 40 42 44 46 48 51 52 55 56 58 60 62 64 66 69 71 72 75 1
1 3 5 7 9 12 14 16 18 20 21 23 25 27 29 31 34 36 38 40 42 44 46 48 50 52 55 56 58 60 62 64 66 68 70 72 75 1
1 3 5 7 9 11 13 15 17 19 21 23 25 28 29 31 34 36 38 40 42 44 46 48 50 52 54 56 58 60 62 64 66 68 70 72 75 1
1 3 5 7 9 12 13 15 17 19 21 23 25 28 29 31 34 36 38 40 42 44 46 48 50 52 54 56 58 60 62 64 66 68 70 72 75 1
1 3 5 7 9 12 13 15 17 19 21 23 25 28 29 31 34 36 38 40 42 44 46 48 50 52 54 57 58 60 62 64 66 68 70 72 75 1
1 3 5 7 9 12 13 16 17 19 21 23 25 28 29 31 34 36 38 40 42 44 46 48 50 52 54 56 58 60 62 64 66 68 70 72 75 0
1 3 5 7 9 11 13 15 17 19 21 23 25 28 29 31 34 36 38 40 42 44 46 48 51 52 54 56 58 60 62 64 66 68 70 72 75 1
1 3 5 7 9 11 13 15 17 19 21 23 25 28 29 31 34 36 38 40 42 44 46 48 51 52 54 56 58 60 63 64 66 68 70 72 75 0
1 3 5 7 9 11 13 15 17 19 21 23 25 28 29 31 34 36 39 40 42 44 46 48 50 52 54 56 58 60 62 64 66 68 71 72 75 0
1 3 6 7 9 11 13 15 17 19 21 23 25 28 29 31 34 36 39 40 42 44 46 48 50 52 54 56 58 60 62 64 66 68 71 72 75 1
1 3 5 7 9 11 13 15 17 19 21 23 25 28 29 31 34 36 39 40 42 44 46 48 51 52 54 56 58 60 62 64 66 68 71 72 75 1
1 3 5 7 9 12 13 16 18 20 21 23 25 28 29 31 34 36 38 40 42 44 46 48 50 52 54 56 58 60 62 64 66 68 70 72 75 0
1 3 5 7 9 11 14 15 17 19 21 23 25 28 29 31 34 36 38 40 42 44 46 48 50 52 54 56 58 60 62 64 66 68 70 72 75 0
1 3 5 7 9 11 14 15 17 19 21 23 25 28 29 31 34 36 38 40 42 44 46 48 50 52 54 56 58 60 62 64 66 68 71 72 75 1
1 3 6 7 9 11 14 15 17 19 21 23 25 28 29 31 34 36 38 40 42 44 46 48 50 52 54 56 58 60 62 64 66 68 71 72 75 1
1 3 5 7 10 11 14 15 17 19 21 23 25 28 29 31 34 36 38 40 42 44 46 48 50 52 54 56 58 60 62 64 66 68 71 72 75 1
1 3 5 7 9 11 14 16 17 19 21 23 25 28 29 31 34 36 38 40 42 44 46 48 50 52 54 56 58 60 62 64 66 68 70 72 75 0
1 3 5 7 9 12 14 16 17 19 21 23 25 28 29 31 34 36 38 40 42 44 46 48 50 52 54 56 58 60 62 64 66 68 70 72 75 0
1 3 5 7 9 11 14 15 17 19 21 23 25 28 29 31 34 36 38 40 42 44 46 48 51 52 54 56 58 60 62 64 66 68 70 72 75 1
1 3 5 8 9 11 14 15 17 19 21 23 25 28 29 31 34 36 38 40 42 44 46 48 51 52 54 56 58 60 62 64 66 68 71 72 75 1
1 3 5 7 9 11 14 16 17 19 21 23 25 28 29 31 34 36 38 40 42 44 46 48 51 52 54 56 58 60 62 64 66 68 70 72 75 0
1 3 5 7 9 12 14 16 17 19 21 23 25 28 29 31 34 36 38 40 42 44 46 48 51 52 54 56 58 60 62 64 66 68 70 72 75 0
1 3 5 7 9 11 14 15 17 19 21 23 25 28 29 31 34 36 39 40 42 44 46 48 51 52 54 56 58 60 62 64 66 68 71 72 75 0
1 3 5 7 9 11 14 16 18 20 21 23 25 28 29 31 34 36 38 40 42 44 46 48 50 52 54 56 58 60 62 64 66 68 70 72 75 0
1 3 5 7 9 12 14 16 18 20 21 23 25 28 29 31 34 36 38 40 42 44 46 48 50 52 54 56 58 60 62 64 66 68 70 72 75 0
1 3 5 7 9 11 14 16 18 20 21 23 25 28 29 31 34 36 38 40 42 44 46 48 51 52 54 56 58 60 62 64 66 68 70 72 75 1
1 3 5 7 9 11 13 15 17 19 21 23 25 28 29 31 34 36 38 40 42 44 46 48 50 52 55 56 58 60 62 64 66 68 70 72 75 1
1 3 5 7 9 12 13 15 17 19 21 23 25 28 29 31 34 36 38 40 42 44 46 48 50 52 55 56 58 60 62 64 66 68 70 72 75 1
1 3 5 7 9 12 13 16 17 19 21 23 25 28 29 31 34 36 38 40 42 44 46 48 50 52 55 56 58 60 62 64 66 68 70 72 75 1
1 3 5 7 9 11 13 15 17 20 21 23 25 28 29 31 34 36 38 40 42 44 47 48 50 52 55 56 58 60 62 64 66 68 70 72 75 1
1 3 5 7 9 12 13 15 17 20 21 23 25 28 29 31 34 36 38 40 42 44 47 48 50 52 55 56 58 60 62 64 66 68 70 72 75 1
1 3 5 7 9 11 13 15 17 19 21 23 25 28 29 31 34 36 38 40 42 44 46 48 51 52 55 56 58 60 62 64 66 68 70 72 75 1
1 3 5 7 9 12 13 15 17 19 21 23 25 28 29 31 34 36 38 40 42 44 46 48 51 52 55 56 58 60 62 64 66 68 70 72 75 1
1 3 5 7 9 11 13 15 17 19 21 23 25 28 29 31 34 36 38 40 42 44 46 48 51 52 55 56 58 60 63 64 66 68 70 72 75 1
1 3 5 7 9 12 13 16 17 19 21 23 25 28 29 31 34 36 38 40 42 44 46 48 51 52 55 56 58 60 62 64 66 68 70 72 75 0
1 3 5 7 9 11 13 15 17 20 21 23 25 28 29 31 34 36 38 40 42 44 47 48 51 52 55 56 58 60 62 64 66 68 70 72 75 0
1 3 5 7 9 11 14 15 17 19 21 23 25 28 29 31 34 36 38 40 42 44 46 48 50 52 55 56 58 60 62 64 66 68 70 72 75 1
1 3 5 7 10 11 14 15 17 19 21 23 25 28 29 31 34 36 38 40 42 44 46 48 50 52 55 56 58 60 62 64 66 68 71 72 75 1
1 3 5 7 10 12 14 15 17 19 21 23 25 28 29 31 34 36 38 40 42 44 46 48 50 52 55 56 58 60 62 64 66 68 70 72 75 1
1 3 5 7 9 12 14 16 17 19 21 23 25 28 29 31 34 36 38 40 42 44 46 48 50 52 55 56 58 60 62 64 66 68 70 72 75 1
1 3 5 7 9 11 14 15 17 20 21 23 25 28 29 31 34 36 38 40 42 44 47 48 50 52 55 56 58 60 62 64 66 68 70 72 75 1
1 3 5 7 9 11 14 15 17 19 21 23 25 28 29 31 34 36 38 40 42 44 46 48 51 52 55 56 58 60 62 64 66 68 70 72 75 0
1 3 5 7 9 12 14 16 17 19 21 23 25 28 29 31 34 36 38 40 42 44 46 48 51 52 55 56 58 60 62 64 66 68 70 72 75 0
1 3 5 7 9 11 14 15 17 20 21 23 25 28 29 31 34 36 38 40 42 44 47 48 51 52 55 56 58 60 62 64 66 68 70 72 75 0
1 3 5 7 9 11 13 15 17 19 21 23 26 27 29 31 34 36 38 40 42 44 46 48 50 52 54 56 58 60 62 64 66 68 70 72 75 1
1 3 5 7 9 11 13 15 17 19 21 23 26 27 29 31 34 36 39 40 42 44 46 48 50 52 54 56 58 60 62 64 66 69 71 72 75 1
1 3 5 7 9 11 13 15 17 19 21 23 26 27 29 31 34 36 39 40 42 44 46 48 51 52 54 56 58 60 62 64 66 68 71 72 75 1
1 3 5 7 9 11 14 15 17 19 21 23 26 27 29 31 34 36 38 40 42 44 46 48 50 52 54 56 58 60 62 64 66 68 70 72 75 1
1 3 5 7 9 11 14 15 17 19 21 23 26 27 29 31 34 36 39 40 42 44 46 48 50 52 54 56 58 60 62 64 66 69 71 72 75 1
1 3 5 7 9 11 14 15 17 19 21 23 26 27 29 31 34 36 39 40 42 44 46 48 51 52 54 56 58 60 62 64 66 68 71 72 75 1
1 3 5 7 9 11 13 15 17 19 21 23 26 27 29 31 34 36 38 40 42 44 46 48 50 52 55 56 58 60 62 64 66 68 70 72 75 1
1 3 5 7 9 11 13 15 17 20 21 23 26 27 29 31 34 36 38 40 42 44 47 48 50 52 55 56 58 60 62 64 66 68 70 72 75 0
1 3 5 7 9 11 13 15 17 19 21 23 26 27 29 31 34 36 38 40 42 44 46 48 51 52 55 56 58 60 62 64 66 68 70 72 75 0
1 3 5 7 9 11 13 15 17 19 21 23 26 27 29 31 34 36 39 40 42 44 46 48 50 52 55 56 58 60 62 64 66 68 70 72 75 1
1 3 5 7 9 11 13 15 17 19 21 23 26 27 29 31 34 36 39 40 42 44 46 48 50 52 55 56 58 60 62 64 66 69 71 72 75 0
1 3 5 7 9 11 14 15 17 19 21 23 26 27 29 31 34 36 38 40 42 44 46 48 50 52 55 56 58 60 62 64 66 68 70 72 75 0
1 3 5 7 9 11 14 15 17 19 21 23 26 27 29 31 34 36 38 40 42 44 46 48 51 52 55 56 58 60 62 64 66 68 70 72 75 1
1 3 5 7 9 11 14 15 17 19 21 23 26 28 29 31 34 36 38 40 42 44 46 48 50 52 54 56 58 60 62 64 66 68 70 72 75 0
1 3 5 7 9 11 14 15 17 19 21 23 26 28 29 31 34 36 38 40 42 44 46 48 51 52 54 56 58 60 62 64 66 68 70 72 75 1
1 3 5 7 9 11 13 15 17 19 21 23 26 28 29 31 34 36 38 40 42 44 46 48 50 52 55 56 58 60 62 64 66 68 70 72 75 0
1 3 5 7 9 11 13 15 17 19 21 23 26 28 29 31 34 36 38 40 42 44 46 48 51 52 55 56 58 60 62 64 66 68 70 72 75 0
1 3 5 7 9 11 13 15 17 19 21 23 25 27 29 31 34 36 38 40 42 45 46 48 50 52 54 56 58 60 62 64 66 68 70 72 74 0
1 3 5 7 9 11 13 15 17 19 21 23 25 27 29 31 34 36 38 40 42 45 46 48 50 52 54 56 58 60 62 64 66 69 70 72 74 0
1 3 5 7 9 11 13 15 17 20 21 23 25 27 29 31 34 36 38 40 42 45 47 48 50 52 54 56 58 60 62 64 66 68 70 72 74 0
1 3 5 7 9 11 13 15 17 19 21 23 25 27 29 31 34 36 38 40 42 45 46 48 51 52 54 56 58 60 62 64 66 68 70 72 74 0
1 3 5 7 9 11 13 15 17 19 21 23 25 27 29 31 34 36 38 40 42 45 46 48 51 52 54 56 58 60 62 64 66 69 70 72 74 1
1 3 5 7 9 11 13 15 17 20 21 23 25 27 29 31 34 36 38 40 42 45 47 48 51 52 54 56 58 60 62 64 66 68 70 72 74 0
1 3 5 7 9 11 13 15 17 19 21 23 25 27 29 31 34 36 39 40 42 45 46 48 50 52 54 56 58 60 62 64 66 68 71 72 74 0
1 3 5 7 9 12 13 15 17 19 21 23 25 27 29 31 34 36 39 40 42 45 46 48 50 52 54 56 58 60 62 64 66 68 71 72 74 1
1 3 5 7 9 11 13 15 17 19 21 23 25 27 29 31 34 36 39 40 42 45 46 48 50 52 54 56 58 60 62 64 66 69 71 72 74 1
1 3 5 7 9 11 13 15 17 19 21 23 25 27 29 31 34 36 39 40 42 45 46 48 51 52 54 56 58 60 62 64 66 68 71 72 74 0
1 3 5 7 9 12 13 15 17 19 21 23 25 27 29 31 34 36 39 40 42 45 46 48 51 52 54 56 58 60 62 64 66 68 71 72 74 1
1 3 5 7 9 11 13 15 17 19 21 23 25 27 29 31 34 36 39 40 42 45 46 48 51 52 54 56 58 60 63 64 66 68 71 72 74 1
1 3 5 7 9 11 13 15 17 19 21 23 25 27 29 31 34 36 39 40 42 45 46 48 51 52 54 56 58 60 62 64 66 69 71 72 74 0
1 3 5 7 9 11 14 15 17 19 21 23 25 27 29 31 34 36 38 40 42 45 46 48 50 52 54 56 58 60 62 64 66 68 70 72 74 1
1 3 5 7 9 11 14 15 17 19 21 23 25 27 29 31 34 36 38 40 42 45 46 48 50 52 54 56 58 60 62 64 66 69 70 72 74 1
1 3 5 7 9 11 14 15 17 20 21 23 25 27 29 31 34 36 38 40 42 45 47 48 50 52 54 56 58 60 62 64 66 68 70 72 74 0
1 3 5 7 9 11 14 15 17 19 21 23 25 27 29 31 34 36 38 40 42 45 46 48 51 52 54 56 58 60 62 64 66 68 70 72 74 1
1 3 5 7 9 11 14 15 17 19 21 23 25 27 29 31 34 36 38 40 42 45 46 48 51 52 54 56 58 60 62 64 66 69 70 72 74 1
1 3 5 7 9 11 14 15 17 19 21 23 25 27 29 31 34 36 39 40 42 45 46 48 50 52 54 56 58 60 62 64 66 68 71 72 74 0
1 3 5 7 9 12 14 15 17 19 21 23 25 27 29 31 34 36 39 40 42 45 46 48 50 52 54 56 58 60 62 64 66 68 71 72 74 0
1 3 5 7 10 12 14 15 17 19 21 23 25 27 29 31 34 36 39 40 42 45 46 48 50 52 54 56 58 60 62 64 66 68 71 72 74 1
1 3 5 7 9 11 14 15 17 19 21 23 25 27 29 31 34 36 39 40 42 45 46 48 51 52 54 56 58 60 62 64 66 68 71 72 74 0
1 3 5 7 9 11 13 15 17 19 21 23 25 27 29 31 34 36 38 40 42 45 46 48 50 52 55 56 58 60 62 64 66 68 70 72 74 1
1 3 5 7 9 11 13 15 17 19 21 23 25 27 29 31 34 36 38 40 42 45 46 48 50 52 55 56 58 60 62 64 66 69 70 72 74 1
1 3 5 7 9 11 13 15 17 20 21 23 25 27 29 31 34 36 38 40 42 45 47 48 50 52 55 56 58 60 62 64 66 68 70 72 74 0
1 3 5 7 9 11 13 15 17 20 21 23 25 27 29 31 34 36 38 40 42 45 47 48 50 52 55 56 58 60 62 64 66 69 70 72 74 0
1 3 5 7 9 11 13 15 17 19 21 23 25 27 29 31 34 36 38 40 42 45 46 48 51 52 55 56 58 60 62 64 66 68 70 72 74 0
1 3 5 7 9 11 13 15 17 19 21 23 25 27 29 31 34 36 38 40 42 45 46 48 51 52 55 56 58 60 62 64 66 69 70 72 74 1
1 3 5 7 9 11 13 15 17 20 21 23 25 27 29 31 34 36 38 40 42 45 47 48 51 52 55 56 58 60 62 64 66 68 70 72 74 0
1 3 5 7 9 11 13 15 17 20 21 23 25 27 29 31 34 36 38 40 42 45 47 48 51 52 55 56 58 60 62 64 66 69 70 72 74 0
1 3 5 7 9 11 13 15 17 19 21 23 25 27 29 31 34 36 39 40 42 45 46 48 50 52 55 56 58 60 62 64 66 68 71 72 74 0
1 3 5 7 9 12 13 15 17 19 21 23 25 27 29 31 34 36 39 40 42 45 46 48 50 52 55 56 58 60 62 64 66 68 71 72 74 0
1 3 5 7 9 11 13 15 17 19 21 23 25 27 29 31 34 36 39 40 42 45 46 48 50 52 55 56 58 60 62 64 66 69 71 72 74 1
1 3 5 7 9 12 13 15 17 19 21 23 25 27 29 31 34 36 39 40 42 45 46 48 50 52 55 56 58 60 62 64 66 69 71 72 74 1
1 3 5 7 9 11 13 15 17 20 21 23 25 27 29 31 34 36 39 40 42 45 47 48 50 52 55 56 58 60 62 64 66 69 70 72 74 0
1 3 5 7 9 11 13 15 17 19 21 23 25 27 29 31 34 36 39 40 42 45 46 48 51 52 55 56 58 60 62 64 66 68 71 72 74 0
1 3 5 7 9 12 13 15 17 19 21 23 25 27 29 31 34 36 39 40 42 45 46 48 51 52 55 56 58 60 62 64 66 68 71 72 74 0
1 3 5 7 9 11 13 15 17 19 21 23 25 27 29 31 34 36 39 40 42 45 46 48 51 52 55 56 58 60 62 64 66 69 71 72 74 0
1 3 5 7 9 12 13 15 17 19 21 23 25 27 29 31 34 36 39 40 42 45 46 48 51 52 55 56 58 60 62 64 66 69 71 72 74 0
1 3 5 7 9 11 14 15 17 19 21 23 25 27 29 31 34 36 38 40 42 45 46 48 50 52 55 56 58 60 62 64 66 68 70 72 74 0
1 3 5 7 9 11 14 15 17 19 21 23 25 27 29 31 34 36 38 40 42 45 46 48 50 52 55 56 58 60 62 64 66 69 70 72 74 1
1 3 5 7 9 11 14 15 17 20 21 23 25 27 29 31 34 36 38 40 42 45 47 48 50 52 55 56 58 60 62 64 66 68 70 72 74 0
1 3 5 7 9 11 14 15 17 20 21 23 25 27 29 31 34 36 38 40 42 45 47 48 50 52 55 56 58 60 62 64 66 69 70 72 74 0
1 3 5 7 9 11 14 15 17 19 21 23 25 27 29 31 34 36 38 40 42 45 46 48 51 52 55 56 58 60 62 64 66 68 70 72 74 0
1 3 5 7 9 11 14 15 17 19 21 23 25 27 29 31 34 36 38 40 42 45 46 48 51 52 55 56 58 60 62 64 66 69 70 72 74 1
1 3 5 7 9 12 14 16 17 19 21 23 25 27 29 31 34 36 38 40 42 45 46 48 51 52 55 56 58 60 62 64 66 69 70 72 74 0
1 3 5 7 9 11 14 15 17 19 21 23 25 27 29 31 34 36 39 40 42 45 46 48 50 52 55 56 58 60 62 64 66 68 71 72 74 0
1 3 5 7 9 12 14 15 17 19 21 23 25 27 29 31 34 36 39 40 42 45 46 48 50 52 55 56 58 60 62 64 66 68 71 72 74 1
1 3 5 7 9 12 14 16 17 19 21 23 25 27 29 31 34 36 39 40 42 45 46 48 50 52 55 56 58 60 62 64 66 68 71 72 74 0
1 3 5 7 9 11 14 15 17 19 21 23 25 27 29 31 34 36 39 40 42 45 46 48 50 52 55 56 58 60 62 64 66 69 71 72 74 1
1 3 5 7 9 12 14 15 17 19 21 23 25 27 29 31 34 36 39 40 42 45 46 48 50 52 55 56 58 60 62 64 66 69 71 72 74 0
1 3 5 7 9 11 14 16 17 19 21 23 25 27 29 31 34 36 39 40 42 45 46 48 50 52 55 56 58 60 62 64 66 69 71 72 74 0
1 3 5 7 9 11 14 15 17 20 21 23 25 27 29 31 34 36 39 40 42 45 47 48 50 52 55 56 58 60 62 64 66 69 70 72 74 1
1 3 5 7 9 11 14 15 17 19 21 23 25 27 29 31 34 36 39 40 42 45 46 48 51 52 55 56 58 60 62 64 66 68 71 72 74 0
1 3 5 7 9 11 14 15 17 19 21 23 25 27 29 31 34 36 39 40 42 45 46 48 51 52 55 56 58 60 62 64 66 69 71 72 74 1
1 3 5 7 9 11 13 15 17 19 21 23 25 28 29 31 34 36 38 40 42 45 46 48 50 52 54 56 58 60 62 64 66 68 70 72 74 1
1 3 5 7 9 11 13 15 17 19 21 23 25 28 29 31 34 36 38 40 42 45 46 48 50 52 54 56 58 60 62 64 66 69 70 72 74 0
1 3 5 7 9 11 13 15 17 19 21 23 25 28 29 31 34 36 38 40 42 45 46 48 51 52 54 56 58 60 62 64 66 68 70 72 74 0
1 3 5 7 9 11 13 15 17 19 21 23 25 28 29 31 34 36 38 40 42 45 46 48 51 52 54 56 58 60 63 64 66 68 70 72 74 1
1 3 5 7 9 11 13 15 17 19 21 23 25 28 29 31 34 36 38 40 42 45 46 48 51 52 54 56 58 60 62 64 66 69 70 72 74 1
1 3 5 7 9 11 13 15 17 19 21 23 25 28 29 31 34 36 38 40 42 45 46 48 51 52 54 56 58 60 63 64 66 69 70 72 74 1
1 3 5 7 9 11 14 15 17 19 21 23 25 28 29 31 34 36 38 40 42 45 46 48 50 52 54 56 58 60 62 64 66 68 70 72 74 0
1 3 5 7 9 11 14 15 17 19 21 23 25 28 29 31 34 36 38 40 42 45 46 48 50 52 54 56 58 60 62 64 66 69 70 72 74 0
1 3 5 7 9 11 14 15 17 19 21 23 25 28 29 31 34 36 38 40 42 45 46 48 51 52 54 56 58 60 62 64 66 68 70 72 74 1
1 3 5 7 9 11 14 15 17 19 21 23 25 28 29 31 34 36 38 40 42 45 46 48 51 52 54 56 58 60 62 64 66 69 70 72 74 1
1 3 5 7 9 11 13 15 17 19 21 23 25 28 29 31 34 36 38 40 42 45 46 48 50 52 55 56 58 60 62 64 66 68 70 72 74 1
1 3 5 7 9 11 13 15 17 19 21 23 25 28 29 31 34 36 38 40 42 45 46 48 50 52 55 56 58 60 62 64 66 69 70 72 74 1
1 3 5 7 9 11 13 15 17 19 21 23 25 28 29 31 34 36 38 40 42 45 46 48 51 52 55 56 58 60 62 64 66 68 70 72 74 0
1 3 5 7 9 11 13 15 17 19 21 23 25 28 29 31 34 36 38 40 42 45 46 48 51 52 55 56 58 60 63 64 66 68 70 72 74 1
1 3 5 7 9 11 13 15 17 19 21 23 25 28 29 31 34 36 38 40 42 45 46 48 51 52 55 56 58 60 62 64 66 69 70 72 74 1
1 3 5 7 9 11 14 15 17 19 21 23 25 28 29 31 34 36 38 40 42 45 46 48 50 52 55 56 58 60 62 64 66 68 70 72 74 1
1 3 5 7 9 11 14 15 17 19 21 23 25 28 29 31 34 36 38 40 42 45 46 48 50 52 55 56 58 60 62 64 66 69 70 72 74 0
1 3 5 7 9 11 14 15 17 19 21 23 25 28 29 31 34 36 38 40 42 45 46 48 51 52 55 56 58 60 62 64 66 68 70 72 74 0
1 3 5 7 9 12 14 16 17 19 21 23 25 28 29 31 34 36 38 40 42 45 46 48 51 52 55 56 58 60 62 64 66 68 70 72 74 0
1 3 5 7 9 11 14 15 17 19 21 23 25 28 29 31 34 36 38 40 42 45 46 48 51 52 55 56 58 60 62 64 66 69 70 72 74 1
1 3 5 7 9 11 13 15 17 19 21 23 26 27 29 31 34 36 38 40 42 45 46 48 50 52 54 56 58 60 62 64 66 69 70 72 74 0
1 3 5 7 9 11 13 15 17 20 21 23 26 27 29 31 34 36 38 40 42 45 47 48 50 52 54 56 58 60 62 64 66 68 70 72 74 0
1 3 5 7 9 11 13 15 17 19 21 23 26 27 29 31 34 36 39 40 42 45 46 48 50 52 54 56 58 60 62 64 66 68 71 72 74 0
1 3 5 7 9 11 14 15 17 19 21 23 26 27 29 31 34 36 38 40 42 45 46 48 50 52 54 56 58 60 62 64 66 69 70 72 74 1
1 3 5 7 9 11 14 15 17 20 21 23 26 27 29 31 34 36 38 40 42 45 47 48 50 52 54 56 58 60 62 64 66 68 70 72 74 0
1 3 5 7 9 11 14 15 17 19 21 23 26 27 29 31 34 36 39 40 42 45 46 48 50 52 54 56 58 60 62 64 66 68 71 72 74 0
1 3 5 7 9 11 13 15 17 19 21 23 26 27 29 31 34 36 38 40 42 45 46 48 50 52 55 56 58 60 62 64 66 69 70 72 74 1
1 3 5 7 9 11 13 15 17 19 21 23 26 27 29 31 34 36 39 40 42 45 46 48 50 52 55 56 58 60 62 64 66 68 71 72 74 1
1 3 5 7 9 11 14 15 17 19 21 23 26 27 29 31 34 36 38 40 42 45 46 48 50 52 55 56 58 60 62 64 66 69 70 72 74 1
1 3 5 7 9 11 14 15 17 19 21 23 26 27 29 31 34 36 39 40 42 45 46 48 50 52 55 56 58 60 62 64 66 68 71 72 74 0
1 3 5 7 9 11 13 15 17 19 21 23 26 28 29 31 34 36 38 40 42 45 46 48 50 52 54 56 58 60 62 64 66 68 70 72 74 0
1 3 5 7 9 11 13 15 17 19 21 23 26 28 29 31 34 36 38 40 42 45 46 48 50 52 54 56 58 60 62 64 66 69 70 72 74 1
1 3 5 7 9 11 14 15 17 19 21 23 26 28 29 31 34 36 38 40 42 45 46 48 50 52 54 56 58 60 62 64 66 68 70 72 74 1
1 3 5 7 9 11 14 15 17 19 21 23 26 28 29 31 34 36 38 40 42 45 46 48 50 52 54 56 58 60 62 64 66 69 70 72 74 1
1 3 5 7 9 11 13 15 17 19 21 23 26 28 29 31 34 36 38 40 42 45 46 48 50 52 55 56 58 60 62 64 66 68 70 72 74 1
1 3 5 7 9 11 13 15 17 19 21 23 26 28 29 31 34 36 38 40 42 45 46 48 50 52 55 56 58 60 62 64 66 69 70 72 74 1
1 3 5 7 9 11 14 15 17 19 21 23 26 28 29 31 34 36 38 40 42 45 46 48 50 52 55 56 58 60 62 64 66 68 70 72 74 1
1 3 5 7 9 11 14 15 17 19 21 23 26 28 29 31 34 36 38 40 42 45 46 48 50 52 55 56 58 60 62 64 66 69 70 72 74 1
1 3 5 7 9 11 13 15 17 19 21 23 25 27 29 31 34 36 38 40 42 45 46 48 50 52 54 56 58 60 62 64 66 68 70 72 75 0
1 3 5 7 9 11 13 15 17 20 21 23 25 27 29 31 34 36 38 40 42 45 47 48 50 52 54 56 58 60 62 64 66 69 70 72 75 0
1 3 5 7 9 11 13 15 17 19 21 23 25 27 29 31 34 36 38 40 42 45 46 48 51 52 54 56 58 60 62 64 66 68 70 72 75 0
1 3 5 7 9 11 13 15 17 20 21 23 25 27 29 31 34 36 38 40 42 45 47 48 51 52 54 56 58 60 62 64 66 69 70 72 75 0
1 3 5 7 9 11 13 15 17 19 21 23 25 27 29 31 34 36 39 40 42 45 46 48 50 52 54 56 58 60 62 64 66 68 70 72 75 0
1 3 5 7 9 11 13 15 17 19 21 23 25 27 29 31 34 36 39 40 42 45 46 48 50 52 54 56 58 60 62 64 66 68 71 72 75 1
1 3 5 7 9 11 13 15 17 19 21 23 25 27 29 31 34 36 39 40 42 45 46 48 50 52 54 56 58 60 62 64 66 69 71 72 75 1
1 3 5 7 9 12 13 15 17 19 21 23 25 27 29 31 34 36 39 40 42 45 46 48 50 52 54 56 58 60 62 64 66 69 71 72 75 1
1 3 5 7 9 11 13 15 17 19 21 23 25 27 29 31 34 36 39 40 42 45 46 48 51 52 54 56 58 60 62 64 66 68 71 72 75 1
1 3 5 7 9 11 13 15 17 19 21 23 25 27 29 31 34 36 39 40 42 45 46 48 51 52 54 56 58 60 62 64 66 69 71 72 75 1
1 3 5 7 9 11 14 15 17 19 21 23 25 27 29 31 34 36 38 40 42 45 46 48 50 52 54 56 58 60 62 64 66 68 70 72 75 0
1 3 5 7 9 11 14 15 17 20 21 23 25 27 29 31 34 36 38 40 42 45 47 48 50 52 54 56 58 60 62 64 66 69 70 72 75 0
1 3 5 7 9 11 14 15 17 19 21 23 25 27 29 31 34 36 38 40 42 45 46 48 51 52 54 56 58 60 62 64 66 68 70 72 75 0
1 3 5 7 9 11 14 15 17 20 21 23 25 27 29 31 34 36 38 40 42 45 47 48 51 52 54 56 58 60 62 64 66 69 70 72 75 1
1 3 5 7 9 11 14 15 17 19 21 23 25 27 29 31 34 36 39 40 42 45 46 48 50 52 54 56 58 60 62 64 66 68 70 72 75 0
1 3 5 7 9 11 14 15 17 19 21 23 25 27 29 31 34 36 39 40 42 45 46 48 50 52 54 56 58 60 62 64 66 69 71 72 75 1
1 3 5 7 9 12 14 15 17 19 21 23 25 27 29 31 34 36 39 40 42 45 46 48 50 52 54 56 58 60 62 64 66 69 71 72 75 0
1 3 5 7 9 11 14 15 17 19 21 23 25 27 29 31 34 36 39 40 42 45 46 48 51 52 54 56 58 60 62 64 66 69 71 72 75 1
1 3 5 7 9 11 13 15 17 19 21 23 25 27 29 31 34 36 38 40 42 45 46 48 50 52 55 56 58 60 62 64 66 68 70 72 75 1
1 3 5 7 9 11 13 15 17 19 21 23 25 27 29 31 34 36 38 40 42 45 46 48 50 52 55 56 58 60 62 64 66 69 70 72 75 0
1 3 5 7 9 11 13 15 17 19 21 23 25 27 29 31 34 36 38 40 42 45 46 48 51 52 55 56 58 60 62 64 66 68 70 72 75 0
1 3 5 7 9 11 13 15 17 19 21 23 25 27 29 31 34 36 38 40 42 45 46 48 51 52 55 56 58 60 62 64 66 69 70 72 75 1
1 3 5 7 9 11 13 15 17 19 21 23 25 27 29 31 34 36 39 40 42 45 46 48 50 52 55 56 58 60 62 64 66 68 71 72 75 1
1 3 5 7 9 12 13 15 17 19 21 23 25 27 29 31 34 36 39 40 42 45 46 48 50 52 55 56 58 60 62 64 66 68 71 72 75 1
1 3 5 7 9 11 13 15 17 19 21 23 25 27 29 31 34 36 39 40 42 45 46 48 50 52 55 56 58 60 62 64 66 69 71 72 75 1
1 3 5 7 9 11 13 15 17 19 21 23 25 27 29 31 34 36 39 40 42 45 46 48 51 52 55 56 58 60 62 64 66 68 71 72 75 1
1 3 5 7 9 11 14 15 17 19 21 23 25 27 29 31 34 36 38 40 42 45 46 48 50 52 55 56 58 60 62 64 66 68 70 72 75 0
1 3 5 7 9 11 14 15 17 19 21 23 25 27 29 31 34 36 38 40 42 45 46 48 50 52 55 56 58 60 62 64 66 69 70 72 75 1
1 3 5 7 9 11 14 15 17 19 21 23 25 27 29 31 34 36 38 40 42 45 46 48 51 52 55 56 58 60 62 64 66 68 70 72 75 0
1 3 5 7 9 11 14 15 17 19 21 23 25 27 29 31 34 36 38 40 42 45 46 48 51 52 55 56 58 60 62 64 66 69 70 72 75 0
1 3 5 7 9 11 14 15 17 19 21 23 25 27 29 31 34 36 39 40 42 45 46 48 50 52 55 56 58 60 62 64 66 68 71 72 75 0
1 3 5 7 9 11 14 15 17 19 21 23 25 27 29 31 34 36 39 40 42 45 46 48 50 52 55 56 58 60 62 64 66 69 71 72 75 0
1 3 5 7 9 11 13 15 17 19 22 23 25 27 29 31 34 36 38 40 42 45 46 48 50 52 54 56 58 60 62 64 66 68 70 72 74 0
1 3 5 7 9 12 13 15 17 19 22 23 25 27 29 31 34 36 38 40 42 45 46 48 50 52 54 56 58 60 62 64 66 68 70 72 74 0
1 3 5 7 9 12 13 15 17 19 22 23 25 27 29 31 34 36 38 40 42 45 46 48 51 52 54 56 58 60 62 64 66 68 70 72 74 0
1 3 5 7 9 11 13 15 17 19 22 24 25 27 29 32 34 36 38 40 42 45 46 48 50 52 54 56 58 60 62 64 66 69 70 72 74 1
1 3 5 7 9 11 13 15 17 19 22 24 25 27 29 32 34 36 38 40 42 45 46 48 51 52 54 56 58 60 62 64 66 69 70 72 74 1
1 3 5 7 9 11 13 15 17 19 22 24 25 27 29 32 34 36 38 40 42 45 46 48 50 52 54 56 58 60 62 64 66 69 70 73 74 0
1 3 5 7 9 11 13 15 17 19 22 23 25 27 29 31 34 36 39 40 42 45 46 48 50 52 54 56 58 60 62 64 66 68 70 72 74 0
1 3 5 7 9 12 13 15 17 19 22 23 25 27 29 31 34 36 39 40 42 45 46 48 50 52 54 56 58 60 62 64 66 68 70 72 74 1
1 3 5 7 9 11 13 15 17 19 22 24 25 27 29 31 34 36 39 40 43 45 46 48 50 52 54 56 58 60 62 64 66 68 70 72 74 0
1 3 5 7 9 12 13 15 17 19 22 24 25 27 29 31 34 36 39 40 43 45 46 48 50 52 54 56 58 60 62 64 66 68 70 72 74 1
1 3 5 7 9 11 14 15 17 19 22 23 25 27 29 31 34 36 38 40 42 45 46 48 50 52 54 56 58 60 62 64 66 68 70 72 74 0
1 3 5 7 10 12 14 15 17 19 22 23 25 27 29 31 34 36 38 40 42 45 46 48 50 52 54 56 58 60 62 64 66 68 70 72 74 0
1 3 5 7 9 11 14 15 17 19 22 23 25 27 29 31 34 36 38 40 42 45 46 48 51 52 54 56 58 60 62 64 66 68 70 72 74 0
1 3 5 7 9 11 14 16 17 19 22 24 25 27 29 31 34 36 38 40 42 45 46 48 50 52 54 56 58 60 62 64 66 69 70 72 74 0
1 3 5 7 9 11 14 15 17 19 22 24 25 27 29 31 34 36 39 40 43 45 46 48 50 52 54 56 58 60 62 64 66 68 70 72 74 0
1 3 5 7 9 11 14 15 17 19 22 24 25 27 29 31 34 36 39 40 43 45 46 48 51 52 54 56 58 60 62 64 66 68 70 72 74 0
1 3 5 7 9 12 14 16 18 20 22 23 25 27 29 31 34 36 38 40 42 45 46 48 50 52 54 56 58 60 62 64 66 68 70 72 74 0
1 3 5 7 9 11 13 15 17 19 22 23 25 27 29 31 34 36 39 40 42 45 46 48 50 52 55 56 58 60 62 64 66 68 70 72 74 0
1 3 5 7 9 11 14 15 17 19 22 23 25 27 29 31 34 36 39 40 42 45 46 48 51 52 55 56 58 60 62 64 66 68 70 72 74 1
1 3 5 7 9 11 13 15 17 19 22 23 25 28 29 31 34 36 38 40 42 45 46 48 50 52 54 56 58 60 62 64 66 68 70 72 74 0
1 3 5 7 9 12 13 15 17 19 22 23 25 28 29 31 34 36 38 40 42 45 46 48 50 52 54 56 58 60 62 64 66 68 70 72 74 1
1 3 5 7 9 12 13 15 17 19 22 23 25 28 29 31 34 36 38 40 42 45 46 48 51 52 54 56 58 60 62 64 66 68 70 72 74 0
1 3 5 7 9 11 13 15 17 19 22 24 25 28 29 31 34 36 38 40 42 45 46 48 50 52 54 56 58 60 62 64 66 68 70 72 74 1
1 3 5 7 9 12 13 15 17 19 22 24 25 28 29 31 34 36 38 40 42 45 46 48 50 52 54 56 58 60 62 64 66 68 70 72 74 0
1 3 5 7 9 11 13 15 17 19 22 24 25 28 29 31 34 36 38 40 42 45 46 48 50 52 54 56 58 60 62 64 66 69 70 72 74 0
1 3 5 7 9 12 13 15 17 19 22 24 25 28 29 31 34 36 38 40 42 45 46 48 51 52 54 56 58 60 62 64 66 68 70 72 74 0
1 3 5 7 9 11 13 15 17 19 22 24 25 28 29 31 34 36 38 40 42 45 46 48 51 52 54 56 58 60 62 64 66 69 70 72 74 0
1 3 5 7 9 11 13 15 17 19 22 23 25 28 29 31 34 36 38 40 42 45 46 49 50 52 54 56 58 60 62 64 66 68 70 72 74 0
1 3 5 7 9 11 14 15 17 19 22 23 25 28 29 31 34 36 38 40 42 45 46 48 50 52 54 56 58 60 62 64 66 68 70 72 74 0
1 3 5 7 9 12 14 15 17 19 22 23 25 28 29 31 34 36 38 40 42 45 46 48 50 52 54 56 58 60 62 64 66 68 70 72 74 0
1 3 5 7 9 12 14 16 17 19 22 23 25 28 29 31 34 36 38 40 42 45 46 48 50 52 54 56 58 60 62 64 66 68 70 72 74 1
1 3 5 7 9 11 14 15 17 19 22 23 25 28 29 31 34 36 38 40 42 45 46 48 51 52 54 56 58 60 62 64 66 68 70 72 74 1
1 3 5 7 9 11 14 15 17 19 22 24 25 28 29 31 34 36 38 40 42 45 46 48 50 52 54 56 58 60 62 64 66 68 70 72 74 0
1 3 5 7 9 12 14 15 17 19 22 24 25 28 29 31 34 36 38 40 42 45 46 48 50 52 54 56 58 60 62 64 66 68 70 72 74 1
1 3 5 7 9 12 14 16 17 19 22 24 25 28 29 31 34 36 38 40 42 45 46 48 50 52 54 56 58 60 62 64 66 68 70 72 74 0
1 3 5 7 9 11 14 15 17 19 22 24 25 28 29 31 34 36 38 40 42 45 46 48 50 52 54 56 58 60 62 64 66 69 70 72 74 1
1 3 5 7 9 11 14 16 17 19 22 24 25 28 29 31 34 36 38 40 42 45 46 48 50 52 54 56 58 60 62 64 66 69 70 72 74 1
1 3 5 7 9 11 14 15 17 19 22 24 25 28 29 31 34 36 38 40 42 45 46 48 51 52 54 56 58 60 62 64 66 68 70 72 74 0
1 3 5 7 9 11 14 15 17 19 22 23 25 28 29 31 34 36 38 40 42 45 46 49 50 52 54 56 58 60 62 64 66 68 70 72 74 1
1 3 5 7 9 11 13 15 17 19 22 23 25 28 29 31 34 36 38 40 42 45 46 48 50 52 55 56 58 60 62 64 66 68 70 72 74 1
1 3 5 7 9 12 13 15 17 19 22 23 25 28 29 31 34 36 38 40 42 45 46 48 50 52 55 56 58 60 62 64 66 68 70 72 74 1
1 3 5 7 9 12 13 15 17 19 22 23 25 28 29 31 34 36 38 40 42 45 46 48 51 52 55 56 58 60 62 64 66 68 70 72 74 1
1 3 5 7 9 11 14 15 17 19 22 23 25 28 29 31 34 36 38 40 42 45 46 48 50 52 55 56 58 60 62 64 66 68 70 72 74 1
1 3 5 7 9 12 14 15 17 19 22 23 25 28 29 31 34 36 38 40 42 45 46 48 50 52 55 56 58 60 62 64 66 68 70 72 74 0
1 3 5 7 9 12 14 16 17 19 22 23 25 28 29 31 34 36 38 40 42 45 46 48 50 52 55 56 58 60 62 64 66 68 70 72 74 0
1 3 5 7 9 11 14 15 17 19 22 23 25 28 29 31 34 36 38 40 42 45 46 48 51 52 55 56 58 60 62 64 66 68 70 72 74 1
1 3 5 7 9 11 13 15 17 19 22 23 26 27 29 31 34 36 38 40 42 45 46 48 50 52 54 56 58 60 62 64 66 68 70 72 74 1
1 3 5 7 9 11 13 15 17 19 22 23 26 27 29 31 34 36 39 40 42 45 46 48 50 52 54 56 58 60 62 64 66 68 70 72 74 0
1 3 5 7 9 11 13 15 17 19 22 23 26 28 29 31 34 36 38 40 42 45 46 48 50 52 54 56 58 60 62 64 66 68 70 72 74 1
1 3 5 7 9 11 14 15 17 19 22 23 26 28 29 31 34 36 38 40 42 45 46 48 50 52 54 56 58 60 62 64 66 68 70 72 74 0
1 3 5 7 9 11 13 15 17 19 22 23 25 27 29 31 34 36 38 40 42 45 46 48 50 52 54 56 58 60 62 64 66 68 70 72 75 1
1 3 5 7 9 11 13 15 17 19 22 23 25 27 29 31 34 36 38 40 42 45 46 48 51 52 54 56 58 60 62 64 66 68 70 72 75 0
1 3 5 7 9 11 13 15 17 19 22 23 25 27 29 31 34 36 39 40 42 45 46 48 50 52 54 56 58 60 62 64 66 68 70 72 75 1
1 3 5 7 9 11 13 15 17 19 22 23 25 27 29 31 34 36 39 40 42 45 46 48 51 52 54 56 58 60 62 64 66 68 70 72 75 0
1 3 5 7 9 11 14 15 17 19 22 23 25 27 29 31 34 36 38 40 42 45 46 48 50 52 54 56 58 60 62 64 66 68 70 72 75 0
1 3 5 7 9 11 14 15 17 19 22 23 25 27 29 31 34 36 38 40 42 45 46 48 51 52 54 56 58 60 62 64 66 68 70 72 75 0
1 3 5 7 9 11 14 15 17 19 22 23 25 27 29 31 34 36 39 40 42 45 46 48 50 52 54 56 58 60 62 64 66 68 70 72 75 0
1 3 5 7 9 11 13 15 17 19 22 23 25 27 29 31 34 36 38 40 42 45 46 48 50 52 55 56 58 60 62 64 66 68 70 72 75 0
1 3 5 7 9 12 13 15 17 19 22 23 25 27 29 31 34 36 38 40 42 45 46 48 50 52 55 56 58 60 62 64 66 68 70 72 75 0
1 3 5 7 9 12 13 16 17 19 22 23 25 27 29 31 34 36 38 40 42 45 46 48 50 52 55 56 58 60 62 64 66 68 70 72 75 0
1 3 5 7 9 11 13 15 17 19 22 23 25 27 29 31 34 36 38 40 42 45 46 48 50 52 55 56 58 60 62 64 66 69 70 72 75 1
1 3 5 7 9 11 13 15 17 19 22 23 25 27 29 31 34 36 38 40 42 45 46 48 51 52 55 56 58 60 62 64 66 68 70 72 75 1
1 3 5 7 9 12 13 15 17 19 22 23 25 27 29 31 34 36 38 40 42 45 46 48 51 52 55 56 58 60 62 64 66 68 70 72 75 0
1 3 5 7 9 11 13 15 17 19 22 23 25 27 29 31 34 36 38 40 42 45 46 48 51 52 55 56 58 60 62 64 66 69 70 72 75 0
1 3 5 7 9 11 13 15 17 19 22 23 25 27 29 31 34 36 39 40 42 45 46 48 50 52 55 56 58 60 62 64 66 68 70 72 75 0
1 3 5 7 9 11 13 15 17 19 22 23 25 27 29 31 34 36 39 40 42 45 46 48 50 52 55 56 58 60 62 64 66 68 71 72 75 1
1 3 5 7 9 11 14 15 17 19 22 23 25 27 29 31 34 36 38 40 42 45 46 48 50 52 55 56 58 60 62 64 66 68 70 72 75 1
1 3 5 7 9 11 14 15 17 19 22 23 25 27 29 31 34 36 38 40 42 45 46 48 50 52 55 56 58 60 62 64 66 69 70 72 75 0
1 3 5 7 9 11 14 16 17 19 22 23 25 27 29 31 34 36 38 40 42 45 46 48 50 52 55 56 58 60 62 64 66 69 70 72 75 1
1 3 5 7 9 11 14 15 17 19 22 23 25 27 29 31 34 36 38 40 42 45 46 48 51 52 55 56 58 60 62 64 66 68 70 72 75 1
1 3 5 7 9 11 14 15 17 19 22 23 25 27 29 31 34 36 38 40 42 45 46 48 51 52 55 56 58 60 62 64 66 69 70 72 75 1
1 3 5 7 9 11 14 15 17 19 22 23 25 27 29 31 34 36 39 40 42 45 46 48 50 52 55 56 58 60 62 64 66 68 70 72 75 1
1 3 5 7 9 11 13 15 17 19 22 23 25 28 29 31 34 36 38 40 42 45 46 48 50 52 55 56 58 60 62 64 66 68 70 72 75 1
1 3 5 7 9 11 13 15 17 19 22 23 25 28 29 31 34 36 38 40 42 45 46 48 50 52 55 56 58 60 62 64 66 69 70 72 75 0
1 3 5 7 9 11 14 15 17 19 22 23 25 28 29 31 34 36 38 40 42 45 46 48 50 52 55 56 58 60 62 64 66 68 70 72 75 0
1 3 5 7 9 11 13 15 17 19 22 23 26 27 29 31 34 36 38 40 42 45 46 48 50 52 54 56 58 60 62 64 66 68 70 72 75 0
1 3 5 7 9 11 14 15 17 19 22 23 26 27 29 31 34 36 38 40 42 45 46 48 50 52 54 56 58 60 62 64 66 68 70 72 75 1
2 3 5 7 9 11 13 15 17 19 21 23 25 27 29 31 34 36 38 40 42 44 46 48 50 52 54 56 58 60 62 64 66 69 70 72 74 1
2 3 5 7 9 12 13 16 17 19 21 23 25 27 29 31 34 36 38 40 42 44 46 48 50 52 54 56 58 60 62 64 66 69 70 72 74 0
2 3 5 7 9 11 13 15 17 19 21 23 25 27 29 31 34 36 38 40 42 44 46 48 51 52 54 56 58 60 62 64 66 69 70 72 74 0
2 3 5 7 9 11 13 15 17 19 21 23 25 27 29 31 34 36 38 40 42 44 46 48 50 52 54 56 58 60 62 64 67 68 70 73 74 1
2 3 5 7 9 11 13 15 17 19 21 23 25 27 29 31 34 36 38 40 42 44 46 48 50 52 54 56 58 60 62 65 67 68 70 73 74 0
2 3 5 7 9 11 13 15 17 20 21 23 25 27 29 31 34 36 38 40 42 44 47 48 50 52 54 56 58 60 62 64 67 68 70 73 74 1
2 3 5 7 9 12 13 15 17 20 21 23 25 27 29 31 34 36 38 40 42 44 47 48 50 52 54 56 58 60 62 64 67 68 70 73 74 0
2 3 5 7 9 11 13 15 17 19 21 23 25 27 29 31 34 36 38 40 42 44 46 48 51 52 54 56 58 60 62 64 67 68 70 73 74 1
2 3 5 7 9 12 13 15 17 19 21 23 25 27 29 31 34 36 38 40 42 44 46 48 51 52 54 56 58 60 62 64 67 68 70 73 74 0
2 3 5 7 9 11 13 15 17 19 21 23 25 27 29 31 34 36 38 40 42 44 46 48 51 52 54 56 58 60 62 65 67 68 70 73 74 1
2 3 5 7 9 11 13 15 17 20 21 23 25 27 29 31 34 36 38 40 42 44 47 48 51 52 54 56 58 60 62 64 67 68 70 73 74 0
2 3 5 7 9 12 13 15 17 19 21 24 25 27 29 31 34 36 38 40 42 44 46 48 50 52 54 56 58 60 62 64 66 68 70 73 74 0
2 3 5 7 10 12 13 15 17 19 21 24 25 27 29 31 34 36 38 40 42 44 46 48 50 52 54 56 58 60 62 64 66 68 70 73 74 1
2 3 5 7 9 11 13 15 17 19 21 24 25 27 29 31 34 36 38 40 42 44 46 48 50 52 54 56 58 60 62 65 66 68 70 73 74 1
2 3 5 7 9 11 13 15 17 19 21 24 25 27 29 31 34 36 38 40 43 44 46 48 50 52 54 56 58 60 62 65 66 68 70 73 74 0
2 3 5 7 9 11 13 16 17 19 21 24 25 27 29 31 34 36 38 40 42 44 46 48 50 52 54 56 58 60 62 64 66 68 70 73 74 0
2 3 5 7 9 12 13 16 17 19 21 24 25 27 29 31 34 36 38 40 42 44 46 48 50 52 54 56 58 60 62 64 66 68 70 73 74 0
2 3 5 7 9 11 13 15 17 19 21 24 25 27 29 31 34 36 38 40 43 44 46 48 50 52 54 56 58 60 62 64 66 69 70 73 74 1
2 3 5 7 9 11 13 15 17 19 21 24 25 27 29 31 34 36 38 40 43 44 46 48 50 52 54 57 58 60 62 64 66 69 70 73 74 1
2 3 5 7 9 11 13 15 17 19 21 24 25 27 29 31 34 36 38 40 42 44 46 48 50 52 54 56 58 60 62 65 66 69 70 73 74 1
2 3 5 7 9 11 13 15 17 19 21 24 25 27 29 31 34 36 38 40 43 44 46 48 50 52 54 56 58 60 62 65 66 69 70 73 74 0
2 3 5 7 9 11 13 16 17 19 21 24 25 27 29 31 34 36 38 40 42 44 46 48 50 52 54 56 58 60 62 64 66 69 70 73 74 0
2 3 5 7 9 12 13 16 17 19 21 24 25 27 29 31 34 36 38 40 42 44 46 48 50 52 54 56 58 60 62 64 66 69 70 73 74 0
2 3 5 7 9 11 13 16 17 19 21 24 25 27 29 31 34 36 38 40 43 44 46 48 50 52 54 56 58 60 62 65 66 69 70 73 74 0
2 3 5 7 9 11 13 15 17 20 21 24 25 27 29 31 34 36 38 40 42 44 47 48 50 52 54 56 58 60 62 64 66 68 70 73 74 1
2 3 5 7 9 11 13 15 17 20 21 24 25 27 29 31 34 36 38 40 43 44 47 48 50 52 54 56 58 60 62 64 66 68 70 73 74 1
2 3 5 7 9 12 13 15 17 20 21 24 25 27 29 31 34 36 38 40 42 44 47 48 50 52 54 56 58 60 62 64 66 68 70 73 74 1
2 3 5 7 9 12 13 15 17 20 21 24 25 27 29 31 34 36 38 40 43 44 47 48 50 52 54 56 58 60 62 64 66 68 70 73 74 1
2 3 5 7 9 11 13 15 17 20 21 24 25 27 29 31 34 36 38 40 42 44 47 48 50 52 54 56 58 60 62 65 66 68 70 73 74 0
2 3 5 7 9 11 13 15 17 20 21 24 25 27 29 31 34 36 38 40 42 44 47 48 50 52 54 56 58 60 62 65 66 69 70 73 74 0
2 3 5 7 9 11 13 15 17 19 21 24 25 27 29 31 34 36 38 40 42 44 46 48 51 52 54 56 58 60 62 65 66 68 70 73 74 0
2 3 5 7 9 11 13 15 17 19 21 24 25 27 29 31 34 36 38 40 42 44 46 48 51 52 54 56 58 60 62 65 66 69 70 73 74 0
2 3 5 7 9 11 13 15 17 19 21 24 25 27 29 31 34 36 38 40 43 44 46 48 51 52 54 56 58 60 62 65 66 69 70 73 74 1
2 3 5 7 9 11 13 15 17 20 21 24 25 27 29 31 34 36 38 40 42 44 47 48 51 52 54 56 58 60 62 64 66 68 70 73 74 0
2 3 5 7 9 11 13 15 17 20 21 24 25 27 29 31 34 36 38 40 43 44 47 48 51 52 54 56 58 60 62 64 66 68 70 73 74 1
2 3 5 7 9 12 13 15 17 20 21 24 25 27 29 31 34 36 38 40 42 44 47 48 51 52 54 56 58 60 62 64 66 68 70 73 74 0
2 3 5 7 9 11 13 15 17 20 21 24 25 27 29 31 34 36 38 40 42 44 47 48 51 52 54 56 58 60 62 65 66 68 70 73 74 1
2 3 5 7 9 12 13 15 17 19 21 24 25 27 29 33 34 36 38 40 42 44 46 48 50 52 54 56 58 60 62 64 66 68 70 72 74 0
2 3 5 7 9 11 13 15 17 19 21 24 25 27 29 33 34 36 38 40 42 44 46 48 50 52 54 56 58 60 62 65 66 68 70 72 74 1
2 3 5 7 9 11 13 16 17 19 21 24 25 27 29 33 34 36 38 40 42 44 46 48 50 52 54 56 58 60 62 64 66 68 70 72 74 0
2 3 5 7 9 12 13 15 17 19 21 24 25 27 29 33 34 36 38 40 42 44 46 48 51 52 54 56 58 60 62 64 66 68 70 72 74 1
2 3 5 7 9 12 13 16 17 19 21 24 25 27 29 33 34 36 38 40 42 44 46 48 51 52 54 56 58 60 62 64 66 68 70 72 74 0
2 3 5 7 9 11 13 15 17 19 21 23 25 27 29 33 34 36 38 40 42 44 46 48 50 52 54 56 58 60 62 64 67 68 70 73 74 0
2 3 5 7 9 12 13 15 17 19 21 24 25 27 29 33 34 36 38 40 42 44 46 48 50 52 54 56 58 60 62 64 66 68 70 73 74 0
2 3 5 7 10 12 13 15 17 19 21 24 25 27 29 33 34 36 38 40 42 44 46 48 50 52 54 56 58 60 62 64 66 68 70 73 74 1
2 3 5 7 9 12 13 15 17 19 21 24 25 27 29 33 34 36 38 40 43 44 46 48 50 52 54 56 58 60 62 64 66 68 70 73 74 0
2 3 5 7 9 11 13 15 17 19 21 24 25 27 29 33 34 36 38 40 42 44 46 48 50 52 54 56 58 60 62 65 66 68 70 73 74 1
2 3 5 7 9 12 13 15 17 20 21 24 25 27 29 33 34 36 38 40 42 44 47 48 50 52 54 56 58 60 62 64 66 68 70 73 74 0
2 3 5 7 9 12 13 16 17 19 21 23 25 27 29 31 34 36 39 40 42 44 46 48 50 52 54 56 58 60 62 64 66 69 71 72 74 1
2 3 5 7 9 11 13 15 17 19 21 24 25 27 29 31 34 36 39 40 42 44 46 48 50 52 54 56 58 60 62 64 66 68 71 73 74 1
2 3 5 7 9 11 13 15 17 19 21 24 25 27 29 31 34 36 39 40 43 44 46 48 50 52 54 56 58 60 62 64 66 68 71 73 74 1
2 3 5 7 9 12 13 15 17 19 21 24 25 27 29 31 34 36 39 40 43 44 46 48 50 52 54 56 58 60 62 64 66 68 71 73 74 0
2 3 5 7 9 11 13 16 17 19 21 24 25 27 29 31 34 36 39 40 42 44 46 48 50 52 54 56 58 60 62 64 66 68 71 73 74 0
2 3 5 7 9 11 13 16 17 19 21 24 25 27 29 31 34 36 39 40 43 44 46 48 50 52 54 56 58 60 62 64 66 68 71 73 74 0
2 3 5 7 9 12 13 16 17 19 21 24 25 27 29 31 34 36 39 40 42 44 46 48 50 52 54 56 58 60 62 64 66 68 71 73 74 1
2 3 5 7 9 12 13 16 17 19 21 24 25 27 29 31 34 36 39 40 43 44 46 48 50 52 54 56 58 60 62 64 66 68 71 73 74 0
2 3 5 7 9 11 13 15 17 19 21 24 25 27 29 31 34 36 39 40 43 44 46 48 50 52 54 56 58 60 62 64 66 69 70 73 74 1
2 3 5 7 9 11 13 15 17 19 21 24 25 27 29 31 34 36 39 40 43 44 46 48 50 52 54 56 58 60 62 65 66 69 70 73 74 1
2 3 5 7 9 11 13 16 17 19 21 24 25 27 29 31 34 36 39 40 43 44 46 48 50 52 54 56 58 60 62 64 66 69 71 73 74 0
2 3 5 7 9 12 13 16 17 19 21 24 25 27 29 31 34 36 39 40 42 44 46 48 50 52 54 56 58 60 62 64 66 69 71 73 74 0
2 3 5 7 9 11 13 16 17 19 21 24 25 27 29 31 34 36 39 40 42 44 46 48 50 52 54 56 58 60 62 65 66 69 71 73 74 1
2 3 5 7 9 11 13 15 17 19 21 24 25 27 29 31 34 36 39 40 42 44 46 48 51 52 54 56 58 60 62 64 66 68 71 73 74 0
2 3 5 7 9 11 13 15 17 19 21 24 25 27 29 31 34 36 39 40 43 44 46 48 51 52 54 56 58 60 62 64 66 68 71 73 74 0
2 3 5 7 9 12 13 15 17 19 21 24 25 27 29 31 34 36 39 40 42 44 46 48 51 52 54 56 58 60 62 65 66 68 71 73 74 0
2 3 5 7 9 12 13 16 17 19 21 24 25 27 29 31 34 36 39 40 42 44 46 48 51 52 54 56 58 60 62 64 66 68 71 73 74 0
2 3 5 7 9 12 13 16 17 19 21 24 25 27 29 31 34 36 39 40 42 44 46 48 51 52 54 56 58 60 62 64 66 69 71 73 74 1
2 3 5 7 9 11 13 15 17 19 21 24 25 27 29 31 34 37 38 40 42 44 46 48 50 52 54 56 58 60 62 65 66 69 70 73 74 1
2 3 5 7 9 12 13 16 18 20 21 23 25 27 29 31 34 36 38 40 42 44 46 48 50 52 54 56 58 60 62 64 66 69 70 72 74 1
2 3 5 7 9 11 13 16 18 20 21 24 25 27 29 31 34 36 38 40 42 44 46 48 50 52 54 56 58 60 62 64 66 68 70 73 74 1
2 3 5 7 9 12 13 16 18 20 21 24 25 27 29 31 34 36 38 40 42 44 46 48 50 52 54 56 58 60 62 64 66 68 70 73 74 0
2 3 5 7 9 11 13 16 18 20 21 24 25 27 29 31 34 36 38 40 42 44 47 48 50 52 54 56 58 60 62 64 66 68 70 73 74 0
2 3 5 7 9 11 13 16 18 20 21 24 25 27 29 31 34 36 38 40 42 44 46 48 50 52 54 56 58 60 62 64 66 69 70 73 74 1
2 3 5 7 9 12 13 16 18 20 21 24 25 27 29 31 34 36 38 40 42 44 46 48 50 52 54 56 58 60 62 64 66 69 70 73 74 1
2 3 5 7 9 11 13 16 18 20 21 24 25 27 29 31 34 36 38 40 42 44 47 48 50 52 54 56 58 60 62 64 66 69 70 73 74 1
2 3 5 7 9 12 13 16 18 20 21 24 25 27 29 33 34 36 38 40 42 44 46 48 50 52 54 56 58 60 62 64 66 68 70 72 74 1
2 3 5 7 9 12 13 16 18 20 21 24 25 27 29 33 34 36 38 40 42 44 46 48 51 52 54 56 58 60 62 64 66 68 70 72 74 0
2 3 5 7 9 12 13 16 18 20 21 23 25 27 29 31 34 36 39 40 42 44 46 48 50 52 54 56 58 60 62 64 66 69 71 72 74 0
2 3 5 7 9 11 13 16 18 20 21 24 25 27 29 31 34 36 39 40 42 44 46 48 50 52 54 56 58 60 62 64 66 68 71 73 74 1
2 3 5 7 9 11 13 16 18 20 21 24 25 27 29 31 34 36 39 40 42 44 46 48 50 52 54 56 58 60 62 64 66 69 71 73 74 0
2 3 5 7 9 11 13 15 17 19 21 24 25 27 29 31 34 36 38 40 42 44 46 49 50 52 54 56 58 60 62 65 66 68 70 72 74 1
2 3 5 7 9 11 13 15 17 19 21 24 25 27 29 31 34 36 38 40 42 44 46 49 50 52 54 56 58 60 62 64 66 69 70 73 74 0
2 4 5 7 9 11 13 15 17 19 21 24 25 27 29 33 34 36 38 40 42 44 46 49 50 52 54 56 58 60 62 64 66 68 70 72 74 0
2 3 5 7 9 11 14 15 17 19 21 23 25 27 29 31 34 36 38 40 42 44 46 48 50 52 54 56 58 60 62 64 66 69 70 72 74 0
2 3 5 7 9 12 14 16 17 19 21 23 25 27 29 31 34 36 38 40 42 44 46 48 50 52 54 56 58 60 62 64 66 69 70 72 74 1
2 3 5 7 9 11 14 15 17 19 21 23 25 27 29 31 34 36 38 40 42 44 46 48 51 52 54 56 58 60 62 64 66 69 70 72 74 0
2 3 5 8 9 12 14 16 17 19 21 23 25 27 29 31 34 36 38 40 42 44 46 48 51 52 54 56 58 60 62 64 66 69 71 72 74 1
2 3 5 7 9 11 14 15 17 19 21 24 25 27 29 31 34 36 38 40 42 44 46 48 50 52 54 56 58 60 62 65 66 69 70 73 74 0
2 3 5 7 9 11 14 15 17 19 21 24 25 27 29 31 34 36 38 40 43 44 46 48 50 52 54 56 58 60 62 65 66 69 70 73 74 0
2 3 5 7 9 11 14 16 17 19 21 24 25 27 29 31 34 36 38 40 42 44 46 48 50 52 54 56 58 60 62 64 66 69 70 73 74 1
2 3 5 7 9 12 14 16 17 19 21 24 25 27 29 31 34 36 38 40 42 44 46 48 50 52 54 56 58 60 62 64 66 69 70 73 74 1
2 3 5 7 9 11 14 16 17 19 21 24 25 27 29 31 34 36 38 40 43 44 46 48 50 52 54 56 58 60 62 65 66 69 70 73 74 1
2 3 5 7 9 11 14 16 17 20 21 24 25 27 29 31 34 36 38 40 42 44 47 48 50 52 54 56 58 60 62 64 66 69 70 73 74 0
2 3 5 7 9 11 14 15 17 19 21 24 25 27 29 31 34 36 38 40 42 44 46 48 51 52 54 56 58 60 62 65 66 69 70 73 74 1
2 3 5 7 9 11 14 15 17 19 21 24 25 27 29 31 34 36 38 40 43 44 46 48 51 52 54 56 58 60 62 65 66 69 70 73 74 1
2 4 5 7 9 11 14 15 17 19 21 24 25 27 29 31 34 36 38 40 42 44 46 48 50 52 54 56 58 60 62 65 66 69 70 73 74 1
2 4 5 7 9 11 14 16 17 19 21 24 25 27 29 31 34 36 38 40 42 44 46 48 50 52 54 56 58 60 62 64 66 69 70 73 74 0
2 3 5 7 10 11 14 15 17 19 21 23 25 27 29 31 34 36 39 40 42 44 46 48 50 52 54 56 58 60 62 64 66 69 71 72 74 0
2 3 5 8 9 11 14 15 17 19 21 23 25 27 29 31 34 36 39 40 42 44 46 48 51 52 54 56 58 60 62 64 66 69 71 72 74 0
2 3 5 7 10 11 14 15 17 19 21 23 25 27 29 31 34 36 39 40 42 44 46 48 51 52 54 56 58 60 62 64 66 69 71 72 74 1
2 3 5 7 9 11 14 16 17 19 21 23 25 27 29 31 34 36 39 40 42 44 46 48 51 52 54 56 58 60 62 64 66 69 71 72 74 1
2 3 5 7 9 12 14 16 17 19 21 23 25 27 29 31 34 36 39 40 42 44 46 48 51 52 54 56 58 60 62 64 66 69 71 72 74 1
2 3 5 7 9 12 14 16 17 19 21 24 25 27 29 31 34 36 39 40 42 44 46 48 50 52 54 56 58 60 62 64 66 69 71 73 74 1
2 3 5 7 9 11 14 16 17 19 21 24 25 27 29 31 34 36 39 40 42 44 46 48 51 52 54 56 58 60 62 64 66 69 71 73 74 1
2 3 5 7 9 12 14 16 17 19 21 24 25 27 29 31 34 36 39 40 42 44 46 48 51 52 54 56 58 60 62 64 66 69 71 73 74 1
2 3 5 7 9 12 14 16 18 20 21 23 25 27 29 31 34 36 38 40 42 44 46 48 50 52 54 56 58 60 62 64 66 69 70 72 74 1
2 3 5 7 9 11 14 16 18 20 21 23 25 27 29 31 34 36 39 40 42 44 46 48 51 52 54 56 58 60 62 64 66 69 71 72 74 0
2 3 5 7 9 11 13 15 17 19 21 23 25 27 29 31 34 36 38 40 42 44 46 48 50 52 55 56 58 60 62 64 66 69 70 72 74 1
2 3 5 7 9 12 13 15 17 19 21 23 25 27 29 31 34 36 38 40 42 44 46 48 50 52 55 56 58 60 62 64 66 69 70 72 74 1
2 3 5 7 9 12 13 16 17 19 21 23 25 27 29 31 34 36 38 40 42 44 46 48 50 52 55 56 58 60 62 64 66 69 70 72 74 0
2 3 5 7 9 11 13 15 17 20 21 23 25 27 29 31 34 36 38 40 42 44 47 48 50 52 55 56 58 60 62 64 66 69 70 72 74 1
2 3 5 7 9 11 13 15 17 19 21 23 25 27 29 31 34 36 38 40 42 44 46 48 51 52 55 56 58 60 62 64 66 69 70 72 74 1
2 3 5 7 9 12 13 15 17 19 21 23 25 27 29 31 34 36 38 40 42 44 46 48 51 52 55 56 58 60 62 64 66 69 70 72 74 0
2 3 5 7 9 11 13 15 17 19 21 23 25 27 29 31 34 36 38 40 42 44 46 48 51 52 55 56 58 60 63 64 66 69 70 72 74 0
2 3 5 7 9 11 13 15 17 20 21 23 25 27 29 31 34 36 38 40 42 44 47 48 51 52 55 56 58 60 62 64 66 69 70 72 74 0
2 3 5 7 9 12 13 16 17 19 21 23 25 27 29 31 34 36 39 40 42 44 46 48 50 52 55 56 58 60 62 64 66 69 71 72 74 0
2 3 5 7 9 11 13 15 17 19 21 23 25 27 29 31 35 36 39 40 42 44 46 48 51 52 55 56 58 60 62 64 66 69 71 72 74 0
2 3 5 7 9 12 13 16 17 19 21 23 25 27 29 31 34 36 39 40 42 44 46 48 51 52 55 56 58 60 62 64 66 69 71 72 74 1
2 3 5 7 9 12 13 16 18 20 21 23 25 27 29 31 34 36 38 40 42 44 46 48 50 52 55 56 58 60 62 64 66 69 70 72 74 1
2 3 5 7 9 11 13 15 17 19 21 23 25 27 29 31 34 36 38 40 42 44 46 49 50 52 55 56 58 60 62 64 66 68 70 72 74 1
2 3 5 7 9 11 13 15 17 19 21 23 25 27 29 31 34 36 38 40 42 44 46 49 50 52 55 56 58 60 62 64 66 69 70 72 74 1
2 3 5 7 9 11 13 15 17 19 21 23 25 27 29 31 34 36 38 40 42 44 46 49 51 52 55 56 58 60 62 64 66 68 70 72 74 1
2 3 5 7 9 11 13 15 17 19 21 23 25 27 29 31 34 37 38 40 42 44 46 49 50 52 55 56 58 60 62 64 66 69 70 72 74 1
2 3 5 7 9 11 14 15 17 19 21 23 25 27 29 31 34 36 38 40 42 44 46 48 50 52 55 56 58 60 62 64 66 69 70 72 74 0
2 3 5 7 10 12 14 15 17 19 21 23 25 27 29 31 34 36 38 40 42 44 46 48 50 52 55 56 58 60 62 64 66 69 70 72 74 1
2 3 5 7 9 11 14 15 17 19 21 23 25 27 29 31 35 36 38 40 42 44 46 48 50 52 55 56 58 60 62 64 66 69 71 72 74 0
2 3 5 7 9 11 14 16 17 19 21 23 25 27 29 31 34 36 38 40 42 44 46 48 50 52 55 56 58 60 62 64 66 69 71 72 74 0
2 3 5 7 9 12 14 16 17 19 21 23 25 27 29 31 34 36 38 40 42 44 46 48 50 52 55 56 58 60 62 64 66 69 70 72 74 0
2 3 5 7 9 12 14 16 17 19 21 23 25 27 29 31 34 36 38 40 42 44 46 48 50 52 55 56 58 60 62 64 66 69 71 72 74 1
2 3 5 7 9 11 14 16 17 19 21 23 25 27 29 31 35 36 38 40 42 44 46 48 50 52 55 56 58 60 62 64 66 69 71 72 74 0
2 3 5 7 9 12 14 16 17 19 21 23 25 27 29 31 35 36 38 40 42 44 46 48 50 52 55 56 58 60 62 64 66 69 71 72 74 0
2 3 5 7 9 11 14 15 17 20 21 23 25 27 29 31 34 36 38 40 42 44 47 48 50 52 55 56 58 60 62 64 66 69 70 72 74 1
2 3 5 7 9 12 14 16 17 20 21 23 25 27 29 31 34 36 38 40 42 44 47 48 50 52 55 56 58 60 62 64 66 69 70 72 74 1
2 3 5 7 9 11 14 15 17 19 21 23 25 27 29 31 34 36 38 40 42 44 46 48 51 52 55 56 58 60 62 64 66 69 70 72 74 1
2 3 5 7 9 12 14 16 17 19 21 23 25 27 29 31 34 36 38 40 42 44 46 48 51 52 55 56 58 60 62 64 66 69 70 72 74 0
2 3 5 7 9 11 14 15 17 20 21 23 25 27 29 31 34 36 38 40 42 44 47 48 51 52 55 56 58 60 62 64 66 69 70 72 74 1
2 3 5 7 9 12 14 16 17 19 21 23 25 27 29 31 34 36 39 40 42 44 46 48 50 52 55 56 58 60 62 64 66 69 71 72 74 0
2 3 5 7 9 11 14 15 17 19 21 23 25 27 29 31 35 36 39 40 42 44 46 48 51 52 55 56 58 60 62 64 66 69 71 72 74 1
2 3 5 7 9 12 14 16 17 19 21 23 25 27 29 31 34 36 39 40 42 44 46 48 51 52 55 56 58 60 62 64 66 69 71 72 74 1
2 3 5 7 9 11 14 16 18 20 21 23 25 27 29 31 34 36 38 40 42 44 46 48 50 52 55 56 58 60 62 64 66 69 71 72 74 0
2 3 5 7 9 12 14 16 18 20 21 23 25 27 29 31 34 36 38 40 42 44 46 48 50 52 55 56 58 60 62 64 66 69 70 72 74 0
2 3 5 7 9 12 14 16 18 20 21 23 25 27 29 31 34 36 38 40 42 44 46 48 50 52 55 56 58 60 62 64 66 69 71 72 74 1
2 3 5 7 9 11 14 16 18 20 21 23 25 27 29 31 34 36 38 40 42 44 47 48 50 52 55 56 58 60 62 64 66 69 70 72 74 0
2 3 5 7 9 12 14 16 18 20 21 23 25 27 29 31 34 36 38 40 42 44 46 48 51 52 55 56 58 60 62 64 66 69 70 72 74 1
2 3 5 7 9 11 13 15 17 19 21 23 25 28 29 31 34 36 38 40 42 44 46 48 50 52 54 56 58 60 62 64 66 69 70 72 74 0
2 3 5 7 9 12 13 15 17 19 21 23 25 28 29 31 34 36 38 40 42 44 46 48 50 52 54 56 58 60 62 64 66 69 70 72 74 0
2 3 5 7 9 12 13 16 17 19 21 23 25 28 29 31 34 36 38 40 42 44 46 48 50 52 54 56 58 60 62 64 66 69 70 72 74 1
2 3 5 7 9 11 13 15 17 20 21 23 25 28 29 31 34 36 38 40 42 44 47 48 50 52 54 56 58 60 62 64 66 69 70 72 74 0
2 3 5 7 9 11 13 15 17 19 21 23 25 28 29 31 34 36 38 40 42 44 46 48 51 52 54 56 58 60 62 64 66 69 70 72 74 1
2 3 5 7 9 12 13 15 17 19 21 23 25 28 29 31 34 36 38 40 42 44 46 48 51 52 54 56 58 60 62 64 66 69 70 72 74 1
2 3 5 7 9 11 13 15 17 19 21 23 25 28 29 31 35 36 38 40 42 44 46 48 51 52 54 56 58 60 62 64 66 69 70 72 74 1
2 3 5 7 9 11 13 15 17 19 21 23 25 28 29 31 34 36 38 40 42 44 46 48 51 52 54 56 58 60 63 64 66 69 70 72 74 1
2 3 5 7 9 12 13 16 17 19 21 23 25 28 29 31 34 36 38 40 42 44 46 48 51 52 54 56 58 60 62 64 66 69 70 72 74 1
2 3 5 7 9 11 13 15 17 20 21 23 25 28 29 31 34 36 38 40 42 44 47 48 51 52 54 56 58 60 62 64 66 69 70 72 74 1
2 3 5 7 9 11 13 15 17 19 21 23 25 28 29 31 34 36 38 40 42 44 46 48 50 52 54 56 58 60 62 64 67 68 70 73 74 0
2 3 5 7 9 11 13 15 17 19 21 23 25 28 29 31 34 36 38 40 42 44 46 48 50 52 54 56 58 60 62 65 67 68 70 73 74 1
2 3 5 7 9 11 13 16 17 19 21 23 25 28 29 31 34 36 38 40 42 44 46 48 50 52 54 56 58 60 62 64 67 68 70 73 74 0
2 3 5 7 9 11 13 15 17 19 21 23 25 28 29 31 34 36 38 40 42 44 46 48 51 52 54 56 58 60 62 64 67 68 70 73 74 1
2 3 5 7 9 11 13 16 17 19 21 23 25 28 29 31 34 36 38 40 42 44 46 48 51 52 54 56 58 60 62 64 67 68 70 73 74 1
2 3 5 7 9 11 13 15 17 19 21 24 25 28 29 31 34 36 38 40 42 44 46 48 50 52 54 56 58 60 62 64 66 68 70 73 74 0
2 3 5 7 9 12 13 15 17 19 21 24 25 28 29 31 34 36 38 40 42 44 46 48 50 52 54 56 58 60 62 64 66 68 70 73 74 0
2 3 5 7 10 12 13 15 17 19 21 24 25 28 29 31 34 36 38 40 42 44 46 48 50 52 54 56 58 60 62 64 66 68 70 73 74 0
2 3 5 7 9 11 13 16 17 19 21 24 25 28 29 31 34 36 38 40 42 44 46 48 50 52 54 56 58 60 62 64 66 68 70 73 74 1
2 3 5 7 9 12 13 16 17 19 21 24 25 28 29 31 34 36 38 40 42 44 46 48 50 52 54 56 58 60 62 64 66 68 70 73 74 0
2 3 5 7 9 11 13 15 17 20 21 24 25 28 29 31 34 36 38 40 42 44 47 48 50 52 54 56 58 60 62 64 66 68 70 73 74 1
2 3 5 7 9 12 13 15 17 20 21 24 25 28 29 31 34 36 38 40 42 44 47 48 50 52 54 56 58 60 62 64 66 68 70 73 74 1
2 3 5 7 9 11 13 15 17 19 21 24 25 28 29 31 34 36 38 40 42 44 46 48 51 52 54 56 58 60 62 64 66 68 70 73 74 0
2 3 5 7 9 12 13 15 17 19 21 24 25 28 29 31 34 36 38 40 42 44 46 48 51 52 54 56 58 60 62 64 66 68 70 73 74 0
2 3 5 7 9 11 13 15 17 19 21 24 25 28 29 31 34 36 38 40 42 44 46 48 51 52 54 56 58 60 63 64 66 68 70 73 74 1
2 3 5 7 9 12 13 16 17 19 21 24 25 28 29 31 34 36 38 40 42 44 46 48 51 52 54 56 58 60 62 64 66 68 70 73 74 0
2 3 5 7 9 11 13 15 17 20 21 24 25 28 29 31 34 36 38 40 42 44 47 48 51 52 54 56 58 60 62 64 66 68 70 73 74 1
2 3 5 7 9 12 13 15 17 20 21 24 25 28 29 31 34 36 38 40 42 44 47 48 51 52 54 56 58 60 62 64 66 68 70 73 74 1
2 3 5 7 9 11 13 15 17 19 21 24 25 28 29 33 34 36 38 40 42 44 46 48 50 52 54 56 58 60 62 64 66 68 70 72 74 0
2 3 5 7 9 12 13 15 17 19 21 24 25 28 29 33 34 36 38 40 42 44 46 48 50 52 54 56 58 60 62 64 66 68 70 72 74 0
2 3 5 7 9 11 13 16 17 19 21 24 25 28 29 33 34 36 38 40 42 44 46 48 50 52 54 56 58 60 62 64 66 68 70 72 74 1
2 3 5 7 9 12 13 15 17 19 21 24 25 28 29 33 34 36 38 40 42 44 46 48 51 52 54 56 58 60 62 64 66 68 70 72 74 1
2 3 5 7 9 12 13 16 17 19 21 24 25 28 29 33 34 36 38 40 42 44 46 48 51 52 54 56 58 60 62 64 66 68 70 72 74 0
2 3 5 7 9 11 13 15 17 19 21 23 25 28 29 33 34 36 38 40 42 44 46 48 50 52 54 56 58 60 62 64 67 68 70 73 74 1
2 3 5 7 9 11 13 15 17 19 21 24 25 28 29 33 34 36 38 40 42 44 46 48 50 52 54 56 58 60 62 64 66 68 70 73 74 0
2 3 5 7 9 12 13 15 17 19 21 24 25 28 29 33 34 36 38 40 42 44 46 48 50 52 54 56 58 60 62 64 66 68 70 73 74 0
2 3 5 7 9 12 13 15 17 19 21 24 25 28 29 33 34 36 38 40 42 44 46 48 51 52 54 56 58 60 62 64 66 68 70 73 74 0
2 4 5 7 9 11 13 15 17 19 21 23 25 28 29 31 34 36 38 40 42 44 46 48 50 52 54 56 58 60 62 64 67 68 70 73 74 0
2 3 5 7 9 12 13 16 18 20 21 23 25 28 29 31 34 36 38 40 42 44 46 48 50 52 54 56 58 60 62 64 66 69 70 72 74 1
2 3 5 7 9 12 13 16 18 20 21 23 25 28 29 31 34 36 38 40 42 44 46 48 51 52 54 56 58 60 62 64 66 69 70 72 74 0
2 3 5 7 9 11 13 16 18 20 21 24 25 28 29 31 34 36 38 40 42 44 46 48 50 52 54 56 58 60 62 64 66 68 70 73 74 1
2 3 5 7 9 12 13 16 18 20 21 24 25 28 29 31 34 36 38 40 42 44 46 48 50 52 54 56 58 60 62 64 66 68 70 73 74 0
2 3 5 7 9 11 13 15 17 19 21 23 25 28 29 31 34 36 38 40 42 44 46 49 50 52 54 56 58 60 62 64 66 68 70 72 74 1
2 3 5 7 9 11 13 15 17 19 21 23 25 28 29 31 34 36 38 40 42 44 46 49 50 52 54 56 58 60 62 64 66 69 70 72 74 0
2 3 5 7 9 11 13 15 17 20 21 23 25 28 29 31 34 36 38 40 42 44 47 49 50 52 54 56 58 60 62 64 66 68 70 72 74 0
2 3 5 7 9 11 13 15 17 20 21 23 25 28 29 31 34 36 38 40 42 44 47 49 50 52 54 56 58 60 62 64 66 69 70 72 74 1
2 3 5 7 9 11 13 15 17 19 21 23 25 28 29 31 34 36 38 40 42 44 46 49 51 52 54 56 58 60 62 64 66 68 70 72 74 1
2 3 5 7 9 11 13 15 17 20 21 23 25 28 29 31 34 36 38 40 42 44 47 49 51 52 54 56 58 60 62 64 66 68 70 72 74 1
2 3 5 7 9 11 13 15 17 19 21 24 25 28 29 31 34 36 38 40 42 44 46 49 50 52 54 56 58 60 62 64 66 68 70 72 74 1
2 3 5 7 9 11 13 15 17 20 21 24 25 28 29 31 34 36 38 40 42 44 47 49 50 52 54 56 58 60 62 64 66 68 70 72 74 0
2 3 5 7 9 11 13 15 17 19 21 24 25 28 29 33 34 36 38 40 42 44 46 49 50 52 54 56 58 60 62 64 66 68 70 72 74 0
2 3 5 7 9 11 14 15 17 19 21 23 25 28 29 31 34 36 38 40 42 44 46 48 50 52 54 56 58 60 62 64 66 69 70 72 74 0
2 3 5 7 10 11 14 15 17 19 21 23 25 28 29 31 34 36 38 40 42 44 46 48 50 52 54 56 58 60 62 64 66 69 71 72 74 0
2 3 5 7 10 12 14 15 17 19 21 23 25 28 29 31 34 36 38 40 42 44 46 48 50 52 54 56 58 60 62 64 66 69 70 72 74 1
2 3 5 7 9 12 14 16 17 19 21 23 25 28 29 31 34 36 38 40 42 44 46 48 50 52 54 56 58 60 62 64 66 69 70 72 74 0
2 3 5 7 9 11 14 15 17 20 21 23 25 28 29 31 34 36 38 40 42 44 47 48 50 52 54 56 58 60 62 64 66 69 70 72 74 1
2 3 5 7 9 12 14 16 17 20 21 23 25 28 29 31 34 36 38 40 42 44 47 48 50 52 54 56 58 60 62 64 66 69 70 72 74 1
2 3 5 7 9 11 14 15 17 19 21 23 25 28 29 31 34 36 38 40 42 44 46 48 51 52 54 56 58 60 62 64 66 69 70 72 74 0
2 3 5 8 9 11 14 15 17 19 21 23 25 28 29 31 34 36 38 40 42 44 46 48 51 52 54 56 58 60 62 64 66 69 71 72 74 1
2 3 5 7 10 11 14 15 17 19 21 23 25 28 29 31 34 36 38 40 42 44 46 48 51 52 54 56 58 60 62 64 66 69 71 72 74 1
2 3 5 7 9 11 14 16 17 19 21 23 25 28 29 31 34 36 38 40 42 44 46 48 51 52 54 56 58 60 62 64 66 69 70 72 74 1
2 3 5 7 9 12 14 16 17 19 21 23 25 28 29 31 34 36 38 40 42 44 46 48 51 52 54 56 58 60 62 64 66 69 70 72 74 0
2 3 5 7 9 11 14 15 17 20 21 23 25 28 29 31 34 36 38 40 42 44 47 48 51 52 54 56 58 60 62 64 66 69 70 72 74 0
2 3 5 7 9 12 14 16 18 20 21 23 25 28 29 31 34 36 38 40 42 44 46 48 50 52 54 56 58 60 62 64 66 69 70 72 74 0
2 3 5 7 9 12 14 16 18 20 21 23 25 28 29 31 34 36 38 40 42 44 46 48 50 52 54 56 58 60 62 64 66 69 71 72 74 1
2 3 5 7 9 11 14 16 18 20 21 23 25 28 29 31 34 36 38 40 42 44 46 48 51 52 54 56 58 60 62 64 66 69 70 72 74 1
2 3 5 7 9 12 14 16 18 20 21 23 25 28 29 31 34 36 38 40 42 44 46 48 51 52 54 56 58 60 62 64 66 69 70 72 74 0
2 3 5 7 9 11 14 15 17 19 21 23 25 28 29 31 34 36 38 40 42 44 46 49 50 52 54 56 58 60 62 64 66 69 70 72 74 1
2 3 5 7 9 11 14 15 17 20 21 23 25 28 29 31 34 36 38 40 42 44 47 49 50 52 54 56 58 60 62 64 66 69 70 72 74 0
2 3 5 7 9 11 13 15 17 19 21 23 25 28 29 31 34 36 38 40 42 44 46 48 50 52 55 56 58 60 62 64 66 69 70 72 74 1
2 3 5 7 9 12 13 15 17 19 21 23 25 28 29 31 34 36 38 40 42 44 46 48 50 52 55 56 58 60 62 64 66 69 70 72 74 0
2 3 5 7 9 12 13 16 17 19 21 23 25 28 29 31 34 36 38 40 42 44 46 48 50 52 55 56 58 60 62 64 66 69 70 72 74 0
2 3 5 7 9 11 13 15 17 20 21 23 25 28 29 31 34 36 38 40 42 44 47 48 50 52 55 56 58 60 62 64 66 69 70 72 74 1
2 3 5 7 9 11 13 15 17 19 21 23 25 28 29 31 34 36 38 40 42 44 46 48 51 52 55 56 58 60 62 64 66 69 70 72 74 1
2 3 5 7 9 12 13 15 17 19 21 23 25 28 29 31 34 36 38 40 42 44 46 48 51 52 55 56 58 60 62 64 66 69 70 72 74 0
2 3 5 7 9 11 13 15 17 19 21 23 25 28 29 31 35 36 38 40 42 44 46 48 51 52 55 56 58 60 62 64 66 69 70 72 74 1
2 3 5 7 9 11 13 15 17 19 21 23 25 28 29 31 34 36 38 40 42 44 46 48 51 52 55 56 58 60 63 64 66 69 70 72 74 1
2 3 5 7 9 12 13 16 17 19 21 23 25 28 29 31 34 36 38 40 42 44 46 48 51 52 55 56 58 60 62 64 66 69 70 72 74 0
2 3 5 7 9 11 13 15 17 20 21 23 25 28 29 31 34 36 38 40 42 44 47 48 51 52 55 56 58 60 62 64 66 69 70 72 74 0
2 3 5 7 9 11 13 15 17 19 21 23 25 28 29 31 34 37 38 40 42 44 46 48 50 52 55 56 58 60 62 64 66 69 70 72 74 1
2 3 5 7 9 11 13 15 17 19 21 23 25 28 29 31 34 37 38 40 42 44 46 48 51 52 55 56 58 60 62 64 66 69 70 72 74 1
2 3 5 7 9 12 13 16 18 20 21 23 25 28 29 31 34 36 38 40 42 44 46 48 50 52 55 56 58 60 62 64 66 69 70 72 74 0
2 3 5 7 9 11 13 15 17 19 21 23 25 28 29 31 34 36 38 40 42 44 46 49 50 52 55 56 58 60 62 64 66 68 70 72 74 0
2 3 5 7 9 11 13 15 17 19 21 23 25 28 29 31 34 36 38 40 42 44 46 49 50 52 55 56 58 60 62 64 66 69 70 72 74 0
2 3 5 7 9 11 13 15 17 20 21 23 25 28 29 31 34 36 38 40 42 44 47 49 50 52 55 56 58 60 62 64 66 68 70 72 74 1
2 3 5 7 9 11 13 15 17 19 21 23 25 28 29 31 34 36 38 40 42 44 46 49 51 52 55 56 58 60 62 64 66 68 70 72 74 1
2 3 5 7 9 11 14 15 17 19 21 23 25 28 29 31 34 36 38 40 42 44 46 48 50 52 55 56 58 60 62 64 66 69 70 72 74 0
2 3 5 7 10 11 14 15 17 19 21 23 25 28 29 31 34 36 38 40 42 44 46 48 50 52 55 56 58 60 62 64 66 69 71 72 74 0
2 3 5 7 10 12 14 15 17 19 21 23 25 28 29 31 34 36 38 40 42 44 46 48 50 52 55 56 58 60 62 64 66 69 70 72 74 1
2 3 5 7 9 12 14 16 17 19 21 23 25 28 29 31 34 36 38 40 42 44 46 48 50 52 55 56 58 60 62 64 66 69 70 72 74 1
2 3 5 7 9 11 14 15 17 20 21 23 25 28 29 31 34 36 38 40 42 44 47 48 50 52 55 56 58 60 62 64 66 69 70 72 74 1
2 3 5 7 9 12 14 16 17 20 21 23 25 28 29 31 34 36 38 40 42 44 47 48 50 52 55 56 58 60 62 64 66 69 70 72 74 0
2 3 5 7 9 11 14 15 17 19 21 23 25 28 29 31 34 36 38 40 42 44 46 48 51 52 55 56 58 60 62 64 66 69 70 72 74 0
2 3 5 8 9 11 14 15 17 19 21 23 25 28 29 31 34 36 38 40 42 44 46 48 51 52 55 56 58 60 62 64 66 69 71 72 74 0
2 3 5 7 10 11 14 15 17 19 21 23 25 28 29 31 34 36 38 40 42 44 46 48 51 52 55 56 58 60 62 64 66 69 71 72 74 0
2 3 5 7 9 11 14 15 17 19 21 23 25 28 29 31 35 36 38 40 42 44 46 48 51 52 55 56 58 60 62 64 66 69 70 72 74 1
2 3 5 7 9 12 14 16 17 19 21 23 25 28 29 31 34 36 38 40 42 44 46 48 51 52 55 56 58 60 62 64 66 69 70 72 74 1
2 3 5 7 9 11 14 15 17 20 21 23 25 28 29 31 34 36 38 40 42 44 47 48 51 52 55 56 58 60 62 64 66 69 70 72 74 1
2 3 5 7 9 12 14 16 18 20 21 23 25 28 29 31 34 36 38 40 42 44 46 48 50 52 55 56 58 60 62 64 66 69 70 72 74 1
2 3 5 7 9 11 14 15 17 19 21 23 25 28 29 31 34 36 38 40 42 44 46 49 50 52 55 56 58 60 62 64 66 69 70 72 74 1
2 3 5 7 9 11 13 15 17 19 21 23 26 27 29 31 34 36 38 40 42 44 46 48 50 52 54 56 58 60 62 64 66 69 70 72 74 1
2 3 5 7 9 11 14 15 17 19 21 23 26 27 29 31 34 36 38 40 42 44 46 48 50 52 54 56 58 60 62 64 66 69 70 72 74 1
2 3 5 7 9 11 13 15 17 19 21 23 26 27 29 31 34 36 38 40 42 44 46 48 50 52 55 56 58 60 62 64 66 69 70 72 74 0
2 3 5 7 9 11 13 15 17 20 21 23 26 27 29 31 34 36 38 40 42 44 47 48 50 52 55 56 58 60 62 64 66 69 70 72 74 1
2 3 5 7 9 11 13 15 17 19 21 23 26 27 29 31 34 36 38 40 42 44 46 48 51 52 55 56 58 60 62 64 66 69 70 72 74 1
2 3 5 7 9 11 14 15 17 19 21 23 26 27 29 31 34 36 38 40 42 44 46 48 50 52 55 56 58 60 62 64 66 69 70 72 74 1
2 3 5 7 9 11 14 15 17 19 21 23 26 27 29 31 34 36 38 40 42 44 46 48 51 52 55 56 58 60 62 64 66 69 70 72 74 0
2 3 5 7 9 11 13 15 17 19 21 23 26 28 29 31 34 36 38 40 42 44 46 48 50 52 54 56 58 60 62 64 66 69 70 72 74 1
2 3 5 7 9 11 13 15 17 20 21 23 26 28 29 31 34 36 38 40 42 44 47 48 50 52 54 56 58 60 62 64 66 69 70 72 74 0
2 3 5 7 9 11 13 15 17 19 21 23 26 28 29 31 34 36 38 40 42 44 46 48 51 52 54 56 58 60 62 64 66 69 70 72 74 0
2 3 5 7 9 11 13 15 17 20 21 23 26 28 29 31 34 36 38 40 42 44 47 48 51 52 54 56 58 60 62 64 66 69 70 72 74 0
2 3 5 7 9 11 14 15 17 19 21 23 26 28 29 31 34 36 38 40 42 44 46 48 50 52 54 56 58 60 62 64 66 69 70 72 74 0
2 3 5 7 9 11 14 15 17 20 21 23 26 28 29 31 34 36 38 40 42 44 47 48 50 52 54 56 58 60 62 64 66 69 70 72 74 1
2 3 5 7 9 11 14 15 17 19 21 23 26 28 29 31 34 36 38 40 42 44 46 48 51 52 54 56 58 60 62 64 66 69 70 72 74 0
2 3 5 7 9 11 13 15 17 19 21 23 26 28 29 31 34 36 38 40 42 44 46 48 50 52 55 56 58 60 62 64 66 69 70 72 74 1
2 3 5 7 9 11 13 15 17 19 21 23 26 28 29 31 34 36 38 40 42 44 46 48 51 52 55 56 58 60 62 64 66 69 70 72 74 0
2 3 5 7 9 11 14 15 17 19 21 23 26 28 29 31 34 36 38 40 42 44 46 48 50 52 55 56 58 60 62 64 66 69 70 72 74 1
2 3 5 7 9 11 14 15 17 19 21 23 26 28 29 31 34 36 38 40 42 44 46 48 51 52 55 56 58 60 62 64 66 69 70 72 74 0
2 3 5 7 9 12 13 15 17 19 21 23 25 27 29 31 34 36 38 40 42 44 46 48 50 52 54 56 58 60 62 64 66 69 70 72 75 1
2 3 5 7 9 11 13 15 17 20 21 23 25 27 29 31 34 36 38 40 42 44 47 48 50 52 54 56 58 60 62 64 66 69 70 72 75 1
2 3 5 7 9 11 13 15 17 20 21 23 25 27 29 31 34 36 38 40 42 44 47 48 51 52 54 56 58 60 62 64 66 69 70 72 75 1
2 3 5 7 9 11 13 15 17 19 21 23 25 27 29 31 34 36 39 40 42 44 46 48 50 52 54 56 58 60 63 64 66 69 71 72 75 0
2 3 5 7 9 12 13 16 17 19 21 23 25 27 29 31 34 36 39 40 42 44 46 48 50 52 54 56 58 60 62 64 66 69 71 72 75 1
2 3 5 7 9 11 13 15 17 19 21 23 25 27 29 31 34 36 39 40 42 44 46 48 51 52 54 56 58 60 63 64 66 69 71 72 75 0
2 3 5 7 9 12 13 16 17 19 21 23 25 27 29 31 34 36 39 40 42 44 46 48 51 52 54 56 58 60 62 64 66 69 71 72 75 0
2 3 5 7 10 12 14 15 17 19 21 23 25 27 29 31 34 36 38 40 42 44 46 48 50 52 54 56 58 60 62 64 66 69 70 72 75 0
2 3 5 7 9 11 14 15 17 20 21 23 25 27 29 31 34 36 38 40 42 44 47 48 50 52 54 56 58 60 62 64 66 69 70 72 75 0
2 3 5 7 9 12 14 16 17 20 21 23 25 27 29 31 34 36 38 40 42 44 47 48 50 52 54 56 58 60 62 64 66 69 70 72 75 1
2 3 5 7 9 11 14 15 17 20 21 23 25 27 29 31 34 36 38 40 42 44 47 48 51 52 54 56 58 60 62 64 66 69 70 72 75 1
2 3 5 7 9 11 14 16 17 19 21 23 25 27 29 31 34 36 39 40 42 44 46 48 50 52 54 56 58 60 62 64 66 69 71 72 75 0
2 3 5 7 9 12 14 16 17 19 21 23 25 27 29 31 34 36 39 40 42 44 46 48 50 52 54 56 58 60 62 64 66 69 71 72 75 0
2 3 5 7 9 11 14 16 18 20 21 23 25 27 29 31 34 36 38 40 42 44 47 48 50 52 54 56 58 60 62 64 66 69 70 72 75 0
2 3 5 7 9 11 13 15 17 19 21 23 25 27 29 31 34 36 38 40 42 44 46 48 50 52 55 56 58 60 62 64 66 69 70 72 75 1
2 3 5 7 9 11 13 15 17 19 21 23 25 27 29 31 34 36 38 40 42 44 46 48 50 52 55 57 58 60 62 64 66 69 70 72 75 1
2 3 5 7 9 12 13 15 17 19 21 23 25 27 29 31 34 36 38 40 42 44 46 48 50 52 55 57 58 60 62 64 66 69 70 72 75 0
2 3 5 7 9 12 13 16 17 19 21 23 25 27 29 31 34 36 38 40 42 44 46 48 50 52 55 56 58 60 62 64 66 69 70 72 75 1
2 3 5 7 9 11 13 15 17 20 21 23 25 27 29 31 34 36 38 40 42 44 47 48 50 52 55 56 58 60 62 64 66 69 70 72 75 1
2 3 5 7 9 12 13 15 17 20 21 23 25 27 29 31 34 36 38 40 42 44 47 48 50 52 55 56 58 60 62 64 66 69 70 72 75 1
2 3 5 7 9 11 13 15 17 19 21 23 25 27 29 31 34 36 38 40 42 44 46 48 51 52 55 56 58 60 62 64 66 69 70 72 75 0
2 3 5 7 9 11 13 15 17 19 21 23 25 27 29 31 34 36 38 40 42 44 46 48 51 52 55 57 58 60 62 64 66 69 70 72 75 0
2 3 5 7 9 11 13 15 17 20 21 23 25 27 29 31 34 36 38 40 42 44 47 48 51 52 55 56 58 60 62 64 66 69 70 72 75 1
2 3 5 7 9 12 13 15 17 20 21 23 25 27 29 31 34 36 38 40 42 44 47 48 51 52 55 56 58 60 62 64 66 69 70 72 75 1
2 3 5 7 9 12 13 16 17 19 21 23 25 27 29 31 34 36 39 40 42 44 46 48 50 52 55 56 58 60 62 64 66 69 71 72 75 0
2 3 5 7 9 11 13 15 17 20 21 23 25 27 29 31 34 36 39 40 42 44 47 48 50 52 55 56 58 60 62 64 66 69 70 72 75 1
2 3 5 7 9 12 13 16 18 20 21 23 25 27 29 31 34 36 38 40 42 44 46 48 50 52 55 56 58 60 62 64 66 69 70 72 75 1
2 3 5 7 9 11 13 15 17 19 21 23 25 27 29 31 34 36 38 40 42 44 46 49 50 52 55 56 58 60 62 64 66 68 70 72 75 0
2 3 5 7 9 11 13 15 17 19 21 23 25 27 29 31 34 36 38 40 42 44 46 49 50 52 55 56 58 60 62 64 66 69 70 72 75 0
2 3 5 7 9 11 14 15 17 19 21 23 25 27 29 31 34 36 38 40 42 44 46 48 50 52 55 56 58 60 62 64 66 69 70 72 75 1
2 3 5 7 9 11 14 15 17 19 21 23 25 27 29 31 35 36 38 40 42 44 46 48 50 52 55 56 58 60 62 64 66 69 71 72 75 1
2 3 5 7 9 12 14 16 17 19 21 23 25 27 29 31 34 36 38 40 42 44 46 48 50 52 55 56 58 60 62 64 66 69 70 72 75 1
2 3 5 7 9 11 14 15 17 20 21 23 25 27 29 31 34 36 38 40 42 44 47 48 50 52 55 56 58 60 62 64 66 69 70 72 75 0
2 3 5 7 9 11 14 15 17 19 21 23 25 27 29 31 34 36 38 40 42 44 46 48 51 52 55 56 58 60 62 64 66 69 70 72 75 1
2 3 5 7 9 11 14 15 17 20 21 23 25 27 29 31 34 36 38 40 42 44 47 48 51 52 55 56 58 60 62 64 66 69 70 72 75 0
2 3 5 7 9 12 14 16 17 19 21 23 25 27 29 31 34 36 39 40 42 44 46 48 50 52 55 56 58 60 62 64 66 69 71 72 75 0
2 3 5 7 9 11 13 15 17 19 21 23 25 28 29 31 34 36 38 40 42 44 46 48 50 52 54 56 58 60 62 64 66 69 70 72 75 1
2 3 5 7 9 11 13 15 17 19 21 23 25 28 29 31 34 36 38 40 42 44 46 48 50 52 54 57 58 60 62 64 66 69 70 72 75 1
2 3 5 7 9 12 13 15 17 19 21 23 25 28 29 31 34 36 38 40 42 44 46 48 50 52 54 57 58 60 62 64 66 69 70 72 75 0
2 3 5 7 9 12 13 16 17 19 21 23 25 28 29 31 34 36 38 40 42 44 46 48 50 52 54 56 58 60 62 64 66 69 70 72 75 1
2 3 5 7 9 11 13 15 17 20 21 23 25 28 29 31 34 36 38 40 42 44 47 48 50 52 54 56 58 60 62 64 66 69 70 72 75 0
2 3 5 7 9 11 13 15 17 19 21 23 25 28 29 31 34 36 38 40 42 44 46 48 51 52 54 56 58 60 62 64 66 69 70 72 75 1
2 3 5 7 9 11 13 15 17 19 21 23 25 28 29 31 34 36 38 40 42 44 46 48 51 52 54 57 58 60 62 64 66 69 70 72 75 1
2 3 5 7 9 12 13 16 17 19 21 23 25 28 29 31 34 36 38 40 42 44 46 48 51 52 54 56 58 60 62 64 66 69 70 72 75 0
2 3 5 7 9 11 13 15 17 20 21 23 25 28 29 31 34 36 38 40 42 44 47 48 51 52 54 56 58 60 62 64 66 69 70 72 75 1
2 3 5 7 9 11 14 15 17 19 21 23 25 28 29 31 34 36 38 40 42 44 46 48 50 52 54 56 58 60 62 64 66 69 70 72 75 0
2 3 5 7 9 11 14 16 17 19 21 23 25 28 29 31 34 36 38 40 42 44 46 48 50 52 54 56 58 60 62 64 66 69 70 72 75 1
2 3 5 7 9 12 14 16 17 19 21 23 25 28 29 31 34 36 38 40 42 44 46 48 50 52 54 56 58 60 62 64 66 69 70 72 75 1
2 3 5 7 9 11 14 15 17 20 21 23 25 28 29 31 34 36 38 40 42 44 47 48 50 52 54 56 58 60 62 64 66 69 70 72 75 0
2 3 5 7 9 11 14 15 17 19 21 23 25 28 29 31 34 36 38 40 42 44 46 48 51 52 54 56 58 60 62 64 66 69 70 72 75 0
2 3 5 7 9 11 14 15 17 20 21 23 25 28 29 31 34 36 38 40 42 44 47 48 51 52 54 56 58 60 62 64 66 69 70 72 75 1
2 3 5 7 9 11 13 15 17 19 21 23 25 28 29 31 34 36 38 40 42 44 46 48 50 52 55 56 58 60 62 64 66 69 70 72 75 1
2 3 5 7 9 11 13 15 17 19 21 23 25 28 29 31 34 36 38 40 42 44 46 48 50 52 55 57 58 60 62 64 66 69 70 72 75 0
2 3 5 7 9 12 13 16 17 19 21 23 25 28 29 31 34 36 38 40 42 44 46 48 50 52 55 56 58 60 62 64 66 69 70 72 75 1
2 3 5 7 9 11 13 15 17 20 21 23 25 28 29 31 34 36 38 40 42 44 47 48 50 52 55 56 58 60 62 64 66 69 70 72 75 0
2 3 5 7 9 11 13 15 17 19 21 23 25 28 29 31 34 36 38 40 42 44 46 48 51 52 55 56 58 60 62 64 66 69 70 72 75 1
2 3 5 7 9 11 13 15 17 19 21 23 25 28 29 31 34 36 38 40 42 44 46 49 50 52 55 56 58 60 62 64 66 68 70 72 75 1
2 3 5 7 9 11 14 15 17 19 21 23 25 28 29 31 34 36 38 40 42 44 46 48 50 52 55 56 58 60 62 64 66 69 70 72 75 1
2 3 5 7 9 12 14 15 17 19 21 23 25 28 29 31 34 36 38 40 42 44 46 48 50 52 55 56 58 60 62 64 66 69 70 72 75 0
2 3 5 7 9 12 14 16 17 19 21 23 25 28 29 31 34 36 38 40 42 44 46 48 50 52 55 56 58 60 62 64 66 69 70 72 75 0
2 3 5 7 9 11 14 15 17 20 21 23 25 28 29 31 34 36 38 40 42 44 47 48 50 52 55 56 58 60 62 64 66 69 70 72 75 0
2 3 5 7 9 11 14 15 17 19 21 23 25 28 29 31 34 36 38 40 42 44 46 48 51 52 55 56 58 60 62 64 66 69 70 72 75 1
2 3 5 7 9 12 14 16 17 19 21 23 25 28 29 31 34 36 38 40 42 44 46 48 51 52 55 56 58 60 62 64 66 69 70 72 75 1
2 3 5 7 9 11 13 15 17 20 21 23 26 27 29 31 34 36 38 40 42 44 47 48 50 52 54 56 58 60 62 64 66 69 70 72 75 0
2 3 5 7 9 11 14 15 17 20 21 23 26 27 29 31 34 36 38 40 42 44 47 48 50 52 54 56 58 60 62 64 66 69 70 72 75 1
2 3 5 7 9 11 13 15 17 19 21 23 26 27 29 31 34 36 38 40 42 44 46 48 51 52 55 56 58 60 62 64 66 69 70 72 75 0
2 3 5 7 9 11 14 15 17 19 21 23 26 27 29 31 34 36 38 40 42 44 46 48 51 52 55 56 58 60 62 64 66 69 70 72 75 1
2 3 5 7 9 11 13 15 17 19 21 23 26 28 29 31 34 36 38 40 42 44 46 48 50 52 54 56 58 60 62 64 66 68 70 72 75 0
2 3 5 7 9 11 13 15 17 19 21 23 26 28 29 31 34 36 38 40 42 44 46 48 50 52 54 56 58 60 62 64 66 69 70 72 75 0
2 3 5 7 9 11 14 15 17 19 21 23 26 28 29 31 34 36 38 40 42 44 46 48 50 52 54 56 58 60 62 64 66 69 70 72 75 1
2 3 5 7 9 11 13 15 17 19 21 23 26 28 29 31 34 36 38 40 42 44 46 48 50 52 55 56 58 60 62 64 66 69 70 72 75 1
2 3 5 7 9 11 13 15 17 19 22 23 25 27 29 31 34 36 38 40 42 44 46 48 50 52 54 56 58 60 62 64 66 68 70 72 74 0
2 3 5 7 9 11 13 15 17 19 22 23 25 27 29 31 34 36 38 40 42 44 46 48 50 52 54 56 58 60 62 64 66 68 71 72 74 0
2 3 5 7 9 12 13 16 17 19 22 23 25 27 29 31 34 36 38 40 42 44 46 48 50 52 54 56 58 60 62 64 66 68 70 72 74 0
2 3 5 7 9 11 13 15 17 19 22 23 25 27 29 31 34 36 38 40 42 44 46 48 50 52 54 56 58 60 62 64 66 69 70 72 74 1
2 3 5 7 9 12 13 16 17 19 22 23 25 27 29 31 34 36 38 40 42 44 46 48 50 52 54 56 58 60 62 64 66 69 70 72 74 1
2 3 5 7 9 11 13 15 17 19 22 23 25 27 29 31 34 36 38 40 42 44 46 48 51 52 54 56 58 60 62 64 66 68 70 72 74 0
2 3 5 7 9 11 13 15 17 19 22 23 25 27 29 31 34 36 38 40 42 44 46 48 51 52 54 56 58 60 62 64 66 68 71 72 74 0
2 3 5 7 9 11 13 15 17 19 22 23 25 27 29 31 34 36 38 40 42 44 46 48 51 52 54 56 58 60 62 64 66 69 70 72 74 0
2 3 5 7 9 11 13 15 17 19 22 24 25 27 29 31 34 36 38 40 42 44 46 48 50 52 54 56 58 60 62 64 66 68 70 72 74 1
2 3 6 7 9 11 13 15 17 19 22 24 25 27 29 31 35 36 38 40 42 44 46 48 50 52 54 56 58 60 62 64 66 68 70 72 74 1
2 3 5 7 9 11 13 16 17 19 22 24 25 27 29 31 34 36 38 40 42 44 46 48 50 52 54 56 58 60 62 64 66 68 70 72 74 0
2 3 5 7 9 11 13 15 17 19 22 24 25 27 29 31 34 36 38 40 42 44 46 48 50 52 54 56 58 60 62 64 66 69 70 72 74 0
2 3 5 7 9 11 13 15 17 19 22 24 25 27 29 31 34 36 38 40 42 44 46 48 50 52 54 56 58 60 62 65 66 69 70 72 74 1
2 3 5 7 9 11 13 16 17 19 22 24 25 27 29 31 34 36 38 40 42 44 46 48 50 52 54 56 58 60 62 64 66 69 70 72 74 0
2 3 5 7 9 12 13 16 17 19 22 24 25 27 29 31 34 36 38 40 42 44 46 48 50 52 54 56 58 60 62 64 66 69 70 72 74 0
2 3 5 7 9 11 13 15 17 19 22 24 25 27 29 31 34 36 38 40 42 44 46 48 51 52 54 56 58 60 62 64 66 68 70 72 74 0
2 3 5 7 9 11 13 15 17 19 22 24 25 27 29 31 34 36 38 40 42 44 46 48 51 52 54 56 58 60 62 64 66 69 70 72 74 0
2 3 5 7 9 11 13 15 17 19 22 24 25 27 29 31 34 36 38 40 42 44 46 48 51 52 54 56 58 60 62 65 66 69 70 72 74 1
2 3 5 7 9 11 13 15 17 19 22 23 25 27 29 31 34 36 38 40 43 44 46 48 50 52 54 56 58 60 62 64 67 68 70 73 74 1
2 3 5 7 9 11 13 15 17 19 22 23 25 27 29 31 34 36 38 40 42 44 46 48 50 52 54 56 58 60 62 64 67 69 70 73 74 1
2 3 5 7 9 11 13 16 17 19 22 23 25 27 29 31 34 36 38 40 42 44 46 48 50 52 54 56 58 60 62 64 67 69 70 73 74 1
2 3 5 7 9 11 13 15 17 19 22 23 25 27 29 31 34 36 38 40 42 44 46 48 51 52 54 56 58 60 62 64 67 69 70 73 74 1
2 3 5 7 9 11 13 16 17 19 22 23 25 27 29 31 34 36 38 40 42 44 46 48 51 52 54 56 58 60 62 64 67 69 70 73 74 0
2 3 5 7 9 11 13 15 17 19 22 24 25 27 29 31 34 36 38 40 42 44 46 48 50 52 54 56 58 60 62 64 66 69 70 73 74 1
2 3 5 7 9 11 13 15 17 19 22 24 25 27 29 31 34 36 38 40 42 44 46 48 50 52 54 56 58 60 62 65 66 69 70 73 74 1
2 3 5 7 9 11 13 16 17 19 22 24 25 27 29 31 34 36 38 40 42 44 46 48 50 52 54 56 58 60 62 64 66 69 70 73 74 1
2 3 5 7 9 11 13 16 17 19 22 24 25 27 29 31 34 36 38 40 43 44 46 48 50 52 54 56 58 60 62 64 66 69 70 73 74 1
2 3 5 7 9 12 13 16 17 19 22 24 25 27 29 31 34 36 38 40 42 44 46 48 50 52 54 56 58 60 62 64 66 69 70 73 74 0
2 3 5 7 9 12 13 16 17 19 22 24 25 27 29 31 34 36 38 40 43 44 46 48 50 52 54 56 58 60 62 64 66 69 70 73 74 0
2 3 5 7 9 11 13 15 17 19 22 24 25 27 29 31 34 36 38 40 42 44 46 48 51 52 54 56 58 60 62 64 66 69 70 73 74 1
2 3 5 7 9 11 13 15 17 19 22 24 25 27 29 31 34 36 38 40 42 44 46 48 51 53 54 56 58 60 62 64 66 69 70 73 74 0
2 3 5 7 9 11 13 15 17 19 22 24 25 27 29 31 34 36 38 40 42 44 46 48 51 52 54 56 58 60 62 65 66 69 70 73 74 1
2 3 5 7 9 11 13 15 17 19 22 24 25 27 29 32 34 36 38 40 42 44 46 48 50 52 54 56 58 60 62 64 66 68 70 72 74 0
2 3 5 7 9 11 13 15 17 19 22 24 25 27 29 33 34 36 38 40 42 44 46 48 50 52 54 56 58 60 62 64 66 68 70 72 74 1
2 3 5 7 9 11 13 16 17 19 22 24 25 27 29 33 34 36 38 40 43 44 46 48 50 52 54 56 58 60 62 64 66 68 70 72 74 1
2 3 5 7 9 11 13 15 17 19 22 24 25 27 29 33 34 36 38 40 42 44 46 48 50 52 54 56 58 60 62 64 66 69 70 72 74 0
2 3 5 7 9 11 13 15 17 19 22 24 25 27 29 33 34 36 38 40 42 44 46 48 50 52 54 56 58 60 62 65 66 69 70 72 74 0
2 3 5 7 9 11 13 16 17 19 22 24 25 27 29 32 34 36 38 40 42 44 46 48 50 52 54 56 58 60 62 64 66 69 70 72 74 1
2 3 5 7 9 11 13 16 17 19 22 24 25 27 29 33 34 36 38 40 42 44 46 48 50 52 54 56 58 60 62 64 66 69 70 72 74 0
2 3 5 7 9 12 13 16 17 19 22 24 25 27 29 32 34 36 38 40 42 44 46 48 50 52 54 56 58 60 62 64 66 69 70 72 74 0
2 3 5 7 9 11 13 15 17 19 22 24 25 27 29 32 34 36 38 40 42 44 46 48 51 52 54 56 58 60 62 64 66 68 70 72 74 1
2 3 5 7 9 11 13 15 17 19 22 24 25 27 29 33 34 36 38 40 42 44 46 48 51 52 54 56 58 60 62 64 66 68 70 72 74 1
2 3 5 7 9 11 13 15 17 19 22 24 25 27 29 33 34 36 38 40 42 44 46 48 51 52 54 56 58 60 62 64 66 69 70 72 74 0
2 3 5 7 9 11 13 15 17 19 22 24 25 27 29 33 34 36 38 40 42 44 46 48 50 52 54 56 58 60 62 64 66 69 70 73 74 1
2 3 5 7 9 11 13 16 17 19 22 24 25 27 29 32 34 36 38 40 42 44 46 48 50 52 54 56 58 60 62 64 66 69 70 73 74 1
2 3 5 7 9 12 13 16 17 19 22 24 25 27 29 32 34 36 38 40 42 44 46 48 50 52 54 56 58 60 62 64 66 69 70 73 74 0
2 3 5 7 9 11 13 15 17 19 22 24 25 27 29 33 34 36 38 40 42 44 46 48 51 52 54 56 58 60 62 64 66 69 70 73 74 1
2 3 6 7 9 11 13 15 17 19 22 23 25 27 29 31 34 36 39 40 42 44 46 48 50 52 54 56 58 60 62 64 66 68 71 72 74 0
2 3 6 7 9 11 13 15 17 19 22 23 25 27 29 31 34 36 39 40 42 44 46 48 50 52 54 56 58 60 62 64 66 69 70 72 74 0
2 3 6 7 9 11 13 15 17 19 22 23 25 27 29 31 34 36 39 40 42 44 46 48 50 52 54 56 58 60 62 64 66 69 71 72 74 0
2 3 6 7 9 11 13 15 17 19 22 23 25 27 29 31 34 36 39 40 42 44 46 48 51 52 54 56 58 60 62 64 66 69 71 72 74 1
2 3 6 7 9 11 13 15 17 19 22 24 25 27 29 31 34 36 39 40 42 44 46 48 50 52 54 56 58 60 62 64 66 68 70 72 74 0
2 3 6 7 9 11 13 15 17 19 22 24 25 27 29 31 34 36 39 40 42 44 46 48 50 52 54 56 58 60 62 64 66 68 71 72 74 1
2 3 6 7 9 11 13 15 17 19 22 24 25 27 29 31 34 36 39 40 42 44 46 48 51 52 54 56 58 60 62 64 66 68 70 72 74 0
2 3 6 7 9 11 13 15 17 19 22 24 25 27 29 31 34 36 39 40 42 44 46 48 51 52 54 56 58 60 62 64 66 68 71 72 74 1
2 3 5 7 9 11 13 15 17 19 22 24 25 27 29 33 34 37 38 40 42 44 46 48 50 52 54 56 58 60 62 64 66 69 70 72 74 0
2 3 5 7 9 11 13 16 18 20 22 23 25 27 29 31 34 36 38 40 42 44 46 48 50 52 54 56 58 60 62 64 66 68 71 72 74 1
2 3 5 7 9 12 13 16 18 20 22 23 25 27 29 31 34 36 38 40 42 44 46 48 50 52 54 56 58 60 62 64 66 68 70 72 74 0
2 3 5 7 9 12 13 16 18 20 22 23 25 27 29 31 34 36 38 40 42 44 46 48 50 52 54 56 58 60 62 64 66 68 71 72 74 1
2 3 5 7 9 11 13 16 18 20 22 23 25 27 29 31 34 36 38 40 42 44 47 48 50 52 54 56 58 60 62 64 66 68 71 72 74 1
2 3 5 7 9 11 13 16 18 20 22 23 25 27 29 31 34 36 38 40 42 44 46 48 50 52 54 56 58 60 62 64 66 69 71 72 74 1
2 3 5 7 9 12 13 16 18 20 22 23 25 27 29 31 34 36 38 40 42 44 46 48 50 52 54 56 58 60 62 64 66 69 70 72 74 1
2 3 5 7 9 12 13 16 18 20 22 23 25 27 29 31 34 36 38 40 42 44 46 48 50 52 54 56 58 60 62 64 66 69 71 72 74 0
2 3 5 7 9 11 13 16 18 20 22 24 25 27 29 31 34 36 38 40 42 44 46 48 50 52 54 56 58 60 62 64 66 69 70 72 74 0
2 3 5 7 9 12 13 16 18 20 22 24 25 27 29 31 34 36 38 40 42 44 46 48 50 52 54 56 58 60 62 64 66 69 70 72 74 0
2 3 5 7 9 11 13 16 18 20 22 24 25 27 29 31 34 36 38 40 42 44 46 48 50 52 54 56 58 60 62 64 66 69 70 73 74 0
2 3 5 7 9 11 13 16 18 20 22 24 25 27 29 32 34 36 38 40 42 44 46 48 50 52 54 56 58 60 62 64 66 69 70 72 74 0
2 3 5 7 9 12 13 16 18 20 22 23 25 27 29 31 34 36 39 40 42 44 46 48 50 52 54 56 58 60 62 64 66 68 71 72 74 0
2 3 5 7 9 11 13 16 18 20 22 24 25 27 29 31 34 36 39 40 42 44 46 48 50 52 54 56 58 60 62 64 66 69 70 72 74 0
2 3 5 7 9 11 13 15 17 19 22 23 25 27 29 31 34 37 38 40 42 44 46 49 50 52 54 56 58 60 62 64 66 68 70 72 74 0
2 3 5 7 9 11 13 15 17 19 22 23 25 27 29 31 34 37 38 40 42 44 46 49 50 52 54 56 58 60 62 64 66 69 70 72 74 1
2 3 5 7 9 11 13 15 17 19 22 23 25 27 29 31 34 37 38 40 42 44 46 49 51 52 54 56 58 60 62 64 66 68 70 72 74 0
2 3 5 7 9 11 14 15 17 19 22 23 25 27 29 31 34 36 38 40 42 44 46 48 50 52 54 56 58 60 62 64 66 68 70 72 74 1
2 3 5 7 9 11 14 15 17 19 22 23 25 27 29 31 34 36 38 40 42 44 46 48 50 52 54 56 58 60 62 64 66 68 71 72 74 1
2 3 5 7 9 11 14 16 17 19 22 23 25 27 29 31 34 36 38 40 42 44 46 48 50 52 54 56 58 60 62 64 66 68 70 72 74 1
2 3 5 7 9 12 14 16 17 19 22 23 25 27 29 31 34 36 38 40 42 44 46 48 50 52 54 56 58 60 62 64 66 68 70 72 74 1
2 3 5 7 9 11 14 15 17 19 22 23 25 27 29 31 34 36 38 40 42 44 46 48 50 52 54 56 58 60 62 64 66 69 70 72 74 1
2 3 5 7 9 11 14 16 17 19 22 23 25 27 29 31 34 36 38 40 42 44 46 48 50 52 54 56 58 60 62 64 66 69 70 72 74 1
2 3 5 7 9 12 14 16 17 19 22 23 25 27 29 31 34 36 38 40 42 44 46 48 50 52 54 56 58 60 62 64 66 69 70 72 74 1
2 3 5 7 9 11 14 15 17 19 22 23 25 27 29 31 34 36 38 40 42 44 46 48 51 52 54 56 58 60 62 64 66 68 70 72 74 1
2 3 5 7 10 11 14 15 17 19 22 23 25 27 29 31 34 36 38 40 42 44 46 48 51 52 54 56 58 60 62 64 66 68 70 72 74 0
2 3 5 8 9 11 14 16 17 19 22 23 25 27 29 31 34 36 38 40 42 44 46 48 51 52 54 56 58 60 62 64 66 68 70 72 74 1
2 3 5 7 9 12 14 16 17 19 22 23 25 27 29 31 34 36 38 40 42 44 46 48 51 52 54 56 58 60 62 64 66 68 70 72 74 1
2 3 5 8 9 12 14 16 17 19 22 23 25 27 29 31 34 36 38 40 42 44 46 48 51 52 54 56 58 60 62 64 66 68 70 72 74 1
2 3 5 7 9 11 14 15 17 19 22 23 25 27 29 31 34 36 38 40 42 44 46 48 51 52 54 56 58 60 62 64 66 69 70 72 74 0
2 3 5 7 9 11 14 15 17 19 22 24 25 27 29 31 34 36 38 40 42 44 46 48 50 52 54 56 58 60 62 64 66 68 70 72 74 1
2 3 5 7 9 11 14 15 17 19 22 24 25 27 29 31 34 36 38 40 42 44 46 48 50 52 54 56 58 60 62 65 66 69 70 72 74 1
2 3 5 7 9 11 14 16 17 19 22 24 25 27 29 31 34 36 38 40 42 44 46 48 50 52 54 56 58 60 62 64 66 69 70 72 74 1
2 3 5 7 9 12 14 16 17 19 22 24 25 27 29 31 34 36 38 40 42 44 46 48 50 52 54 56 58 60 62 64 66 69 70 72 74 0
2 3 5 7 9 11 14 15 17 19 22 24 25 27 29 31 34 36 38 40 42 44 46 48 51 52 54 56 58 60 62 64 66 68 70 72 74 0
2 3 5 8 9 11 14 16 17 19 22 24 25 27 29 31 34 36 38 40 42 44 46 48 51 52 54 56 58 60 62 64 66 68 70 72 74 0
2 3 5 7 9 11 14 15 17 19 22 24 25 27 29 31 34 36 38 40 42 44 46 48 51 52 54 56 58 60 62 65 66 69 70 72 74 0
2 3 5 7 9 11 14 16 17 19 22 24 25 27 29 31 34 36 38 40 42 44 46 48 51 52 54 56 58 60 62 64 66 69 70 72 74 1
2 3 5 7 9 12 14 16 17 19 22 24 25 27 29 31 34 36 38 40 42 44 46 48 51 52 54 56 58 60 62 64 66 69 70 72 74 0
2 3 5 7 9 11 14 15 17 19 22 24 25 27 29 31 34 36 38 40 42 44 46 48 50 52 54 56 58 60 62 65 66 69 70 73 74 1
2 3 5 7 9 11 14 16 17 19 22 24 25 27 29 31 34 36 38 40 42 44 46 48 50 52 54 56 58 60 62 64 66 69 70 73 74 1
2 3 5 7 9 11 14 16 17 19 22 24 25 27 29 31 34 36 38 40 43 44 46 48 50 52 54 56 58 60 62 64 66 69 70 73 74 0
2 3 5 7 9 12 14 16 17 19 22 24 25 27 29 31 34 36 38 40 42 44 46 48 50 52 54 56 58 60 62 64 66 69 70 73 74 0
2 3 5 7 9 11 14 15 17 19 22 24 25 27 29 31 34 36 38 40 42 44 46 48 51 52 54 56 58 60 62 65 66 69 70 73 74 0
2 3 5 7 9 11 14 15 17 19 22 24 25 27 29 32 34 36 38 40 42 44 46 48 50 52 54 56 58 60 62 64 66 68 70 72 74 0
2 3 5 7 9 11 14 15 17 19 22 24 25 27 29 33 34 36 38 40 42 44 46 48 50 52 54 56 58 60 62 64 66 68 70 72 74 1
2 3 5 7 9 11 14 16 17 19 22 24 25 27 29 32 34 36 38 40 43 44 46 48 50 52 54 56 58 60 62 64 66 68 70 72 74 1
2 3 5 7 9 11 14 16 17 19 22 24 25 27 29 32 34 36 38 40 42 44 46 48 50 52 54 56 58 60 62 64 66 69 70 72 74 0
2 3 5 7 9 12 14 16 17 19 22 24 25 27 29 32 34 36 38 40 42 44 46 48 50 52 54 56 58 60 62 64 66 69 70 72 74 1
2 3 5 7 9 11 14 15 17 19 22 24 25 27 29 32 34 36 38 40 42 44 46 48 51 52 54 56 58 60 62 64 66 68 70 72 74 0
2 3 5 7 9 11 14 15 17 19 22 24 25 27 29 33 34 36 38 40 42 44 46 48 51 52 54 56 58 60 62 64 66 68 70 72 74 1
2 3 5 7 9 11 14 16 17 19 22 24 25 27 29 32 34 36 38 40 43 44 46 48 51 52 54 56 58 60 62 64 66 68 70 72 74 1
2 3 5 7 9 11 14 16 17 19 22 24 25 27 29 32 34 36 38 40 42 44 46 48 50 52 54 56 58 60 62 64 66 69 70 73 74 0
2 3 5 7 9 12 14 16 17 19 22 24 25 27 29 32 34 36 38 40 42 44 46 48 50 52 54 56 58 60 62 64 66 69 70 73 74 0
2 3 6 7 9 11 14 15 17 19 22 23 25 27 29 31 34 36 39 40 42 44 46 48 50 52 54 56 58 60 62 64 66 68 71 72 74 1
2 3 6 7 9 11 14 15 17 19 22 23 25 27 29 31 34 36 39 40 42 44 46 48 50 52 54 56 58 60 62 64 66 69 70 72 74 1
2 3 6 7 9 11 14 15 17 19 22 23 25 27 29 31 34 36 39 40 42 44 46 48 50 52 54 56 58 60 62 64 66 69 71 72 74 1
2 3 6 7 9 11 14 15 17 19 22 23 25 27 29 31 34 36 39 40 42 44 46 48 51 52 54 56 58 60 62 64 66 68 71 72 74 0
2 3 6 7 9 11 14 15 17 19 22 24 25 27 29 31 34 36 39 40 42 44 46 48 50 52 54 56 58 60 62 64 66 68 70 72 74 0
2 3 6 7 9 11 14 15 17 19 22 24 25 27 29 31 34 36 39 40 42 44 46 48 50 52 54 56 58 60 62 64 66 68 71 72 74 1
2 3 6 7 9 11 14 15 17 19 22 24 25 27 29 31 34 36 39 40 42 44 46 48 51 52 54 56 58 60 62 64 66 68 70 72 74 1
2 3 5 7 9 11 14 16 17 19 22 24 25 27 29 32 34 36 39 40 42 44 46 48 50 52 54 56 58 60 62 64 66 69 70 72 74 1
2 3 5 7 9 11 14 15 18 20 22 23 25 27 29 31 34 36 38 40 42 44 46 48 50 52 54 56 58 60 62 64 66 68 70 72 74 0
2 3 5 7 9 12 14 15 18 20 22 23 25 27 29 31 34 36 38 40 42 44 46 48 50 52 54 56 58 60 62 64 66 68 70 72 74 1
2 3 5 7 9 11 14 16 18 20 22 23 25 27 29 31 34 36 38 40 42 44 46 48 50 52 54 56 58 60 62 64 66 68 70 72 74 1
2 3 5 7 9 12 14 16 18 20 22 23 25 27 29 31 34 36 38 40 42 44 46 48 50 52 54 56 58 60 62 64 66 68 70 72 74 0
2 3 5 7 9 11 14 15 18 20 22 23 25 27 29 31 34 36 38 40 42 44 46 48 50 52 54 56 58 60 62 64 66 69 70 72 74 1
2 3 5 7 9 11 14 16 18 20 22 23 25 27 29 31 34 36 38 40 42 44 46 48 50 52 54 56 58 60 62 64 66 69 70 72 74 0
2 3 5 7 9 12 14 16 18 20 22 23 25 27 29 31 34 36 38 40 42 44 46 48 50 52 54 56 58 60 62 64 66 69 70 72 74 0
2 3 5 7 9 11 14 15 18 20 22 24 25 27 29 31 34 36 38 40 42 44 46 48 50 52 54 56 58 60 62 64 66 68 70 72 74 1
2 3 5 7 9 11 14 15 18 20 22 24 25 27 29 31 34 36 38 40 43 44 46 48 50 52 54 56 58 60 62 64 66 68 70 72 74 1
2 3 5 7 9 12 14 15 18 20 22 24 25 27 29 31 34 36 38 40 42 44 46 48 50 52 54 56 58 60 62 64 66 68 70 72 74 1
2 3 5 7 9 11 14 15 18 20 22 24 25 27 29 31 34 36 38 40 42 44 46 48 50 52 54 56 58 60 62 64 66 69 70 72 74 1
2 3 5 7 9 11 14 15 18 20 22 24 25 27 29 31 34 36 38 40 43 44 46 48 50 52 54 56 58 60 62 64 66 69 70 72 74 0
2 3 5 7 9 11 14 16 18 20 22 24 25 27 29 31 34 36 38 40 42 44 46 48 50 52 54 56 58 60 62 64 66 69 70 72 74 1
2 3 5 7 9 11 14 15 18 20 22 24 25 27 29 31 34 36 38 40 42 44 46 48 50 52 54 56 58 60 62 64 66 68 70 73 74 0
2 3 5 7 9 11 14 15 18 20 22 24 25 27 29 31 34 36 38 40 42 44 46 48 50 52 54 56 58 60 62 64 66 69 70 73 74 0
2 3 5 7 9 11 14 16 18 20 22 24 25 27 29 31 34 36 38 40 42 44 46 48 50 52 54 56 58 60 62 64 66 69 70 73 74 1
2 3 5 7 9 11 14 15 18 20 22 24 25 27 29 32 34 36 38 40 42 44 46 48 50 52 54 56 58 60 62 64 66 68 70 72 74 1
2 3 5 7 9 11 14 15 18 20 22 24 25 27 29 33 34 36 38 40 42 44 46 48 50 52 54 56 58 60 62 64 66 68 70 72 74 0
2 3 5 7 9 12 14 15 18 20 22 24 25 27 29 33 34 36 38 40 42 44 46 48 50 52 54 56 58 60 62 64 66 68 70 72 74 1
2 3 5 7 9 11 14 15 18 20 22 24 25 27 29 32 34 36 38 40 42 44 46 48 50 52 54 56 58 60 62 64 66 69 70 72 74 1
2 3 5 7 9 11 14 15 18 20 22 24 25 27 29 33 34 36 38 40 42 44 46 48 50 52 54 56 58 60 62 64 66 69 70 72 74 0
2 3 5 7 9 11 14 16 18 20 22 24 25 27 29 32 34 36 38 40 42 44 46 48 50 52 54 56 58 60 62 64 66 69 70 72 74 0
2 3 5 7 9 11 14 15 18 20 22 24 25 27 29 32 34 36 38 40 42 44 46 48 50 52 54 56 58 60 62 64 66 68 70 73 74 1
2 3 5 7 9 11 14 15 18 20 22 23 25 27 29 31 34 36 39 40 42 44 46 48 50 52 54 56 58 60 62 64 66 68 70 72 74 0
2 3 5 7 9 11 14 15 18 20 22 23 25 27 29 31 34 36 39 40 42 44 46 48 50 52 54 56 58 60 62 64 66 68 71 72 74 0
2 3 5 7 9 12 14 15 18 20 22 23 25 27 29 31 34 36 39 40 42 44 46 48 50 52 54 56 58 60 62 64 66 68 70 72 74 1
2 3 5 7 9 12 14 15 18 20 22 23 25 27 29 31 34 36 39 40 42 44 46 48 50 52 54 56 58 60 62 64 66 68 71 72 74 1
2 3 5 7 9 12 14 15 18 20 22 24 25 27 29 31 34 36 39 40 42 44 46 48 50 52 54 56 58 60 62 64 66 68 71 72 74 0
2 3 5 7 9 11 13 15 17 19 22 23 25 27 29 31 34 36 38 40 42 44 46 48 50 52 55 56 58 60 62 64 66 68 70 72 74 0
2 3 5 7 9 11 13 15 17 19 22 23 25 27 29 31 34 36 38 40 42 44 46 48 50 52 55 56 58 60 62 64 66 68 71 72 74 1
2 3 5 7 9 11 13 15 17 19 22 23 25 27 29 31 34 36 38 40 42 44 46 48 51 52 55 56 58 60 62 64 66 68 70 72 74 0
2 3 5 7 9 11 13 15 17 19 22 23 25 27 29 31 34 36 38 40 42 44 46 48 51 52 55 56 58 60 62 64 66 68 71 72 74 0
2 3 6 7 9 11 13 15 17 19 22 23 25 27 29 31 34 36 39 40 42 44 46 48 50 52 55 56 58 60 62 64 66 69 70 72 74 1
2 3 6 7 9 11 13 15 17 19 22 23 25 27 29 31 34 36 39 40 42 44 46 48 50 52 55 56 58 60 62 64 66 69 71 72 74 0
2 3 5 7 9 12 13 16 18 20 22 23 25 27 29 31 34 36 38 40 42 44 46 48 50 52 55 56 58 60 62 64 66 68 71 72 74 0
2 3 5 7 9 11 13 16 18 20 22 23 25 27 29 31 34 36 38 40 42 44 46 48 50 52 55 56 58 60 62 64 66 69 71 72 74 0
2 3 5 7 9 11 14 15 17 19 22 23 25 27 29 31 34 36 38 40 42 44 46 48 50 52 55 56 58 60 62 64 66 68 70 72 74 1
2 3 5 7 9 11 14 15 17 19 22 23 25 27 29 31 34 36 38 40 42 44 46 48 50 52 55 56 58 60 62 64 66 68 71 72 74 1
2 3 5 7 9 11 14 15 17 19 22 23 25 27 29 31 34 36 38 40 42 44 46 48 51 52 55 56 58 60 62 64 66 68 70 72 74 1
2 3 5 7 9 11 14 15 17 19 22 23 25 27 29 31 34 36 38 40 42 44 46 48 51 52 55 56 58 60 62 64 66 68 71 72 74 0
2 3 5 8 9 11 14 16 17 19 22 23 25 27 29 31 34 36 38 40 42 44 46 48 51 52 55 56 58 60 62 64 66 68 70 72 74 0
2 3 6 7 9 11 14 15 17 19 22 23 25 27 29 31 34 36 39 40 42 44 46 48 51 52 55 56 58 60 62 64 66 69 70 72 74 0
2 3 5 7 9 11 14 15 18 20 22 23 25 27 29 31 34 36 38 40 42 44 46 48 50 52 55 56 58 60 62 64 66 68 70 72 74 0
2 3 5 7 9 12 14 15 18 20 22 23 25 27 29 31 34 36 38 40 42 44 46 48 50 52 55 56 58 60 62 64 66 68 70 72 74 1
2 3 5 7 9 11 14 15 18 20 22 23 25 27 29 31 34 36 38 40 42 44 46 48 50 52 55 56 58 60 62 64 66 69 70 72 74 1
2 3 5 7 9 12 14 15 18 20 22 23 25 27 29 31 34 36 38 40 42 44 46 48 50 52 55 56 58 60 62 64 66 69 70 72 74 0
2 3 5 7 9 11 14 15 18 20 22 23 25 27 29 31 34 36 39 40 42 44 46 48 50 52 55 56 58 60 62 64 66 68 70 72 74 1
2 3 5 7 9 11 14 15 18 20 22 23 25 27 29 31 34 36 39 40 42 44 46 48 50 52 55 56 58 60 62 64 66 68 71 72 74 0
2 3 5 7 9 12 14 15 18 20 22 23 25 27 29 31 34 36 39 40 42 44 46 48 50 52 55 56 58 60 62 64 66 68 70 72 74 1
2 3 5 7 9 11 14 15 18 20 22 23 25 27 29 31 34 36 39 40 42 44 46 48 50 52 55 56 58 60 62 64 66 69 71 72 74 1
2 3 5 7 9 11 13 15 17 19 22 23 25 28 29 31 34 36 38 40 42 44 46 48 50 52 54 56 58 60 62 64 66 68 70 72 74 1
2 3 5 7 9 12 13 16 17 19 22 23 25 28 29 31 34 36 38 40 42 44 46 48 50 52 54 56 58 60 62 64 66 68 70 72 74 1
2 3 5 7 9 11 13 15 17 19 22 23 25 28 29 31 34 36 38 40 42 44 46 48 50 52 54 56 58 60 62 64 66 69 70 72 74 1
2 3 5 7 9 12 13 16 17 19 22 23 25 28 29 31 34 36 38 40 42 44 46 48 50 52 54 56 58 60 62 64 66 69 70 72 74 1
2 3 5 7 9 11 13 15 17 19 22 23 25 28 29 31 34 36 38 40 42 44 46 48 51 52 54 56 58 60 62 64 66 68 70 72 74 0
2 3 5 7 9 11 13 15 17 19 22 23 25 28 29 31 34 36 38 40 42 44 46 48 51 52 54 56 58 60 62 64 66 69 70 72 74 1
2 3 5 7 9 11 13 15 17 19 22 24 25 28 29 31 34 36 38 40 42 44 46 48 50 52 54 56 58 60 62 64 66 68 70 72 74 1
2 3 5 7 10 12 13 15 17 19 22 24 25 28 29 31 34 36 38 40 42 44 46 48 50 52 54 56 58 60 62 64 66 68 70 72 74 0
2 3 5 7 9 11 13 16 17 19 22 24 25 28 29 31 34 36 38 40 42 44 46 48 50 52 54 56 58 60 62 64 66 68 70 72 74 0
2 3 5 7 9 12 13 16 17 19 22 24 25 28 29 31 34 36 38 40 42 44 46 48 50 52 54 56 58 60 62 64 66 68 70 72 74 0
2 3 5 7 9 11 13 15 17 19 22 24 25 28 29 31 34 36 38 40 42 44 46 48 50 52 54 56 58 60 62 64 66 69 70 72 74 1
2 3 5 7 9 11 13 16 17 19 22 24 25 28 29 31 34 36 38 40 42 44 46 48 50 52 54 56 58 60 62 64 66 69 70 72 74 0
2 3 5 7 9 12 13 16 17 19 22 24 25 28 29 31 34 36 38 40 42 44 46 48 50 52 54 56 58 60 62 64 66 69 70 72 74 1
2 3 5 7 9 11 13 15 17 19 22 24 25 28 29 31 34 36 38 40 42 44 46 48 51 52 54 56 58 60 62 64 66 68 70 72 74 1
2 3 5 7 9 11 13 15 17 19 22 24 25 28 29 31 34 36 38 40 42 44 46 48 51 52 54 56 58 60 62 64 66 69 70 72 74 0
2 3 5 7 9 11 13 15 17 19 22 23 25 28 29 31 34 36 38 40 42 44 46 48 50 52 54 56 58 60 62 64 67 69 70 73 74 1
2 3 5 7 9 11 13 15 17 19 22 24 25 28 29 31 34 36 38 40 42 44 46 48 50 52 54 56 58 60 62 64 66 69 70 73 74 1
2 3 5 7 9 11 13 16 17 19 22 24 25 28 29 31 34 36 38 40 42 44 46 48 50 52 54 56 58 60 62 64 66 69 70 73 74 0
2 3 5 7 9 12 13 16 17 19 22 24 25 28 29 31 34 36 38 40 42 44 46 48 50 52 54 56 58 60 62 64 66 69 70 73 74 1
2 3 5 7 9 11 13 15 17 19 22 24 25 28 29 31 34 36 38 40 42 44 46 48 51 52 54 56 58 60 62 64 66 69 70 73 74 0
2 3 5 7 9 11 13 15 17 19 22 24 25 28 29 33 34 36 38 40 42 44 46 48 50 52 54 56 58 60 62 64 66 68 70 72 74 1
2 3 5 7 9 12 13 16 17 19 22 24 25 28 29 33 34 36 38 40 42 44 46 48 50 52 54 56 58 60 62 64 66 68 70 72 74 1
2 3 5 7 9 11 13 15 17 19 22 24 25 28 29 33 34 36 38 40 42 44 46 48 50 52 54 56 58 60 62 64 66 69 70 72 74 1
2 3 5 7 9 11 13 16 17 19 22 24 25 28 29 33 34 36 38 40 42 44 46 48 50 52 54 56 58 60 62 64 66 69 70 72 74 1
2 3 5 7 9 11 13 15 17 19 22 24 25 28 29 33 34 36 38 40 42 44 46 48 51 52 54 56 58 60 62 64 66 68 70 72 74 1
2 3 5 7 9 11 13 15 17 19 22 24 25 28 29 33 34 36 38 40 42 44 46 48 51 52 54 56 58 60 62 64 66 69 70 72 74 1
2 3 5 7 9 11 13 15 17 19 22 24 25 28 29 33 34 36 38 40 42 44 46 48 50 52 54 56 58 60 62 64 66 69 70 73 74 0
2 3 5 7 9 11 13 15 17 19 22 24 25 28 29 31 34 37 38 40 42 44 46 48 50 52 54 56 58 60 62 64 66 68 70 72 74 1
2 3 5 7 9 11 13 15 17 19 22 24 25 28 29 31 34 37 38 40 42 44 46 48 50 52 54 56 58 60 62 64 66 69 70 72 74 0
2 3 5 7 9 11 13 16 18 20 22 23 25 28 29 31 34 36 38 40 42 44 46 48 50 52 54 56 58 60 62 64 66 68 71 72 74 0
2 3 5 7 9 12 13 16 18 20 22 23 25 28 29 31 34 36 38 40 42 44 46 48 50 52 54 56 58 60 62 64 66 68 70 72 74 1
2 3 5 7 9 12 13 16 18 20 22 23 25 28 29 31 34 36 38 40 42 44 46 48 50 52 54 56 58 60 62 64 66 68 71 72 74 0
2 3 5 7 9 12 13 16 18 20 22 23 25 28 29 31 34 36 38 40 42 44 46 48 50 52 54 56 58 60 62 64 66 69 70 72 74 0
2 3 5 7 9 12 13 16 18 20 22 24 25 28 29 31 34 36 38 40 42 44 46 48 50 52 54 56 58 60 62 64 66 68 70 72 74 0
2 3 5 7 9 11 13 16 18 20 22 24 25 28 29 31 34 36 38 40 42 44 46 48 50 52 54 56 58 60 62 64 66 69 70 72 74 1
2 3 5 7 9 12 13 16 18 20 22 24 25 28 29 31 34 36 38 40 42 44 46 48 50 52 54 56 58 60 62 64 66 69 70 72 74 1
2 3 5 7 9 11 13 15 17 19 22 23 25 28 29 31 34 36 38 40 42 44 46 49 50 52 54 56 58 60 62 64 66 68 70 72 74 0
2 3 5 7 9 11 13 15 17 19 22 24 25 28 29 31 34 36 38 40 42 44 46 49 50 52 54 56 58 60 62 64 66 68 70 72 74 0
2 3 5 7 9 11 14 15 17 19 22 23 25 28 29 31 34 36 38 40 42 44 46 48 50 52 54 56 58 60 62 64 66 68 70 72 74 1
2 3 5 7 9 11 14 16 17 19 22 23 25 28 29 31 34 36 38 40 42 44 46 48 50 52 54 56 58 60 62 64 66 68 70 72 74 0
2 3 5 7 9 12 14 16 17 19 22 23 25 28 29 31 34 36 38 40 42 44 46 48 50 52 54 56 58 60 62 64 66 68 70 72 74 0
2 3 5 7 9 11 14 15 17 19 22 23 25 28 29 31 34 36 38 40 42 44 46 48 50 52 54 56 58 60 62 64 66 69 70 72 74 1
2 3 5 7 9 12 14 16 17 19 22 23 25 28 29 31 34 36 38 40 42 44 46 48 50 52 54 56 58 60 62 64 66 69 70 72 74 1
2 3 5 7 9 11 14 15 17 19 22 23 25 28 29 31 34 36 38 40 42 44 46 48 51 52 54 56 58 60 62 64 66 68 70 72 74 1
2 3 5 7 10 11 14 15 17 19 22 23 25 28 29 31 34 36 38 40 42 44 46 48 51 52 54 56 58 60 62 64 66 68 70 72 74 0
2 3 5 7 9 12 14 16 17 19 22 23 25 28 29 31 34 36 38 40 42 44 46 48 51 52 54 56 58 60 62 64 66 68 70 72 74 1
2 3 5 7 9 11 14 15 17 19 22 23 25 28 29 31 34 36 38 40 42 44 46 48 51 52 54 56 58 60 62 64 66 69 70 72 74 1
2 3 5 7 9 11 14 15 17 19 22 24 25 28 29 31 34 36 38 40 42 44 46 48 50 52 54 56 58 60 62 64 66 68 70 72 74 0
2 3 5 7 9 11 14 16 17 19 22 24 25 28 29 31 34 36 38 40 42 44 46 48 50 52 54 56 58 60 62 64 66 68 70 72 74 1
2 3 5 7 9 12 14 16 17 19 22 24 25 28 29 31 34 36 38 40 42 44 46 48 50 52 54 56 58 60 62 64 66 68 70 72 74 0
2 3 5 7 9 11 14 15 17 19 22 24 25 28 29 31 34 36 38 40 42 44 46 48 50 52 54 56 58 60 62 64 66 69 70 72 74 1
2 3 5 7 9 11 14 16 17 19 22 24 25 28 29 31 34 36 38 40 42 44 46 48 50 52 54 56 58 60 62 64 66 69 70 72 74 1
2 3 5 7 9 12 14 16 17 19 22 24 25 28 29 31 34 36 38 40 42 44 46 48 50 52 54 56 58 60 62 64 66 69 70 72 74 1
2 3 5 7 9 11 14 15 17 19 22 24 25 28 29 31 34 36 38 40 42 44 46 48 51 52 54 56 58 60 62 64 66 68 70 72 74 0
2 3 5 7 10 11 14 15 17 19 22 24 25 28 29 31 34 36 38 40 42 44 46 48 51 52 54 56 58 60 62 64 66 68 70 72 74 1
2 3 5 7 9 11 14 16 17 19 22 24 25 28 29 31 34 36 38 40 42 44 46 48 51 52 54 56 58 60 62 64 66 68 70 72 74 1
2 3 5 8 9 11 14 16 17 19 22 24 25 28 29 31 34 36 38 40 42 44 46 48 51 52 54 56 58 60 62 64 66 68 70 72 74 0
2 3 5 7 9 12 14 16 17 19 22 24 25 28 29 31 34 36 38 40 42 44 46 48 51 52 54 56 58 60 62 64 66 68 70 72 74 0
2 3 5 7 9 11 14 15 17 19 22 24 25 28 29 31 34 36 38 40 42 44 46 48 51 52 54 56 58 60 62 64 66 69 70 72 74 0
2 3 5 7 10 11 14 15 17 19 22 24 25 28 29 31 34 36 38 40 42 44 46 48 51 52 54 56 58 60 62 64 66 69 70 72 74 1
2 3 5 7 9 11 14 16 17 19 22 24 25 28 29 31 34 36 38 40 42 44 46 48 51 52 54 56 58 60 62 64 66 69 70 72 74 1
2 3 5 7 9 12 14 16 17 19 22 24 25 28 29 31 34 36 38 40 42 44 46 48 51 52 54 56 58 60 62 64 66 69 70 72 74 1
2 3 5 7 9 11 14 15 17 19 22 24 25 28 29 31 34 36 38 40 42 44 46 48 50 52 54 56 58 60 62 64 66 69 70 73 74 1
2 3 5 7 9 11 14 16 17 19 22 24 25 28 29 31 34 36 38 40 42 44 46 48 50 52 54 56 58 60 62 64 66 69 70 73 74 1
2 3 5 7 9 12 14 16 17 19 22 24 25 28 29 31 34 36 38 40 42 44 46 48 50 52 54 56 58 60 62 64 66 69 70 73 74 1
2 3 5 7 9 11 14 15 17 19 22 24 25 28 29 31 34 36 38 40 42 44 46 48 51 52 54 56 58 60 62 64 66 69 70 73 74 1
2 3 5 7 9 11 14 15 17 19 22 24 25 28 29 33 34 36 38 40 42 44 46 48 50 52 54 56 58 60 62 64 66 68 70 72 74 1
2 3 5 7 9 11 14 15 17 19 22 24 25 28 29 33 34 36 38 40 42 44 46 48 51 52 54 56 58 60 62 64 66 68 70 72 74 0
2 3 5 7 9 11 14 15 18 20 22 23 25 28 29 31 34 36 38 40 42 44 46 48 50 52 54 56 58 60 62 64 66 68 70 72 74 1
2 3 5 7 9 12 14 15 18 20 22 23 25 28 29 31 34 36 38 40 42 44 46 48 50 52 54 56 58 60 62 64 66 68 70 72 74 1
2 3 5 7 9 11 14 16 18 20 22 23 25 28 29 31 34 36 38 40 42 44 46 48 50 52 54 56 58 60 62 64 66 68 70 72 74 1
2 3 5 7 9 12 14 16 18 20 22 23 25 28 29 31 34 36 38 40 42 44 46 48 50 52 54 56 58 60 62 64 66 68 70 72 74 1
2 3 5 7 9 11 14 15 18 20 22 23 25 28 29 31 34 36 38 40 42 44 46 48 50 52 54 56 58 60 62 64 66 69 70 72 74 0
2 3 5 7 9 12 14 15 18 20 22 23 25 28 29 31 34 36 38 40 42 44 46 48 50 52 54 56 58 60 62 64 66 69 70 72 74 1
2 3 5 7 9 12 14 16 18 20 22 23 25 28 29 31 34 36 38 40 42 44 46 48 50 52 54 56 58 60 62 64 66 69 70 72 74 1
2 3 5 7 9 11 14 15 18 20 22 24 25 28 29 31 34 36 38 40 42 44 46 48 50 52 54 56 58 60 62 64 66 68 70 72 74 0
2 3 5 7 9 12 14 15 18 20 22 24 25 28 29 31 34 36 38 40 42 44 46 48 50 52 54 56 58 60 62 64 66 68 70 72 74 0
2 3 5 7 9 12 14 16 18 20 22 24 25 28 29 31 34 36 38 40 42 44 46 48 50 52 54 56 58 60 62 64 66 68 70 72 74 0
2 3 5 7 9 11 14 15 18 20 22 24 25 28 29 31 34 36 38 40 42 44 46 48 50 52 54 56 58 60 62 64 66 69 70 72 74 1
2 3 5 7 9 11 14 16 18 20 22 24 25 28 29 31 34 36 38 40 42 44 46 48 50 52 54 56 58 60 62 64 66 69 70 72 74 1
2 3 5 7 9 11 14 15 18 20 22 24 25 28 29 31 34 36 38 40 42 44 46 48 50 52 54 56 58 60 62 64 66 68 70 73 74 0
2 3 5 7 9 11 14 15 18 20 22 24 25 28 29 31 34 36 38 40 42 44 46 48 50 52 54 56 58 60 62 64 66 69 70 73 74 0
2 3 5 7 9 11 14 15 18 20 22 24 25 28 29 33 34 36 38 40 42 44 46 48 50 52 54 56 58 60 62 64 66 68 70 72 74 1
2 3 5 7 9 11 14 15 17 19 22 23 25 28 29 31 34 36 38 40 42 44 46 49 50 52 54 56 58 60 62 64 66 68 70 72 74 0
2 3 5 7 9 11 14 15 17 19 22 24 25 28 29 31 34 36 38 40 42 44 46 49 50 52 54 56 58 60 62 64 66 68 70 72 74 0
2 3 5 7 9 11 13 15 17 19 22 23 25 28 29 31 34 36 38 40 42 44 46 48 50 52 55 56 58 60 62 64 66 68 70 72 74 0
2 3 5 7 9 12 13 16 17 19 22 23 25 28 29 31 34 36 38 40 42 44 46 48 50 52 55 56 58 60 62 64 66 68 70 72 74 1
2 3 5 7 9 11 13 15 17 19 22 23 25 28 29 31 34 36 38 40 42 44 46 48 50 52 55 56 58 60 62 64 66 69 70 72 74 1
2 3 5 7 9 12 13 16 17 19 22 23 25 28 29 31 34 36 38 40 42 44 46 48 50 52 55 56 58 60 62 64 66 69 70 72 74 0
2 3 5 7 9 11 13 15 17 19 22 23 25 28 29 31 34 36 38 40 42 44 46 48 51 52 55 56 58 60 62 64 66 68 70 72 74 0
2 3 5 7 9 11 13 15 17 19 22 23 25 28 29 31 34 36 38 40 42 44 46 48 51 52 55 56 58 60 62 64 66 69 70 72 74 0
2 3 5 7 9 11 13 15 17 19 22 23 25 28 29 31 34 37 38 40 42 44 46 48 50 52 55 56 58 60 62 64 66 68 70 72 74 0
2 3 5 7 9 11 13 15 17 19 22 23 25 28 29 31 34 37 38 40 42 44 46 48 50 52 55 56 58 60 62 64 66 69 70 72 74 0
2 3 5 7 9 12 13 16 18 20 22 23 25 28 29 31 34 36 38 40 42 44 46 48 50 52 55 56 58 60 62 64 66 68 70 72 74 1
2 3 5 7 9 11 13 15 17 19 22 23 25 28 29 31 34 36 38 40 42 44 46 49 50 52 55 56 58 60 62 64 66 68 70 72 74 0
2 3 5 7 9 11 14 15 17 19 22 23 25 28 29 31 34 36 38 40 42 44 46 48 50 52 55 56 58 60 62 64 66 68 70 72 74 1
2 3 5 7 9 12 14 16 17 19 22 23 25 28 29 31 34 36 38 40 42 44 46 48 50 52 55 56 58 60 62 64 66 68 70 72 74 1
2 3 5 7 9 11 14 15 17 19 22 23 25 28 29 31 34 36 38 40 42 44 46 48 50 52 55 56 58 60 62 64 66 69 70 72 74 1
2 3 5 7 9 12 14 16 17 19 22 23 25 28 29 31 34 36 38 40 42 44 46 48 50 52 55 56 58 60 62 64 66 69 70 72 74 0
2 3 5 7 9 11 14 15 17 19 22 23 25 28 29 31 34 36 38 40 42 44 46 48 51 52 55 56 58 60 62 64 66 68 70 72 74 1
2 3 5 7 10 11 14 15 17 19 22 23 25 28 29 31 34 36 38 40 42 44 46 48 51 52 55 56 58 60 62 64 66 68 70 72 74 0
2 3 5 7 9 12 14 16 17 19 22 23 25 28 29 31 34 36 38 40 42 44 46 48 51 52 55 56 58 60 62 64 66 68 70 72 74 0
2 3 5 7 9 11 14 15 17 19 22 23 25 28 29 31 34 36 38 40 42 44 46 48 51 52 55 56 58 60 62 64 66 69 70 72 74 1
2 3 5 7 10 11 14 15 17 19 22 23 25 28 29 31 34 36 38 40 42 44 46 48 51 52 55 56 58 60 62 64 66 69 70 72 74 1
2 3 5 7 9 11 14 15 18 20 22 23 25 28 29 31 34 36 38 40 42 44 46 48 50 52 55 56 58 60 62 64 66 68 70 72 74 1
2 3 5 7 9 12 14 15 18 20 22 23 25 28 29 31 34 36 38 40 42 44 46 48 50 52 55 56 58 60 62 64 66 68 70 72 74 0
2 3 5 7 9 11 14 15 18 20 22 23 25 28 29 31 34 36 38 40 42 44 46 48 50 52 55 56 58 60 62 64 66 69 70 72 74 0
2 3 5 7 9 11 14 15 17 19 22 23 25 28 29 31 34 36 38 40 42 44 46 49 50 52 55 56 58 60 62 64 66 68 70 72 74 0
2 3 5 7 9 11 13 15 17 19 22 23 26 27 29 31 34 36 38 40 42 44 46 48 50 52 54 56 58 60 62 64 66 68 70 72 74 0
2 3 5 7 9 11 13 15 17 19 22 23 26 27 29 31 34 36 38 40 42 44 46 48 50 52 54 56 58 60 62 64 66 68 71 72 74 0
2 3 5 7 9 11 13 15 17 19 22 23 26 27 29 31 34 36 38 40 42 44 46 48 50 52 54 56 58 60 62 64 66 69 70 72 74 1
2 3 5 7 9 11 13 15 17 19 22 23 26 27 29 31 34 36 38 40 42 44 46 48 51 52 54 56 58 60 62 64 66 69 70 72 74 0
2 3 5 7 9 11 14 15 17 19 22 23 26 27 29 31 34 36 38 40 42 44 46 48 50 52 54 56 58 60 62 64 66 68 70 72 74 0
2 3 5 7 9 11 14 15 17 19 22 23 26 27 29 31 34 36 38 40 42 44 46 48 50 52 54 56 58 60 62 64 66 69 70 72 74 0
2 3 5 7 9 11 14 15 17 19 22 23 26 27 29 31 34 36 38 40 42 44 46 48 51 52 54 56 58 60 62 64 66 69 70 72 74 0
2 3 5 7 9 11 13 15 17 19 22 23 26 27 29 31 34 36 38 40 42 44 46 48 50 52 55 56 58 60 62 64 66 68 70 72 74 0
2 3 5 7 9 11 13 15 17 19 22 23 26 27 29 31 34 36 38 40 42 44 46 48 50 52 55 56 58 60 62 64 66 68 71 72 74 1
2 3 5 7 9 11 13 15 17 19 22 23 26 27 29 31 34 36 38 40 42 44 46 48 51 52 55 56 58 60 62 64 66 68 70 72 74 0
2 3 5 7 9 11 13 15 17 19 22 23 26 28 29 31 34 36 38 40 42 44 46 48 50 52 54 56 58 60 62 64 66 68 70 72 74 1
2 3 5 7 9 11 13 15 17 19 22 23 26 28 29 31 34 36 38 40 42 44 46 48 50 52 54 56 58 60 62 64 66 69 70 72 74 0
2 3 5 7 9 11 13 15 17 19 22 23 26 28 29 31 34 36 38 40 42 44 46 48 51 52 54 56 58 60 62 64 66 69 70 72 74 0
2 3 5 7 9 11 14 15 17 19 22 23 26 28 29 31 34 36 38 40 42 44 46 48 50 52 54 56 58 60 62 64 66 68 70 72 74 1
2 3 5 7 9 11 14 15 17 19 22 23 26 28 29 31 34 36 38 40 42 44 46 48 50 52 54 56 58 60 62 64 66 69 70 72 74 1
2 3 5 7 9 11 14 15 17 19 22 23 26 28 29 31 34 36 38 40 42 44 46 48 51 52 54 56 58 60 62 64 66 69 70 72 74 0
2 3 5 7 9 11 13 15 17 19 22 23 26 28 29 31 34 36 38 40 42 44 46 48 50 52 55 56 58 60 62 64 66 68 70 72 74 0
2 3 5 7 9 11 13 15 17 19 22 23 26 28 29 31 34 36 38 40 42 44 46 48 50 52 55 56 58 60 62 64 66 69 70 72 74 0
2 3 5 7 9 11 13 15 17 19 22 23 26 28 29 31 34 36 38 40 42 44 46 48 51 52 55 56 58 60 62 64 66 68 70 72 74 1
2 3 5 7 9 11 14 15 17 19 22 23 26 28 29 31 34 36 38 40 42 44 46 48 50 52 55 56 58 60 62 64 66 68 70 72 74 0
2 3 5 7 9 11 14 15 17 19 22 23 26 28 29 31 34 36 38 40 42 44 46 48 50 52 55 56 58 60 62 64 66 69 70 72 74 0
2 3 5 7 9 11 14 15 17 19 22 23 26 28 29 31 34 36 38 40 42 44 46 48 51 52 55 56 58 60 62 64 66 68 70 72 74 0
2 3 5 7 9 11 13 15 17 19 22 23 25 27 29 31 34 36 38 40 42 44 46 48 50 52 54 56 58 60 62 64 66 68 70 72 75 0
2 3 5 7 9 11 13 15 17 19 22 23 25 27 29 31 34 36 38 40 42 44 46 48 50 52 54 56 58 60 62 64 66 68 71 72 75 0
2 3 5 7 9 12 13 16 17 19 22 23 25 27 29 31 34 36 38 40 42 44 46 48 50 52 54 56 58 60 62 64 66 68 70 72 75 0
2 3 5 7 9 11 13 15 17 19 22 23 25 27 29 31 34 36 38 40 42 44 46 48 51 52 54 56 58 60 62 64 66 68 70 72 75 1
2 3 5 7 9 11 13 15 17 19 22 23 25 27 29 31 34 36 38 40 42 44 46 48 51 52 54 56 58 60 62 64 66 68 71 72 75 1
2 3 5 7 9 11 13 16 18 20 22 23 25 27 29 31 34 36 38 40 42 44 46 48 50 52 54 56 58 60 62 64 66 68 71 72 75 1
2 3 5 7 9 12 13 16 18 20 22 23 25 27 29 31 34 36 38 40 42 44 46 48 50 52 54 56 58 60 62 64 66 68 70 72 75 0
2 3 5 7 9 12 13 16 18 20 22 23 25 27 29 31 34 36 38 40 42 44 46 48 50 52 54 56 58 60 62 64 66 68 71 72 75 0
2 3 5 7 9 11 14 15 17 19 22 23 25 27 29 31 34 36 38 40 42 44 46 48 50 52 54 56 58 60 62 64 66 68 70 72 75 0
2 3 5 7 9 11 14 15 17 19 22 23 25 27 29 31 34 36 38 40 42 44 46 48 50 52 54 56 58 60 62 64 66 68 71 72 75 0
2 3 5 7 9 11 14 16 17 19 22 23 25 27 29 31 34 36 38 40 42 44 46 48 50 52 54 56 58 60 62 64 66 68 70 72 75 0
2 3 5 7 9 12 14 16 17 19 22 23 25 27 29 31 34 36 38 40 42 44 46 48 50 52 54 56 58 60 62 64 66 68 70 72 75 0
2 3 5 7 9 11 14 15 17 19 22 23 25 27 29 31 34 36 38 40 42 44 46 48 51 52 54 56 58 60 62 64 66 68 70 72 75 1
2 3 5 7 9 11 14 15 17 19 22 23 25 27 29 31 34 36 38 40 42 44 46 48 51 52 54 56 58 60 62 64 66 68 71 72 75 1
2 3 5 7 9 11 14 15 18 20 22 23 25 27 29 31 34 36 38 40 42 44 46 48 50 52 54 56 58 60 62 64 66 68 70 72 75 1
2 3 5 7 9 11 14 16 18 20 22 23 25 27 29 31 34 36 38 40 42 44 46 48 50 52 54 56 58 60 62 64 66 68 70 72 75 1
2 3 5 7 9 12 14 16 18 20 22 23 25 27 29 31 34 36 38 40 42 44 46 48 50 52 54 56 58 60 62 64 66 68 70 72 75 0
2 3 5 7 9 11 13 15 17 19 22 23 25 27 29 31 34 36 38 40 42 44 46 48 50 52 55 56 58 60 62 64 66 68 70 72 75 1
2 3 5 7 9 11 13 15 17 19 22 23 25 27 29 31 34 36 38 40 42 44 46 48 50 52 55 56 58 60 62 64 66 68 71 72 75 1
2 3 5 7 9 12 13 16 17 19 22 23 25 27 29 31 34 36 38 40 42 44 46 48 50 52 55 56 58 60 62 64 66 68 70 72 75 0
2 3 5 7 9 12 13 16 17 19 22 23 25 27 29 31 34 36 38 40 42 44 46 48 50 52 55 56 58 60 62 64 66 69 70 72 75 0
2 3 5 7 9 11 13 15 17 19 22 23 25 27 29 31 34 36 38 40 42 44 46 48 51 52 55 56 58 60 62 64 66 68 70 72 75 0
2 3 5 7 9 11 13 15 17 19 22 23 25 27 29 31 34 36 38 40 42 44 46 48 51 52 55 56 58 60 62 64 66 68 71 72 75 1
2 3 5 7 9 11 13 15 17 19 22 23 25 27 29 31 34 36 39 40 42 44 46 48 50 52 55 56 58 60 62 64 66 68 70 72 75 1
2 3 6 7 9 11 13 15 17 19 22 23 25 27 29 31 34 36 39 40 42 44 46 48 50 52 55 56 58 60 62 64 66 68 70 72 75 0
2 3 5 7 9 11 13 15 17 19 22 23 25 27 29 31 34 37 38 40 42 44 46 48 50 52 55 56 58 60 62 64 66 68 70 72 75 0
2 3 5 7 9 11 14 15 17 19 22 23 25 27 29 31 34 36 38 40 42 44 46 48 50 52 55 56 58 60 62 64 66 68 70 72 75 0
2 3 5 7 9 11 14 15 17 19 22 23 25 27 29 31 34 36 38 40 42 44 46 48 50 52 55 56 58 60 62 64 66 68 71 72 75 1
2 3 5 7 9 12 14 16 17 19 22 23 25 27 29 31 34 36 38 40 42 44 46 48 50 52 55 56 58 60 62 64 66 68 70 72 75 1
2 3 5 7 9 12 14 16 17 19 22 23 25 27 29 31 34 36 38 40 42 44 46 48 50 52 55 56 58 60 62 64 66 69 70 72 75 1
2 3 5 7 9 11 14 15 17 19 22 23 25 27 29 31 34 36 38 40 42 44 46 48 51 52 55 56 58 60 62 64 66 68 70 72 75 0
2 3 5 7 9 11 14 15 17 19 22 23 25 27 29 31 34 36 38 40 42 44 46 48 51 52 55 56 58 60 62 64 66 68 71 72 75 0
2 3 5 7 10 11 14 15 17 19 22 23 25 27 29 31 34 36 38 40 42 44 46 48 51 52 55 56 58 60 62 64 66 68 70 72 75 1
2 3 5 7 9 12 14 16 17 19 22 23 25 27 29 31 34 36 38 40 42 44 46 48 51 52 55 56 58 60 62 64 66 68 70 72 75 0
2 3 5 7 9 11 14 15 17 19 22 23 25 27 29 31 34 36 39 40 42 44 46 48 51 52 55 56 58 60 62 64 66 68 70 72 75 0
2 3 5 7 9 11 14 15 18 20 22 23 25 27 29 31 34 36 38 40 42 44 46 48 50 52 55 56 58 60 62 64 66 68 70 72 75 0
2 3 5 7 9 12 14 15 18 20 22 23 25 27 29 31 34 36 38 40 42 44 46 48 50 52 55 56 58 60 62 64 66 68 70 72 75 0
2 3 5 7 9 11 14 15 18 20 22 23 25 27 29 31 34 36 38 40 42 44 46 48 50 52 55 56 58 60 62 64 66 69 70 72 75 0
2 3 5 7 9 11 13 15 17 19 22 23 25 28 29 31 34 36 38 40 42 44 46 48 50 52 54 56 58 60 62 64 66 68 70 72 75 1
2 3 5 7 9 12 13 16 17 19 22 23 25 28 29 31 34 36 38 40 42 44 46 48 50 52 54 56 58 60 62 64 66 68 70 72 75 0
2 3 5 7 9 11 13 15 17 19 22 23 25 28 29 31 34 36 38 40 42 44 46 48 51 52 54 56 58 60 62 64 66 68 70 72 75 0
2 3 5 7 9 11 14 15 17 19 22 23 25 28 29 31 34 36 38 40 42 44 46 48 50 52 54 56 58 60 62 64 66 68 70 72 75 1
2 3 5 7 9 11 14 16 17 19 22 23 25 28 29 31 34 36 38 40 42 44 46 48 50 52 54 56 58 60 62 64 66 68 70 72 75 0
2 3 5 7 9 12 14 16 17 19 22 23 25 28 29 31 34 36 38 40 42 44 46 48 50 52 54 56 58 60 62 64 66 68 70 72 75 0
2 3 5 7 9 11 14 15 17 19 22 23 25 28 29 31 34 36 38 40 42 44 46 48 51 52 54 56 58 60 62 64 66 68 70 72 75 0
2 3 5 7 9 11 14 15 18 20 22 23 25 28 29 31 34 36 38 40 42 44 46 48 50 52 54 56 58 60 62 64 66 68 70 72 75 0
2 3 5 7 9 11 14 16 18 20 22 23 25 28 29 31 34 36 38 40 42 44 46 48 50 52 54 56 58 60 62 64 66 68 70 72 75 0
2 3 5 7 9 11 14 15 18 20 22 23 25 28 29 31 34 36 38 40 42 44 46 48 50 52 54 56 58 60 62 64 66 69 70 72 75 1
2 3 5 7 9 11 13 15 17 19 22 23 25 28 29 31 34 36 38 40 42 44 46 48 50 52 55 56 58 60 62 64 66 68 70 72 75 1
2 3 5 7 9 12 13 16 17 19 22 23 25 28 29 31 34 36 38 40 42 44 46 48 50 52 55 56 58 60 62 64 66 68 70 72 75 1
2 3 5 7 9 12 13 16 17 19 22 23 25 28 29 31 34 36 38 40 42 44 46 48 50 52 55 56 58 60 62 64 66 69 70 72 75 1
2 3 5 7 9 11 13 15 17 19 22 23 25 28 29 31 34 36 38 40 42 44 46 48 51 52 55 56 58 60 62 64 66 68 70 72 75 0
2 3 5 7 9 11 13 15 17 19 22 23 25 28 29 31 34 36 38 40 42 44 46 49 50 52 55 56 58 60 62 64 66 68 70 72 75 1
2 3 5 7 9 11 14 15 17 19 22 23 25 28 29 31 34 36 38 40 42 44 46 48 50 52 55 56 58 60 62 64 66 68 70 72 75 0
2 3 5 7 9 12 14 16 17 19 22 23 25 28 29 31 34 36 38 40 42 44 46 48 50 52 55 56 58 60 62 64 66 68 70 72 75 0
2 3 5 7 9 11 14 15 17 19 22 23 25 28 29 31 34 36 38 40 42 44 46 48 51 52 55 56 58 60 62 64 66 68 70 72 75 1
2 3 5 7 9 11 14 15 18 20 22 23 25 28 29 31 34 36 38 40 42 44 46 48 50 52 55 56 58 60 62 64 66 68 70 72 75 0
2 3 5 7 9 11 13 15 17 19 22 23 26 27 29 31 34 36 38 40 42 44 46 48 50 52 54 56 58 60 62 64 66 68 70 72 75 0
2 3 5 7 9 11 13 15 17 19 22 23 26 27 29 31 34 36 38 40 42 44 46 48 50 52 54 56 58 60 62 64 66 68 71 72 75 0
2 3 5 7 9 11 14 15 17 19 22 23 26 27 29 31 34 36 38 40 42 44 46 48 50 52 54 56 58 60 62 64 66 68 70 72 75 0
2 3 5 7 9 11 13 15 17 19 22 23 26 27 29 31 34 36 38 40 42 44 46 48 50 52 55 56 58 60 62 64 66 68 70 72 75 0
2 3 5 7 9 11 13 15 17 19 22 23 26 27 29 31 34 36 38 40 42 44 46 48 51 52 55 56 58 60 62 64 66 68 70 72 75 1
2 3 5 7 9 11 13 15 17 19 22 23 26 27 29 31 34 36 39 40 42 44 46 48 50 52 55 56 58 60 62 64 66 68 70 72 75 1
2 3 5 7 9 11 13 15 17 19 22 23 26 28 29 31 34 36 38 40 42 44 46 48 50 52 54 56 58 60 62 64 66 68 70 72 75 1
2 3 5 7 9 11 14 15 17 19 22 23 26 28 29 31 34 36 38 40 42 44 46 48 50 52 54 56 58 60 62 64 66 68 70 72 75 0
2 3 5 7 9 11 13 15 17 19 22 23 26 28 29 31 34 36 38 40 42 44 46 48 50 52 55 56 58 60 62 64 66 68 70 72 75 0
2 3 5 7 9 11 14 15 17 19 22 23 26 28 29 31 34 36 38 40 42 44 46 48 50 52 55 56 58 60 62 64 66 68 70 72 75 1
1 4 5 7 9 11 13 15 17 19 21 24 25 28 29 33 34 36 38 40 42 44 46 48 51 52 54 56 58 60 62 64 66 68 70 73 74 1
1 4 5 7 9 12 13 15 17 20 21 24 25 28 29 33 34 36 38 40 42 44 47 48 51 52 54 56 58 60 62 64 66 68 70 73 74 1
1 4 6 7 9 11 13 15 17 19 21 24 25 28 29 33 34 36 38 40 42 44 46 48 50 52 54 56 58 60 62 64 66 68 71 73 74 0
1 4 5 7 10 12 13 15 17 19 21 24 25 28 29 33 34 36 38 40 42 44 46 48 50 52 54 56 58 60 62 64 66 68 71 73 74 1
1 4 5 7 9 12 13 15 17 20 21 24 25 28 29 33 34 36 38 40 42 44 47 48 50 52 54 56 58 60 62 64 66 68 70 73 74 1
1 4 5 7 9 12 13 15 17 20 21 24 25 28 29 33 34 36 38 40 42 44 47 48 50 52 54 56 58 60 62 64 66 68 71 73 74 0
1 4 5 7 9 11 13 15 17 19 21 24 25 28 29 33 34 36 38 40 42 44 46 48 51 52 54 56 58 60 63 64 66 68 70 72 74 0
1 4 6 7 9 11 13 15 17 19 21 24 25 28 29 31 34 36 38 40 42 44 46 48 50 52 54 56 58 60 62 64 66 68 71 73 74 0
1 4 5 7 10 12 13 15 17 19 21 24 25 28 29 31 34 36 38 40 42 44 46 48 50 52 54 56 58 60 62 64 66 68 71 73 74 0
1 4 5 7 9 12 13 15 17 20 21 24 25 28 29 31 34 36 38 40 42 44 47 48 50 52 54 56 58 60 62 64 66 68 70 73 74 0
1 4 5 7 9 12 13 15 17 20 21 24 25 28 29 31 34 36 38 40 42 44 47 48 50 52 54 56 58 60 62 64 66 68 71 73 74 1
1 4 6 7 9 11 13 15 17 19 21 24 25 28 29 33 34 36 39 40 42 44 46 48 51 52 54 56 58 60 62 64 66 68 71 73 74 1
1 4 5 7 10 12 13 15 17 19 21 24 25 28 29 33 34 36 39 40 42 44 46 48 51 52 54 56 58 60 62 64 66 68 71 73 74 1
1 4 5 7 9 12 13 15 17 20 21 24 25 28 29 33 34 36 39 40 42 44 47 48 51 52 54 56 58 60 62 64 66 68 71 73 74 0
1 4 6 7 9 11 13 15 17 19 21 24 25 28 29 33 34 36 39 40 42 44 46 48 50 52 54 56 58 60 62 64 66 68 71 73 74 0
1 3 5 7 9 12 13 16 18 20 21 23 25 28 29 31 34 36 38 40 42 44 47 48 51 52 54 56 58 60 62 64 66 68 70 72 74 1
1 4 5 7 9 12 13 16 18 20 21 24 25 28 29 33 34 36 38 40 42 44 46 48 50 52 54 56 58 60 62 64 66 68 70 72 74 1
1 4 5 7 9 11 13 16 18 20 21 24 25 28 29 31 34 36 38 40 42 44 46 48 51 52 54 56 58 60 62 64 66 68 70 72 74 1
1 3 5 7 9 11 13 15 17 19 21 24 25 28 29 31 34 37 38 40 42 44 46 49 51 52 54 56 58 60 62 64 66 68 70 72 74 1
1 3 5 7 9 11 13 15 17 20 21 24 25 28 29 31 34 37 38 40 42 44 47 49 50 52 54 56 58 60 62 64 66 68 70 72 74 1
1 3 5 7 9 12 14 16 17 20 21 24 25 28 29 33 34 36 38 40 42 44 47 48 50 52 54 56 58 60 62 64 66 68 70 72 74 0
1 4 5 8 9 11 14 15 17 19 21 24 25 28 29 33 34 36 38 40 42 44 46 48 51 52 54 56 58 60 62 64 66 68 71 72 74 0
1 4 5 7 10 11 14 15 17 19 21 24 25 28 29 33 34 36 38 40 42 44 46 48 51 52 54 56 58 60 62 64 66 68 71 72 74 1
1 4 5 7 9 11 14 16 17 19 21 24 25 28 29 33 34 36 38 40 42 44 46 48 51 52 54 56 58 60 62 64 66 68 70 72 74 0
1 4 5 8 9 12 14 16 17 19 21 24 25 28 29 33 34 36 38 40 42 44 46 48 51 52 54 56 58 60 62 64 66 68 71 72 74 0
1 4 5 7 9 12 14 15 17 20 21 24 25 28 29 33 34 36 38 40 42 44 47 48 51 52 54 56 58 60 62 64 66 68 70 72 74 0
1 4 5 7 9 12 14 16 17 20 21 24 25 28 29 33 34 36 38 40 42 44 47 48 51 52 54 56 58 60 62 64 66 68 70 72 74 1
1 4 5 7 10 11 14 15 17 19 21 24 25 28 29 33 34 36 38 40 42 44 46 48 50 52 54 56 58 60 62 64 66 68 71 72 74 0
1 4 5 7 9 12 14 15 17 19 21 24 25 28 29 33 34 36 38 40 42 44 46 48 50 52 54 56 58 60 62 64 66 68 71 72 74 1
1 4 5 7 9 12 14 15 17 20 21 24 25 28 29 33 34 36 38 40 42 44 47 48 50 52 54 56 58 60 62 64 66 68 70 72 74 0
1 4 5 7 9 12 14 16 17 20 21 24 25 28 29 33 34 36 38 40 42 44 47 48 50 52 54 56 58 60 62 64 66 68 70 72 74 0
1 4 5 7 9 12 14 16 17 20 21 24 25 28 29 31 34 36 38 40 42 44 47 48 50 52 54 56 58 60 62 64 66 68 70 73 74 0
1 4 5 7 9 12 14 16 17 20 21 24 25 28 29 31 34 36 38 40 42 44 47 48 50 52 54 56 58 60 62 64 66 68 70 72 74 0
1 4 5 7 9 12 14 15 17 19 21 24 25 28 29 33 34 36 39 40 42 44 46 48 51 52 54 56 58 60 62 64 66 68 71 72 74 1
1 3 5 7 9 12 14 16 18 20 21 24 25 28 29 33 34 36 38 40 42 44 47 48 50 52 54 56 58 60 62 64 66 68 70 72 74 0
1 3 5 7 9 11 14 16 18 20 21 24 25 28 29 31 34 36 38 40 42 44 47 48 50 52 54 56 58 60 62 64 66 68 70 73 74 1
1 3 5 7 10 11 14 16 18 20 21 24 25 28 29 31 34 36 38 40 42 44 46 48 50 52 54 56 58 60 62 64 66 68 71 72 74 0
1 3 5 7 10 11 14 16 18 20 21 24 25 28 29 31 34 36 38 40 42 44 47 48 50 52 54 56 58 60 62 64 66 68 70 72 74 1
1 3 5 7 10 12 14 16 18 20 21 23 25 28 29 31 34 36 38 40 42 44 46 48 51 52 54 56 58 60 62 64 66 68 71 72 74 0
1 4 5 7 10 11 14 16 18 20 21 24 25 28 29 33 34 36 38 40 42 44 46 48 51 52 54 56 58 60 62 64 66 68 71 72 74 1
1 4 5 7 9 12 14 16 18 20 21 24 25 28 29 33 34 36 38 40 42 44 46 48 51 52 54 56 58 60 62 64 66 68 70 72 74 0
1 4 5 7 9 12 14 16 18 20 21 24 25 28 29 33 34 36 38 40 42 44 46 48 50 52 54 56 58 60 62 64 66 68 70 72 74 0
1 4 5 7 9 12 14 16 18 20 21 24 25 28 29 33 34 36 38 40 42 44 46 48 50 52 54 56 58 60 62 64 66 68 71 72 74 0
1 4 5 7 9 12 14 16 18 20 21 24 25 28 29 31 34 36 38 40 42 44 46 48 50 52 54 56 58 60 62 64 66 68 70 73 74 1
1 4 5 7 9 12 14 16 18 20 21 24 25 28 29 31 34 36 38 40 42 44 46 48 50 52 54 56 58 60 62 64 66 68 71 73 74 0
1 4 5 7 9 12 14 16 18 20 21 24 25 28 29 31 34 36 38 40 42 44 46 48 50 52 54 56 58 60 62 64 66 68 70 72 74 0
1 4 5 7 9 12 14 16 18 20 21 24 25 28 29 31 34 36 38 40 42 44 46 48 50 52 54 56 58 60 62 64 66 68 71 72 74 1
1 3 5 7 10 11 14 16 18 20 21 24 25 28 29 31 34 36 39 40 42 44 46 48 51 52 54 56 58 60 62 64 66 68 71 72 74 0
1 3 5 7 9 12 14 16 18 20 21 23 25 28 29 31 34 36 39 40 42 44 46 48 51 52 54 56 58 60 62 64 66 68 71 72 74 1
1 4 5 7 9 12 14 16 18 20 21 24 25 28 29 33 34 36 39 40 42 44 46 48 51 52 54 56 58 60 62 64 66 68 71 72 74 0
1 3 5 7 9 11 14 15 17 19 21 24 25 28 29 33 34 37 38 40 42 44 46 49 50 52 54 56 58 60 62 64 66 68 70 72 74 0
1 3 5 7 9 11 14 15 17 20 21 24 25 28 29 31 34 37 38 40 42 44 47 49 50 52 54 56 58 60 62 64 66 68 70 72 74 0
1 3 5 7 9 12 13 16 18 20 21 23 25 28 29 31 34 36 38 40 42 44 47 48 51 52 55 56 58 60 62 64 66 68 70 72 74 1
1 3 5 7 9 12 13 16 18 20 21 23 25 28 29 31 34 36 38 40 42 44 47 48 50 52 55 56 58 60 62 64 66 68 70 72 74 0
1 3 5 7 9 11 13 15 17 19 21 23 25 28 29 31 34 37 38 40 42 44 46 49 51 52 55 56 58 60 62 64 66 68 70 72 74 1
1 3 5 7 9 11 13 15 17 19 21 23 25 28 29 31 34 37 38 40 42 44 46 49 50 52 55 56 58 60 62 64 66 68 70 72 74 0
1 3 5 7 9 11 13 15 17 20 21 23 25 28 29 31 34 37 38 40 42 44 47 49 50 52 55 56 58 60 62 64 66 68 70 72 74 1
1 3 5 8 9 12 14 16 17 19 21 23 25 28 29 31 34 36 38 40 42 44 46 48 51 52 55 56 58 60 62 64 66 68 71 72 74 0
1 3 5 7 10 12 14 15 17 20 21 23 25 28 29 31 34 36 38 40 42 44 47 48 50 52 55 56 58 60 62 64 66 68 70 72 74 1
1 3 5 7 10 12 14 15 17 19 21 23 25 28 29 31 34 36 39 40 42 44 46 48 51 52 55 56 58 60 62 64 66 68 71 72 74 0
1 3 5 7 10 12 14 16 18 20 21 23 25 28 29 31 34 36 38 40 42 44 46 48 51 52 55 56 58 60 62 64 66 68 71 72 74 0
1 3 5 7 9 12 14 16 18 20 21 23 25 28 29 31 34 36 38 40 42 44 47 48 50 52 55 56 58 60 62 64 66 68 70 72 74 1
1 3 5 7 9 12 14 16 18 20 21 23 25 28 29 31 34 36 39 40 42 44 46 48 51 52 55 56 58 60 62 64 66 68 71 72 74 1
1 3 5 7 9 11 13 15 17 19 21 24 25 27 29 32 34 36 38 40 43 44 46 48 51 52 54 56 58 60 62 65 66 68 70 73 74 0
1 3 5 7 9 11 13 15 17 19 21 24 25 27 29 32 34 36 38 40 43 44 46 48 50 52 54 56 58 60 62 65 66 68 70 73 74 1
1 3 6 7 9 11 13 15 17 19 21 24 25 27 29 32 35 36 38 40 43 44 46 48 50 52 54 56 58 60 62 65 66 68 70 73 74 1
1 3 5 7 9 11 13 15 17 20 21 24 25 27 29 32 34 36 38 40 43 44 47 48 51 52 54 56 58 60 62 65 66 68 70 72 74 0
1 3 5 7 9 12 13 15 17 20 21 24 25 27 29 31 34 36 38 40 43 44 47 48 51 52 54 56 58 60 62 65 66 68 70 72 74 1
1 3 5 7 9 12 13 16 17 19 21 24 25 27 29 32 34 36 38 40 43 44 46 48 50 52 54 56 58 60 62 65 66 68 70 72 74 0
1 3 5 7 9 11 13 15 17 20 21 24 25 27 29 32 34 36 38 40 43 44 47 48 50 52 54 56 58 60 62 65 66 68 70 72 74 0
1 3 5 7 9 12 13 15 17 20 21 24 25 27 29 31 34 36 38 40 43 44 47 48 50 52 54 56 58 60 62 65 66 68 70 72 74 1
1 4 5 7 9 11 13 15 17 19 21 24 25 27 29 33 34 36 38 40 42 44 46 48 51 52 54 56 58 60 63 64 66 68 70 73 74 1
1 4 5 7 9 12 13 15 17 20 21 24 25 27 29 33 34 36 38 40 42 44 47 48 51 52 54 56 58 60 62 64 66 68 70 73 74 0
1 4 5 7 9 11 13 15 17 19 21 24 25 27 29 33 34 36 38 40 42 44 46 48 51 52 54 56 58 60 63 64 66 68 70 72 74 0
1 4 5 7 9 11 13 15 17 19 21 24 25 27 29 32 34 36 38 40 42 44 46 48 51 52 54 56 58 60 62 65 66 68 70 73 74 0
1 4 5 7 9 11 13 15 17 19 21 24 25 27 29 31 34 36 38 40 42 44 46 48 51 53 54 56 58 60 62 65 66 68 70 73 74 0
1 4 5 7 9 11 13 15 17 19 21 24 25 27 29 31 34 36 38 40 43 44 46 48 51 52 54 56 58 60 62 65 66 68 70 73 74 0
1 4 5 7 9 11 13 15 17 19 21 24 25 27 29 31 34 36 38 40 43 44 46 48 51 52 54 57 58 60 62 65 66 68 70 73 74 0
1 4 5 7 9 11 13 15 17 19 21 24 25 27 29 32 34 36 38 40 42 44 46 48 51 52 54 56 58 60 63 64 66 68 70 73 74 0
1 4 5 7 9 11 13 15 17 19 21 24 25 27 29 31 34 36 38 40 43 44 46 48 51 52 54 56 58 60 63 64 66 68 70 73 74 1
1 4 5 7 9 11 13 15 17 19 21 24 25 27 29 31 34 36 38 40 42 44 46 48 51 52 54 56 58 60 63 65 66 68 70 73 74 0
1 4 5 7 9 11 13 15 17 19 21 24 25 27 29 32 34 36 38 40 42 44 46 48 51 52 54 56 58 60 63 65 66 68 70 73 74 0
1 4 5 7 9 11 13 15 17 19 21 24 25 27 29 31 34 36 38 40 43 44 46 48 51 52 54 56 58 60 63 65 66 68 70 73 74 0
1 4 5 7 9 11 13 15 17 19 21 24 25 27 29 32 34 36 38 40 42 44 46 48 50 52 54 56 58 60 62 65 66 68 70 73 74 0
1 4 5 7 9 11 13 15 17 19 21 24 25 27 29 31 34 36 38 40 43 44 46 48 50 52 54 56 58 60 62 65 66 68 70 73 74 1
1 4 5 7 9 11 13 15 17 19 21 24 25 27 29 31 34 36 38 40 43 44 46 48 50 52 54 57 58 60 62 65 66 68 70 73 74 1
1 4 5 7 9 11 13 15 17 19 21 24 25 27 29 31 34 36 38 40 43 44 46 48 50 53 54 57 58 60 62 65 66 68 70 73 74 0
1 4 5 7 9 11 13 15 17 19 21 24 25 27 29 32 34 36 38 40 42 44 46 48 51 52 54 56 58 60 63 64 66 68 70 72 74 1
1 4 5 7 9 11 13 15 17 19 21 24 25 27 29 31 34 36 38 40 42 44 46 48 51 52 54 56 58 60 63 65 66 68 70 72 74 1
1 4 5 7 9 11 13 15 17 19 21 24 25 27 29 32 34 36 38 40 42 44 46 48 51 52 54 56 58 60 63 65 66 68 70 72 74 0
1 3 5 7 9 11 13 15 17 19 21 24 25 27 29 32 34 36 39 40 42 44 46 48 51 52 54 56 58 60 62 65 66 68 71 73 74 0
1 3 5 7 9 11 13 15 17 19 21 24 25 27 29 32 34 36 39 40 43 44 46 48 51 52 54 56 58 60 62 65 66 68 71 73 74 1
1 3 6 7 9 11 13 15 17 19 21 24 25 27 29 32 35 36 39 40 43 44 46 48 51 52 54 56 58 60 62 65 66 68 70 73 74 0
1 3 5 7 9 11 13 15 17 19 21 24 25 27 29 32 34 36 39 41 42 44 46 48 51 52 54 56 58 60 63 65 66 68 71 73 74 1
1 3 5 7 9 11 13 15 17 19 21 24 25 27 29 32 34 36 39 41 43 44 46 48 51 52 54 56 58 60 63 65 66 68 71 73 74 0
1 3 6 7 9 11 13 15 17 19 21 24 25 27 29 32 34 36 39 41 43 44 46 48 51 52 54 56 58 60 63 65 66 68 71 73 74 1
1 3 5 7 9 12 13 16 17 19 21 24 25 27 29 32 34 36 39 40 42 44 46 48 51 52 54 56 58 60 62 64 66 68 71 73 74 0
1 3 6 7 9 11 13 15 17 19 21 24 25 27 29 31 34 36 39 40 42 44 46 48 50 52 54 56 58 60 62 65 66 69 70 73 74 0
1 3 6 7 9 11 13 15 17 19 21 24 25 27 29 31 34 36 39 40 42 44 46 48 50 52 54 56 58 60 62 65 66 69 71 73 74 0
1 3 5 7 9 11 13 15 17 19 21 24 25 27 29 32 34 36 39 40 43 44 46 48 50 52 54 56 58 60 62 65 66 68 71 73 74 0
1 3 6 7 9 11 13 15 17 19 21 24 25 27 29 32 34 36 39 40 43 44 46 48 50 52 54 56 58 60 62 65 66 68 70 73 74 1
1 3 6 7 9 11 13 15 17 19 21 24 25 27 29 32 34 36 39 40 43 44 46 48 50 52 54 56 58 60 62 65 66 68 71 73 74 0
1 3 5 7 9 12 13 16 17 19 21 24 25 27 29 32 34 36 39 40 43 44 46 48 50 52 54 56 58 60 62 64 66 68 71 73 74 1
1 3 5 7 9 11 13 16 17 19 21 24 25 27 29 32 34 36 39 40 43 44 46 48 50 52 54 56 58 60 62 65 66 68 71 73 74 0
1 3 6 7 9 11 13 15 17 19 21 23 25 27 29 31 34 36 39 40 42 44 46 48 50 52 54 56 58 60 62 65 67 68 70 73 74 1
1 3 6 7 9 11 13 15 17 19 21 23 25 27 29 31 34 36 39 40 42 44 46 48 50 52 54 56 58 60 62 65 67 68 71 73 74 0
1 3 5 7 9 11 13 15 17 19 21 24 25 27 29 32 34 36 39 40 43 44 46 48 51 52 54 56 58 60 62 65 66 68 70 72 74 0
1 3 5 7 9 11 13 15 17 19 21 24 25 27 29 31 34 36 39 41 42 44 46 48 51 52 54 56 58 60 63 65 66 68 71 72 74 0
1 3 5 7 9 11 13 15 17 19 21 24 25 27 29 32 34 36 39 41 42 44 46 48 51 52 54 56 58 60 63 65 66 68 71 72 74 0
1 3 5 7 9 11 13 15 17 19 21 24 25 27 29 32 34 36 39 41 43 44 46 48 51 52 54 56 58 60 63 65 66 68 71 72 74 1
1 3 5 7 9 11 13 15 17 20 21 24 25 27 29 32 34 36 39 40 43 44 47 48 51 52 54 56 58 60 62 65 66 68 70 72 74 1
1 3 5 7 9 11 13 15 17 20 21 24 25 27 29 31 34 36 39 40 43 44 47 48 51 52 54 56 58 60 62 65 66 68 71 72 74 1
1 3 5 7 9 11 13 16 17 20 21 24 25 27 29 31 34 36 39 40 43 44 47 48 51 52 54 56 58 60 62 64 66 68 71 72 74 0
1 3 5 7 9 11 13 15 17 19 21 24 25 27 29 32 34 36 39 40 43 44 46 48 50 52 54 56 58 60 62 65 66 68 71 72 74 0
1 3 5 7 9 12 13 16 17 19 21 24 25 27 29 32 34 36 39 40 43 44 46 48 50 52 54 56 58 60 62 65 66 68 71 72 74 0
1 3 5 7 9 11 13 15 17 20 21 24 25 27 29 32 34 36 39 40 43 44 47 48 50 52 54 56 58 60 62 65 66 68 70 72 74 1
1 3 5 7 9 11 13 15 17 20 21 24 25 27 29 31 34 36 39 40 43 44 47 48 50 52 54 56 58 60 62 65 66 68 71 72 74 1
1 3 5 7 9 12 13 15 17 20 21 24 25 27 29 31 34 36 39 40 43 44 47 48 50 52 54 56 58 60 62 65 66 68 71 72 74 0
1 3 5 7 10 12 13 15 17 20 21 24 25 27 29 31 34 36 39 40 43 44 47 48 50 52 54 56 58 60 62 65 66 68 71 72 74 1
1 4 6 7 9 11 13 15 17 19 21 24 25 27 29 33 34 36 39 40 42 44 46 48 51 52 54 56 58 60 62 64 66 68 71 73 74 0
1 4 5 7 10 12 13 15 17 19 21 24 25 27 29 33 34 36 39 40 42 44 46 48 51 52 54 56 58 60 62 64 66 68 71 73 74 1
1 4 6 7 9 11 13 15 17 19 21 24 25 27 29 33 34 36 39 40 42 44 46 48 51 52 54 56 58 60 63 64 66 68 71 73 74 1
1 4 5 7 9 12 13 15 17 20 21 24 25 27 29 33 34 36 39 40 42 44 47 48 51 52 54 56 58 60 62 64 66 68 71 73 74 1
1 4 5 7 9 12 13 15 17 20 21 24 25 27 29 33 34 36 39 40 42 44 47 48 51 52 54 56 58 60 63 64 66 68 71 73 74 0
1 4 6 7 9 11 13 15 17 19 21 24 25 27 29 33 34 36 39 40 42 44 46 48 50 52 54 56 58 60 62 64 66 68 71 73 74 0
1 4 6 7 9 11 13 15 17 19 21 23 25 27 29 33 34 36 39 40 42 44 46 48 50 52 54 56 58 60 62 64 67 68 71 73 74 1
1 3 5 7 9 11 13 15 17 19 21 24 25 27 29 31 34 37 39 40 42 44 46 48 51 52 54 56 58 60 62 65 66 69 71 73 74 1
1 3 5 7 9 11 13 15 17 19 21 24 25 27 29 31 34 37 39 40 42 44 46 48 50 52 54 56 58 60 62 65 66 69 71 73 74 1
1 3 5 7 9 11 13 16 18 20 21 24 25 27 29 32 34 36 38 40 43 44 46 48 50 52 54 56 58 60 62 64 66 68 70 73 74 0
1 3 5 7 9 12 13 16 18 20 21 24 25 27 29 32 34 36 38 40 42 44 46 48 50 52 54 56 58 60 62 64 66 68 70 73 74 1
1 3 5 7 9 11 13 16 18 20 21 24 25 27 29 32 34 36 38 40 42 44 47 48 50 52 54 56 58 60 62 64 66 68 70 73 74 0
1 3 5 7 9 11 13 16 18 20 21 24 25 27 29 32 34 36 38 40 43 44 47 48 50 52 54 56 58 60 62 64 66 68 70 73 74 1
1 3 5 7 9 11 13 16 18 20 21 24 25 27 29 32 34 36 38 40 42 44 47 48 51 52 54 56 58 60 62 64 66 68 70 72 74 1
1 3 5 7 9 11 13 16 18 20 21 24 25 27 29 31 34 36 38 40 43 44 47 48 51 52 54 56 58 60 62 64 66 68 70 72 74 0
1 4 5 7 9 12 13 16 18 20 21 24 25 27 29 33 34 36 38 40 42 44 46 48 50 52 54 56 58 60 62 64 66 68 70 72 74 1
1 4 5 7 9 11 13 16 18 20 21 24 25 27 29 32 34 36 38 40 42 44 46 48 51 52 54 56 58 60 62 64 66 68 70 72 74 1
1 4 5 7 9 11 13 16 18 20 21 24 25 27 29 31 34 36 38 40 43 44 46 48 51 52 54 56 58 60 62 64 66 68 70 72 74 0
1 3 5 7 9 12 13 16 18 20 21 24 25 27 29 32 34 36 39 40 42 44 46 48 51 52 54 56 58 60 62 64 66 68 71 73 74 1
1 3 5 7 9 11 13 16 18 20 21 24 25 27 29 32 34 36 39 40 42 44 46 48 50 52 54 56 58 60 62 64 66 68 70 73 74 0
1 3 5 7 9 11 13 16 18 20 21 24 25 27 29 32 34 36 39 40 42 44 46 48 50 52 54 56 58 60 62 64 66 68 71 73 74 1
1 3 5 7 9 11 13 16 18 20 21 24 25 27 29 32 34 36 39 40 43 44 46 48 50 52 54 56 58 60 62 64 66 68 71 73 74 1
1 3 5 7 9 12 13 16 18 20 21 24 25 27 29 32 34 36 39 40 42 44 46 48 51 52 54 56 58 60 62 64 66 68 71 72 74 1
1 3 5 7 9 11 13 16 18 20 21 24 25 27 29 32 34 36 39 40 43 44 46 48 50 52 54 56 58 60 62 64 66 68 71 72 74 1
1 3 5 7 9 11 13 15 17 19 21 24 25 27 29 31 34 37 38 40 42 44 46 49 51 52 54 56 58 60 62 65 66 68 70 72 74 1
1 3 5 7 9 11 13 15 17 19 21 24 25 27 29 31 34 37 38 40 42 44 46 49 50 52 54 56 58 60 62 65 66 68 70 72 74 1
1 3 5 7 9 11 13 15 17 20 21 24 25 27 29 31 34 37 38 40 42 44 47 49 50 52 54 56 58 60 62 65 66 68 70 72 74 1
1 4 5 7 9 11 13 15 17 19 21 24 25 27 29 33 34 37 38 40 42 44 46 49 50 52 54 56 58 60 62 64 66 68 70 72 74 0
1 3 5 7 9 11 13 15 17 19 21 24 25 27 29 31 34 37 39 40 42 44 46 49 50 52 54 56 58 60 62 65 66 68 71 72 74 0
1 3 5 7 9 11 14 15 17 19 21 24 25 27 29 32 34 36 38 40 43 44 46 48 51 52 54 56 58 60 62 65 66 68 70 73 74 0
1 3 5 7 9 11 14 15 17 20 21 24 25 27 29 31 34 36 38 40 43 44 47 48 51 52 54 56 58 60 62 65 66 68 70 73 74 0
1 3 5 7 9 11 14 16 17 20 21 24 25 27 29 32 34 36 38 40 42 44 47 48 51 52 54 56 58 60 62 64 66 68 70 73 74 0
1 3 5 7 9 11 14 15 17 19 21 24 25 27 29 32 34 36 38 40 43 44 46 48 50 52 54 56 58 60 62 65 66 68 70 73 74 1
1 3 5 7 9 11 14 15 17 19 21 24 25 27 29 32 34 36 38 40 43 44 46 48 50 52 54 56 58 60 62 65 66 68 71 73 74 0
1 3 6 7 9 11 14 15 17 19 21 24 25 27 29 32 34 36 38 40 43 44 46 48 50 52 54 56 58 60 62 65 66 68 71 73 74 0
1 3 6 7 9 11 14 15 17 19 21 24 25 27 29 32 35 36 38 40 43 44 46 48 50 52 54 56 58 60 62 65 66 68 70 73 74 1
1 3 5 7 9 12 14 16 17 19 21 24 25 27 29 32 34 36 38 40 43 44 46 48 50 52 54 56 58 60 62 64 66 68 71 73 74 0
1 3 5 7 9 11 14 16 17 19 21 24 25 27 29 32 34 36 38 40 43 44 46 48 50 52 54 56 58 60 62 65 66 68 71 73 74 0
1 3 5 7 9 11 14 15 17 20 21 24 25 27 29 31 34 36 38 40 43 44 47 48 50 52 54 56 58 60 62 65 66 68 70 73 74 1
1 3 5 7 9 11 14 16 17 20 21 24 25 27 29 32 34 36 38 40 43 44 47 48 50 52 54 56 58 60 62 64 66 68 70 73 74 1
1 3 5 7 9 11 14 16 17 20 21 24 25 27 29 31 34 36 38 40 43 44 47 48 50 52 54 56 58 60 62 65 66 68 70 73 74 0
1 3 5 7 9 11 14 15 17 20 21 24 25 27 29 32 34 36 38 40 43 44 47 48 51 52 54 56 58 60 62 65 66 68 70 72 74 0
1 3 5 7 9 12 14 16 17 20 21 24 25 27 29 31 34 36 38 40 43 44 47 48 51 52 54 56 58 60 62 65 66 68 70 72 74 0
1 3 5 7 10 11 14 15 17 19 21 24 25 27 29 32 34 36 38 40 43 44 46 48 50 52 54 56 58 60 62 65 66 68 70 72 74 1
1 3 5 7 10 11 14 15 17 19 21 24 25 27 29 32 34 36 38 40 43 44 46 48 50 52 54 56 58 60 62 65 66 68 71 72 74 1
1 3 5 7 9 12 14 16 17 19 21 24 25 27 29 32 34 36 38 40 43 44 46 48 50 52 54 56 58 60 62 65 66 68 71 72 74 0
1 3 5 7 9 11 14 15 17 20 21 24 25 27 29 32 34 36 38 40 43 44 47 48 50 52 54 56 58 60 62 65 66 68 70 72 74 0
1 3 5 7 9 11 14 15 17 20 21 24 25 27 29 32 34 36 38 40 43 44 47 48 50 52 54 56 58 60 62 65 66 68 71 72 74 0
1 3 5 7 10 11 14 15 17 20 21 24 25 27 29 31 34 36 38 40 43 44 47 48 50 52 54 56 58 60 62 65 66 68 70 72 74 0
1 3 5 7 9 11 14 16 17 20 21 24 25 27 29 31 34 36 38 40 43 44 47 48 50 52 54 56 58 60 62 65 66 68 70 72 74 1
1 3 5 7 9 11 14 16 17 20 21 24 25 27 29 32 34 36 38 40 43 44 47 48 50 52 54 56 58 60 62 65 66 68 71 72 74 0
1 3 5 7 9 12 14 16 17 20 21 24 25 27 29 31 34 36 38 40 43 44 47 48 50 52 54 56 58 60 62 65 66 68 70 72 74 1
1 4 6 8 9 11 14 15 17 19 21 24 25 27 29 33 34 36 38 40 42 44 46 48 51 52 54 56 58 60 62 64 66 68 71 72 74 1
1 4 6 7 10 11 14 15 17 19 21 24 25 27 29 33 34 36 38 40 42 44 46 48 51 52 54 56 58 60 62 64 66 68 71 72 74 1
1 4 5 8 9 11 14 16 17 19 21 24 25 27 29 33 34 36 38 40 43 44 46 48 51 52 54 56 58 60 62 64 66 68 71 72 74 0
1 4 5 7 9 12 14 15 17 20 21 24 25 27 29 33 34 36 38 40 42 44 47 48 51 52 54 56 58 60 62 64 66 68 70 72 74 0
1 4 5 7 9 12 14 16 17 20 21 24 25 27 29 33 34 36 38 40 42 44 47 48 51 52 54 56 58 60 62 64 66 68 70 72 74 1
1 4 6 7 10 11 14 15 17 19 21 24 25 27 29 33 34 36 38 40 42 44 46 48 50 52 54 56 58 60 62 64 66 68 71 72 74 1
1 4 5 7 9 12 14 15 17 20 21 24 25 27 29 33 34 36 38 40 42 44 47 48 50 52 54 56 58 60 62 64 66 68 70 72 74 1
1 4 5 7 9 12 14 16 17 20 21 24 25 27 29 33 34 36 38 40 42 44 47 48 50 52 54 56 58 60 62 64 66 68 70 72 74 1
1 4 5 7 9 11 14 15 17 19 21 24 25 27 29 32 34 36 38 40 42 44 46 48 51 52 54 56 58 60 62 65 66 68 70 73 74 0
1 4 5 7 9 11 14 15 17 19 21 24 25 27 29 31 34 36 38 40 43 44 46 48 51 52 54 56 58 60 62 65 66 68 70 73 74 0
1 4 5 7 9 11 14 16 17 19 21 24 25 27 29 32 34 36 38 40 42 44 46 48 51 52 54 56 58 60 62 64 66 68 70 73 74 1
1 4 5 7 9 11 14 15 17 19 21 24 25 27 29 32 34 36 38 40 42 44 46 48 50 52 54 56 58 60 62 65 66 68 70 73 74 0
1 4 5 7 9 12 14 15 17 20 21 24 25 27 29 31 34 36 38 40 42 44 47 48 50 52 54 56 58 60 62 65 66 68 70 73 74 0
1 4 5 7 9 12 14 16 17 20 21 24 25 27 29 31 34 36 38 40 42 44 47 48 50 52 54 56 58 60 62 64 66 68 70 73 74 0
1 4 5 7 9 12 14 16 17 20 21 24 25 27 29 32 34 36 38 40 42 44 47 48 50 52 54 56 58 60 62 64 66 68 70 73 74 1
1 4 6 7 10 11 14 15 17 19 21 24 25 27 29 31 34 36 38 40 42 44 46 48 51 52 54 56 58 60 62 64 66 68 71 72 74 1
1 4 6 7 10 11 14 15 17 19 21 24 25 27 29 31 34 36 38 40 42 44 46 48 50 52 54 56 58 60 62 64 66 68 71 72 74 0
1 4 5 7 9 12 14 16 17 20 21 24 25 27 29 32 34 36 38 40 42 44 47 48 50 52 54 56 58 60 62 64 66 68 70 72 74 1
1 3 5 7 9 11 14 15 17 19 21 24 25 27 29 31 34 36 39 41 42 44 46 48 51 52 54 56 58 60 62 65 66 69 71 73 74 0
1 3 5 7 9 11 14 15 17 19 21 24 25 27 29 32 34 36 39 40 42 44 46 48 51 52 54 56 58 60 62 65 66 68 71 73 74 0
1 3 5 7 9 11 14 15 17 19 21 24 25 27 29 31 34 36 39 41 42 44 46 48 51 52 54 56 58 60 62 65 66 68 71 73 74 0
1 3 5 7 9 11 14 15 17 19 21 24 25 27 29 32 34 36 39 41 42 44 46 48 51 52 54 56 58 60 62 65 66 68 71 73 74 1
1 3 5 7 9 11 14 15 17 19 21 24 25 27 29 31 34 36 39 40 43 44 46 48 51 52 54 56 58 60 62 65 66 68 71 73 74 0
1 3 5 7 9 11 14 15 17 19 21 24 25 27 29 32 34 36 39 40 43 44 46 48 51 52 54 56 58 60 62 65 66 68 71 73 74 1
1 3 6 7 9 11 14 15 17 19 21 24 25 27 29 32 34 36 39 40 43 44 46 48 51 52 54 56 58 60 62 65 66 68 71 73 74 1
1 3 5 7 9 11 14 15 17 19 21 24 25 27 29 32 34 36 39 41 43 44 46 48 51 52 54 56 58 60 62 65 66 68 71 73 74 1
1 3 6 7 9 11 14 15 17 19 21 24 25 27 29 32 34 36 39 41 43 44 46 48 51 52 54 56 58 60 62 65 66 68 71 73 74 1
1 3 5 7 9 12 14 16 17 19 21 24 25 27 29 32 34 36 39 40 42 44 46 48 51 52 54 56 58 60 62 64 66 68 71 73 74 0
1 3 5 7 9 12 14 16 17 19 21 24 25 27 29 32 34 36 39 40 43 44 46 48 51 52 54 56 58 60 62 64 66 68 71 73 74 0
1 3 5 7 9 11 14 16 17 19 21 24 25 27 29 31 34 36 39 40 43 44 46 48 51 52 54 56 58 60 62 65 66 68 71 73 74 1
1 3 5 7 9 11 14 16 17 19 21 24 25 27 29 32 34 36 39 40 43 44 46 48 51 52 54 56 58 60 62 65 66 68 71 73 74 1
1 3 6 7 9 11 14 15 17 19 21 24 25 27 29 31 34 36 39 40 42 44 46 48 50 52 54 56 58 60 62 65 66 69 70 73 74 0
1 3 5 7 9 11 14 15 17 19 21 24 25 27 29 32 34 36 39 40 42 44 46 48 50 52 54 56 58 60 62 65 66 68 71 73 74 0
1 3 5 7 9 11 14 15 17 19 21 24 25 27 29 31 34 36 39 40 43 44 46 48 50 52 54 56 58 60 62 65 66 68 71 73 74 0
1 3 6 7 9 11 14 15 17 19 21 24 25 27 29 32 34 36 39 40 43 44 46 48 50 52 54 56 58 60 62 65 66 68 70 73 74 1
1 3 5 7 9 12 14 16 17 19 21 24 25 27 29 31 34 36 39 40 43 44 46 48 50 52 54 56 58 60 62 64 66 68 71 73 74 1
1 3 5 7 9 12 14 16 17 19 21 24 25 27 29 32 34 36 39 40 43 44 46 48 50 52 54 56 58 60 62 64 66 68 71 73 74 1
1 3 5 7 9 11 14 16 17 19 21 24 25 27 29 32 34 36 39 40 43 44 46 48 50 52 54 56 58 60 62 65 66 68 71 73 74 1
1 3 5 7 9 11 14 15 17 19 21 24 25 27 29 31 34 36 39 41 42 44 46 48 51 52 54 56 58 60 62 65 66 68 71 72 74 0
1 3 5 7 9 11 14 15 17 19 21 24 25 27 29 32 34 36 39 41 42 44 46 48 51 52 54 56 58 60 62 65 66 68 71 72 74 0
1 3 5 7 10 11 14 15 17 19 21 24 25 27 29 31 34 36 39 41 42 44 46 48 51 52 54 56 58 60 62 65 66 68 71 72 74 1
1 3 5 7 9 11 14 15 17 19 21 24 25 27 29 32 34 36 39 40 43 44 46 48 51 52 54 56 58 60 62 65 66 68 71 72 74 1
1 3 5 7 10 11 14 15 17 19 21 24 25 27 29 32 34 36 39 40 43 44 46 48 51 52 54 56 58 60 62 65 66 68 71 72 74 1
1 3 5 7 9 11 14 15 17 19 21 24 25 27 29 32 34 36 39 41 43 44 46 48 51 52 54 56 58 60 62 65 66 68 71 72 74 0
1 3 5 7 10 11 14 15 17 19 21 24 25 27 29 32 34 36 39 41 43 44 46 48 51 52 54 56 58 60 62 65 66 68 71 72 74 1
1 3 5 7 9 12 14 16 17 19 21 24 25 27 29 32 34 36 39 40 43 44 46 48 51 52 54 56 58 60 62 65 66 68 71 72 74 0
1 3 5 7 9 11 14 15 17 20 21 24 25 27 29 31 34 36 39 41 42 44 47 48 51 52 54 56 58 60 62 65 66 68 71 72 74 1
1 3 5 7 9 11 14 15 17 20 21 24 25 27 29 32 34 36 39 40 43 44 47 48 51 52 54 56 58 60 62 65 66 68 71 72 74 0
1 3 5 7 9 11 14 15 17 20 21 24 25 27 29 32 34 36 39 41 43 44 47 48 51 52 54 56 58 60 62 65 66 68 71 72 74 1
1 3 5 7 9 11 14 16 17 20 21 24 25 27 29 32 34 36 39 40 43 44 47 48 51 52 54 56 58 60 62 65 66 68 71 72 74 0
1 3 5 7 9 12 14 16 17 20 21 24 25 27 29 31 34 36 39 40 42 44 47 48 51 52 54 56 58 60 62 65 66 68 71 72 74 1
1 3 5 7 9 11 14 15 17 19 21 24 25 27 29 32 34 36 39 40 43 44 46 48 50 52 54 56 58 60 62 65 66 68 70 72 74 1
1 3 5 7 10 11 14 15 17 19 21 24 25 27 29 32 34 36 39 40 43 44 46 48 50 52 54 56 58 60 62 65 66 68 70 72 74 0
1 3 5 7 9 11 14 15 17 20 21 24 25 27 29 32 34 36 39 40 43 44 47 48 50 52 54 56 58 60 62 65 66 68 70 72 74 0
1 3 5 7 9 11 14 15 17 20 21 24 25 27 29 31 34 36 39 40 43 44 47 48 50 52 54 56 58 60 62 65 66 68 71 72 74 1
1 3 5 7 9 11 14 16 17 20 21 24 25 27 29 31 34 36 39 40 43 44 47 48 50 52 54 56 58 60 62 64 66 68 71 72 74 0
1 3 5 7 9 11 14 16 17 20 21 24 25 27 29 31 34 36 39 40 43 44 47 48 50 52 54 56 58 60 62 65 66 68 71 72 74 1
1 4 5 7 9 12 14 15 17 19 21 24 25 27 29 33 34 36 39 40 42 44 46 48 51 52 54 56 58 60 62 64 66 68 71 72 74 0
1 4 5 7 9 12 14 15 17 19 21 24 25 27 29 31 34 36 39 40 42 44 46 48 50 52 54 56 58 60 62 65 66 68 71 73 74 1
1 3 5 7 9 11 14 16 18 20 21 24 25 27 29 32 34 36 38 40 42 44 46 48 50 52 54 56 58 60 62 64 66 68 71 73 74 0
1 3 5 7 9 11 14 16 18 20 21 24 25 27 29 32 34 36 38 40 43 44 46 48 50 52 54 56 58 60 62 64 66 68 71 73 74 1
1 3 5 7 9 11 14 16 18 20 21 24 25 27 29 32 34 36 38 40 42 44 47 48 50 52 54 56 58 60 62 64 66 68 70 73 74 1
1 3 5 7 9 11 14 16 18 20 21 24 25 27 29 31 34 36 38 40 43 44 47 48 50 52 54 56 58 60 62 64 66 68 70 73 74 1
1 3 5 7 9 11 14 16 18 20 21 24 25 27 29 32 34 36 38 40 43 44 47 48 50 52 54 56 58 60 62 64 66 68 70 73 74 0
1 3 5 7 9 11 14 16 18 20 21 24 25 27 29 32 34 36 38 40 43 44 47 48 50 52 54 56 58 60 62 65 66 68 70 73 74 0
1 3 5 7 9 11 14 16 18 20 21 24 25 27 29 32 34 36 38 40 43 44 46 48 50 52 54 56 58 60 62 64 66 68 71 72 74 1
1 3 5 7 10 11 14 16 18 20 21 24 25 27 29 32 34 36 38 40 43 44 46 48 50 52 54 56 58 60 62 65 66 68 71 72 74 0
1 3 5 7 10 11 14 16 18 20 21 24 25 27 29 32 34 36 38 40 42 44 47 48 50 52 54 56 58 60 62 64 66 68 70 72 74 0
1 3 5 7 9 11 14 16 18 20 21 24 25 27 29 32 34 36 38 40 43 44 47 48 50 52 54 56 58 60 62 64 66 68 70 72 74 0
1 3 5 7 10 11 14 16 18 20 21 24 25 27 29 31 34 36 38 40 43 44 47 48 50 52 54 56 58 60 62 64 66 68 70 72 74 1
1 3 5 7 10 12 14 16 18 20 21 23 25 27 29 31 34 36 38 40 42 44 46 48 51 52 54 56 58 60 62 64 66 68 71 72 74 0
1 4 5 7 10 11 14 16 18 20 21 24 25 27 29 33 34 36 38 40 43 44 46 48 51 52 54 56 58 60 62 64 66 68 71 72 74 0
1 4 5 7 9 12 14 16 18 20 21 24 25 27 29 33 34 36 38 40 42 44 46 48 51 52 54 56 58 60 62 64 66 68 70 72 74 0
1 4 5 7 9 12 14 16 18 20 21 24 25 27 29 33 34 36 38 40 42 44 46 48 50 52 54 56 58 60 62 64 66 68 70 72 74 1
1 4 5 7 9 12 14 16 18 20 21 24 25 27 29 33 34 36 38 40 42 44 46 48 50 52 54 56 58 60 62 64 66 68 71 72 74 0
1 4 5 7 9 12 14 16 18 20 21 24 25 27 29 31 34 36 38 40 42 44 46 48 50 52 54 56 58 60 62 64 66 68 70 73 74 0
1 4 5 7 9 12 14 16 18 20 21 24 25 27 29 32 34 36 38 40 42 44 46 48 50 52 54 56 58 60 62 64 66 68 70 73 74 0
1 4 5 7 10 11 14 16 18 20 21 24 25 27 29 31 34 36 38 40 43 44 46 48 51 52 54 56 58 60 62 64 66 68 71 72 74 0
1 4 5 7 9 12 14 16 18 20 21 24 25 27 29 32 34 36 38 40 42 44 46 48 50 52 54 56 58 60 62 64 66 68 70 72 74 1
1 4 5 7 9 12 14 16 18 20 21 24 25 27 29 31 34 36 38 40 42 44 46 48 50 52 54 56 58 60 62 64 66 68 71 72 74 1
1 3 5 7 9 11 14 16 18 20 21 24 25 27 29 32 34 36 39 40 42 44 46 48 51 52 54 56 58 60 62 64 66 68 70 73 74 0
1 3 5 7 9 11 14 16 18 20 21 24 25 27 29 31 34 36 39 40 42 44 46 48 51 52 54 56 58 60 62 64 66 68 71 73 74 0
1 3 5 7 9 11 14 16 18 20 21 24 25 27 29 32 34 36 39 40 42 44 46 48 51 52 54 56 58 60 62 64 66 68 71 73 74 1
1 3 5 7 9 11 14 16 18 20 21 24 25 27 29 32 34 36 39 40 43 44 46 48 51 52 54 56 58 60 62 64 66 68 71 73 74 1
1 3 5 7 9 11 14 16 18 20 21 24 25 27 29 32 34 36 39 40 42 44 46 48 51 52 54 56 58 60 62 64 66 68 71 72 74 0
1 3 5 7 10 11 14 16 18 20 21 24 25 27 29 31 34 36 39 40 42 44 46 48 51 52 54 56 58 60 62 64 66 68 71 72 74 0
1 3 5 7 9 11 14 16 18 20 21 24 25 27 29 32 34 36 39 40 43 44 46 48 51 52 54 56 58 60 62 64 66 68 71 72 74 1
1 3 5 7 10 11 14 16 18 20 21 24 25 27 29 32 34 36 39 40 43 44 46 48 51 52 54 56 58 60 62 65 66 68 71 72 74 0
1 3 5 7 10 12 14 16 18 20 21 23 25 27 29 31 34 36 39 40 42 44 46 48 51 52 54 56 58 60 62 64 66 68 71 72 74 1
1 4 5 7 9 12 14 16 18 20 21 24 25 27 29 33 34 36 39 40 42 44 46 48 51 52 54 56 58 60 62 64 66 68 71 72 74 1
1 4 5 7 9 12 14 16 18 20 21 24 25 27 29 31 34 36 39 40 42 44 46 48 50 52 54 56 58 60 62 64 66 68 71 73 74 0
1 4 5 7 9 12 14 16 18 20 21 24 25 27 29 32 34 36 39 40 42 44 46 48 50 52 54 56 58 60 62 64 66 68 71 73 74 0
1 4 5 7 9 12 14 16 18 20 21 24 25 27 29 31 34 36 39 40 42 44 46 48 50 52 54 56 58 60 62 64 66 68 71 72 74 0
1 4 5 7 9 12 14 16 18 20 21 24 25 27 29 32 34 36 39 40 42 44 46 48 50 52 54 56 58 60 62 64 66 68 71 72 74 1
1 4 5 7 9 11 14 15 17 19 21 24 25 27 29 33 34 36 38 40 42 44 46 49 51 52 54 56 58 60 62 64 66 68 70 72 74 0
1 4 5 7 9 11 14 15 17 19 21 24 25 27 29 33 34 37 38 40 42 44 46 49 51 52 54 56 58 60 62 64 66 68 70 72 74 1
1 4 5 7 9 11 14 15 17 19 21 24 25 27 29 31 34 37 38 40 42 44 46 49 50 52 54 56 58 60 62 65 66 68 70 72 74 1
1 3 5 7 9 12 13 16 18 20 21 23 25 27 29 31 34 36 38 40 42 44 47 48 51 52 55 56 58 60 62 64 66 68 70 72 74 1
1 3 5 7 9 12 13 16 18 20 21 23 25 27 29 31 34 36 39 40 42 44 46 48 51 52 55 56 58 60 62 64 66 68 71 72 74 1
1 3 6 8 9 11 14 15 17 19 21 23 25 27 29 31 34 36 38 40 42 44 46 48 51 52 55 56 58 60 62 64 66 68 71 72 74 1
1 3 6 7 10 11 14 15 17 19 21 23 25 27 29 31 34 36 38 40 42 44 46 48 51 52 55 56 58 60 62 64 66 68 71 72 74 0
1 3 5 7 10 12 14 15 17 20 21 23 25 27 29 31 34 36 39 40 42 44 47 48 50 52 55 56 58 60 62 64 66 68 70 72 74 0
1 3 5 7 10 11 14 16 18 20 21 23 25 27 29 31 34 36 38 40 42 44 46 48 51 52 55 56 58 60 62 64 66 68 71 72 74 1
1 3 5 7 9 12 14 16 18 20 21 23 25 27 29 31 34 36 39 40 42 44 46 48 51 52 55 56 58 60 62 64 66 68 71 72 74 0
1 3 5 7 9 11 13 15 17 19 21 24 26 28 29 31 34 37 38 40 42 44 46 49 51 52 54 56 58 60 62 64 66 68 70 72 74 0
1 3 5 7 9 11 13 15 17 19 21 24 26 28 29 31 34 37 38 40 42 44 46 49 50 52 54 56 58 60 62 64 66 68 70 72 74 0
1 3 5 7 9 11 13 15 17 20 21 24 26 28 29 31 34 37 38 40 42 44 47 49 50 52 54 56 58 60 62 64 66 68 70 72 74 1
1 3 5 7 9 11 14 16 17 19 21 24 26 28 29 31 34 36 38 40 42 44 46 49 51 52 54 56 58 60 62 64 66 68 70 73 74 1
1 3 5 7 9 11 14 16 17 19 21 24 26 28 29 31 34 36 38 40 42 44 46 49 50 52 54 56 58 60 62 64 66 68 70 73 74 1
1 3 5 7 9 11 14 16 17 20 21 24 26 28 29 31 34 36 38 40 42 44 47 49 50 52 54 56 58 60 62 64 66 68 70 73 74 1
1 3 5 7 9 11 13 15 17 20 21 23 26 28 29 31 34 36 38 40 42 44 47 48 51 52 55 56 58 60 62 64 66 68 70 72 74 1
1 3 5 7 9 11 13 15 17 20 21 24 26 27 29 32 34 36 38 40 42 44 47 48 50 52 54 56 58 60 62 64 66 68 70 73 74 1
1 4 5 7 9 11 13 15 17 19 21 24 26 27 29 31 34 36 38 40 42 44 46 48 51 52 54 56 58 60 62 65 66 68 70 73 74 1
1 4 5 7 9 11 13 15 17 19 21 24 26 27 29 31 34 36 38 40 43 44 46 48 51 52 54 56 58 60 63 65 66 68 70 73 74 0
1 3 5 7 9 11 13 15 17 19 21 24 26 27 29 31 34 36 39 40 42 44 46 48 51 52 54 56 58 60 62 65 66 69 71 73 74 1
1 3 5 7 9 11 13 15 17 19 21 24 26 27 29 32 34 36 39 40 42 44 46 48 51 52 54 56 58 60 62 64 66 68 70 73 74 1
1 3 5 7 9 11 13 15 17 19 21 24 26 27 29 32 34 37 38 40 42 44 46 48 51 52 54 56 58 60 62 64 66 68 70 72 74 0
1 3 5 7 9 11 13 16 18 20 21 24 26 27 29 32 34 36 38 40 42 44 46 48 50 52 54 56 58 60 62 64 66 68 70 73 74 1
1 3 5 7 9 11 13 16 18 20 21 24 26 27 29 32 34 36 38 40 42 44 47 48 50 52 54 56 58 60 62 64 66 68 70 73 74 0
1 4 5 7 9 11 13 16 18 20 21 24 26 27 29 31 34 36 38 40 43 44 46 48 51 52 54 57 58 60 62 65 66 68 70 73 74 1
1 3 5 7 9 11 13 16 18 20 21 24 26 27 29 32 34 36 39 40 42 44 46 48 50 52 54 56 58 60 62 64 66 68 70 73 74 0
1 3 5 7 9 11 13 15 17 19 21 24 26 27 29 31 34 36 39 40 42 44 46 49 51 52 54 56 58 60 62 65 66 68 71 73 74 0
1 3 5 7 9 11 13 15 17 19 21 24 26 27 29 31 34 36 39 40 42 44 46 49 50 52 54 56 58 60 62 65 66 68 71 73 74 0
1 3 5 7 9 11 13 15 17 19 21 24 26 27 29 31 34 37 38 40 42 44 46 49 51 52 54 56 58 60 62 65 66 68 70 72 74 0
1 3 5 7 9 11 13 15 17 19 21 24 26 27 29 31 34 37 38 40 43 44 46 49 51 52 54 56 58 60 62 65 66 68 70 72 74 1
1 3 5 7 9 11 13 15 17 20 21 24 26 27 29 31 34 37 38 40 43 44 47 49 51 52 54 56 58 60 62 65 66 68 70 72 74 1
1 3 5 7 9 11 13 15 17 19 21 24 26 27 29 31 34 37 38 40 42 44 46 49 50 52 54 56 58 60 62 65 66 68 70 72 74 0
1 3 5 7 9 11 13 15 17 19 21 24 26 27 29 31 34 37 38 40 43 44 46 49 50 52 54 56 58 60 62 65 66 68 70 72 74 1
1 3 5 7 9 11 13 15 17 20 21 24 26 27 29 31 34 37 38 40 42 44 47 49 50 52 54 56 58 60 62 65 66 68 70 72 74 1
1 3 5 7 9 11 13 15 17 20 21 24 26 27 29 31 34 37 38 40 43 44 47 49 50 52 54 56 58 60 62 65 66 68 70 72 74 1
1 3 5 7 9 11 13 15 17 19 21 24 26 27 29 31 34 37 39 40 42 44 46 49 50 52 54 56 58 60 62 65 66 68 71 72 74 0
1 3 5 7 9 11 13 15 17 20 21 24 26 27 29 31 34 37 39 40 43 44 47 49 50 52 54 56 58 60 62 65 66 68 71 72 74 1
1 3 5 7 9 11 14 16 17 20 21 24 26 27 29 32 34 36 38 40 42 44 47 48 50 52 54 56 58 60 62 64 66 68 70 73 74 1
1 4 5 7 9 11 14 16 17 19 21 24 26 27 29 31 34 36 38 40 43 44 46 48 51 52 54 56 58 60 62 64 66 68 70 73 74 0
1 4 5 7 9 11 14 16 17 19 21 24 26 27 29 31 34 36 38 40 43 44 46 48 51 52 54 56 58 60 62 65 66 68 70 73 74 1
1 3 5 7 9 11 14 16 17 19 21 24 26 27 29 32 34 36 39 40 42 44 46 48 51 52 54 56 58 60 62 64 66 68 70 73 74 1
1 3 5 7 9 11 14 16 17 19 21 24 26 27 29 32 34 36 39 40 42 44 46 48 50 52 54 56 58 60 62 64 66 68 70 73 74 1
1 3 5 7 9 11 14 16 17 20 21 24 26 27 29 32 34 36 39 40 42 44 47 48 50 52 54 56 58 60 62 64 66 68 70 72 74 1
1 3 5 7 9 11 14 16 17 19 21 24 26 27 29 32 34 37 38 40 42 44 46 48 51 52 54 56 58 60 62 64 66 68 70 72 74 1
1 3 5 7 9 11 14 16 17 20 21 24 26 27 29 32 34 37 38 40 42 44 47 48 51 52 54 56 58 60 62 64 66 68 70 72 74 1
1 3 5 7 9 11 14 16 17 19 21 24 26 27 29 32 34 37 38 40 42 44 46 48 50 52 54 56 58 60 62 64 66 68 70 72 74 0
1 3 5 7 9 11 14 16 17 20 21 24 26 27 29 32 34 37 38 40 42 44 47 48 50 52 54 56 58 60 62 64 66 68 70 72 74 0
1 3 5 7 9 11 14 16 17 19 21 24 26 27 29 31 34 36 38 40 43 44 46 49 50 52 54 56 58 60 62 64 66 68 70 73 74 1
1 3 5 7 9 11 14 16 17 20 21 24 26 27 29 31 34 36 38 40 43 44 47 49 50 52 54 56 58 60 62 64 66 68 70 73 74 0
1 3 5 7 9 11 14 16 17 19 21 24 26 27 29 31 34 36 39 40 43 44 46 49 51 52 54 56 58 60 62 64 66 68 71 73 74 1
1 3 5 7 9 11 14 16 17 19 21 24 26 27 29 31 34 36 39 40 43 44 46 49 50 52 54 56 58 60 62 64 66 68 71 73 74 0
1 3 6 8 9 11 14 15 17 19 21 23 25 28 29 31 34 36 38 40 42 44 46 48 51 52 54 56 58 60 62 64 66 68 71 72 75 1
1 3 5 8 9 12 14 16 17 19 21 23 25 28 29 31 34 36 38 40 42 44 46 48 51 52 54 56 58 60 62 64 66 68 71 72 75 0
1 3 6 7 10 11 14 15 17 19 21 23 25 28 29 31 34 36 38 40 42 44 46 48 50 52 54 56 58 60 62 64 66 68 71 72 75 0
1 3 6 7 9 11 14 15 17 19 21 23 25 28 29 31 34 36 39 40 42 44 46 48 51 52 54 56 58 60 62 64 66 68 71 72 75 0
1 3 5 7 9 12 14 16 18 20 21 23 25 28 29 31 34 36 38 40 42 44 46 48 51 52 54 56 58 60 62 64 66 68 70 72 75 0
1 3 5 7 10 12 14 16 18 20 21 23 25 28 29 31 34 36 38 40 42 44 46 48 51 52 54 56 58 60 62 64 66 68 71 72 75 1
1 3 5 7 9 12 13 15 17 19 21 23 25 28 29 31 34 36 38 40 42 44 46 48 51 52 55 57 58 60 62 64 66 68 70 72 75 1
1 3 5 7 9 12 13 15 17 20 21 23 25 28 29 31 34 36 38 40 42 44 47 48 51 52 55 56 58 60 62 64 66 68 70 72 75 1
1 3 5 7 9 12 13 15 17 20 21 23 25 28 29 31 34 36 38 40 42 44 47 48 51 52 55 57 58 60 62 64 66 68 70 72 75 0
1 3 5 7 9 11 13 16 17 20 21 23 25 28 29 31 34 36 38 40 42 44 47 48 51 52 55 56 58 60 62 64 66 68 70 72 75 0
1 3 5 7 9 12 13 16 18 20 21 23 25 28 29 31 34 36 38 40 42 44 46 48 51 52 55 56 58 60 62 64 66 68 70 72 75 1
1 3 5 7 9 12 13 16 18 20 21 23 25 28 29 31 34 36 38 40 42 44 47 48 51 52 55 56 58 60 62 64 66 68 70 72 75 0
1 3 5 7 9 12 13 16 18 20 21 23 25 28 29 31 34 36 38 40 42 44 47 48 51 52 55 57 58 60 62 64 66 68 70 72 75 1
1 3 5 7 9 12 13 16 18 20 21 23 25 28 29 31 34 36 38 40 42 44 46 48 50 52 55 56 58 60 62 64 66 68 70 72 75 1
1 3 5 7 9 12 13 16 18 20 21 23 25 28 29 31 34 36 38 40 42 44 47 48 50 52 55 56 58 60 62 64 66 68 70 72 75 0
1 3 5 7 9 11 13 15 17 19 21 23 25 28 29 31 34 37 38 40 42 44 46 49 50 52 55 56 58 60 62 64 66 68 70 72 75 1
1 3 5 7 9 11 13 15 17 20 21 23 25 28 29 31 34 37 38 40 42 44 47 49 50 52 55 56 58 60 62 64 66 68 70 72 75 0
1 3 5 8 9 11 14 15 17 19 21 23 25 28 29 31 34 36 38 40 42 44 46 48 51 52 55 56 58 60 62 64 66 68 71 72 75 1
1 3 5 7 10 11 14 15 17 19 21 23 25 28 29 31 34 36 38 40 42 44 46 48 51 52 55 56 58 60 62 64 66 68 71 72 75 1
1 3 5 8 9 12 14 16 17 19 21 23 25 28 29 31 34 36 38 40 42 44 46 48 51 52 55 56 58 60 62 64 66 68 71 72 75 0
1 3 5 7 9 12 14 16 17 20 21 23 25 28 29 31 34 36 38 40 42 44 47 48 51 52 55 56 58 60 62 64 66 68 70 72 75 0
1 3 5 7 10 12 14 15 17 19 21 23 25 28 29 31 34 36 38 40 42 44 46 48 50 52 55 56 58 60 62 64 66 68 71 72 75 1
1 3 5 7 9 12 14 16 17 20 21 23 25 28 29 31 34 36 38 40 42 44 47 48 50 52 55 56 58 60 62 64 66 68 70 72 75 1
1 3 5 7 10 12 14 15 17 19 21 23 25 28 29 31 34 36 39 40 42 44 46 48 51 52 55 56 58 60 62 64 66 68 71 72 75 0
1 3 5 7 9 12 14 16 18 20 21 23 25 28 29 31 34 36 38 40 42 44 46 48 51 52 55 56 58 60 62 64 66 68 70 72 75 1
1 3 5 7 10 12 14 16 18 20 21 23 25 28 29 31 34 36 38 40 42 44 46 48 51 52 55 56 58 60 62 64 66 68 71 72 75 0
1 3 5 7 9 12 14 16 18 20 21 23 25 28 29 31 34 36 38 40 42 44 46 48 50 52 55 56 58 60 62 64 66 68 70 72 75 0
1 3 5 7 10 12 14 16 18 20 21 23 25 28 29 31 34 36 38 40 42 44 46 48 50 52 55 56 58 60 62 64 66 68 71 72 75 0
1 3 5 7 9 12 14 16 18 20 21 23 25 28 29 31 34 36 38 40 42 44 47 48 50 52 55 56 58 60 62 64 66 68 70 72 75 1
1 3 5 7 10 12 14 16 18 20 21 23 25 28 29 31 34 36 39 40 42 44 46 48 51 52 55 56 58 60 62 64 66 68 71 72 75 1
1 3 5 8 9 12 14 16 17 19 21 23 25 27 29 31 34 36 39 40 42 44 46 48 51 52 54 56 58 60 62 64 66 68 71 72 75 0
1 3 5 7 9 12 14 16 18 20 21 23 25 27 29 31 34 36 39 40 42 44 46 48 51 52 54 56 58 60 62 64 66 68 71 72 75 0
1 3 5 7 10 12 14 16 18 20 21 23 25 27 29 31 34 36 39 40 42 44 46 48 51 52 54 56 58 60 62 64 66 68 71 72 75 1
1 3 5 7 9 11 13 15 17 19 21 23 25 27 29 31 34 36 39 40 42 44 46 48 51 52 55 56 58 60 63 64 66 68 71 72 75 1
1 3 6 7 9 11 13 15 17 19 21 23 25 27 29 31 34 36 39 40 42 44 46 48 50 52 55 56 58 60 62 64 66 69 71 72 75 0
1 3 5 7 9 12 13 16 18 20 21 23 25 27 29 31 34 36 39 40 42 44 46 48 50 52 55 56 58 60 62 64 66 68 71 72 75 0
1 3 5 7 9 11 13 15 17 19 21 23 25 27 29 31 34 37 38 40 42 44 46 49 50 52 55 56 58 60 62 64 66 68 70 72 75 0
1 3 6 8 9 11 14 15 17 19 21 23 25 27 29 31 34 36 38 40 42 44 46 48 51 52 55 56 58 60 62 64 66 68 71 72 75 0
1 3 6 7 10 11 14 15 17 19 21 23 25 27 29 31 34 36 38 40 42 44 46 48 51 52 55 56 58 60 62 64 66 68 71 72 75 1
1 3 5 8 9 11 14 16 17 19 21 23 25 27 29 31 34 36 38 40 42 44 46 48 51 52 55 56 58 60 62 64 66 68 71 72 75 0
1 3 5 8 9 12 14 16 17 19 21 23 25 27 29 31 34 36 38 40 42 44 46 48 51 52 55 56 58 60 62 64 66 68 71 72 75 0
1 3 6 7 10 11 14 15 17 19 21 23 25 27 29 31 34 36 38 40 42 44 46 48 50 52 55 56 58 60 62 64 66 68 71 72 75 1
1 3 5 7 9 12 14 16 17 20 21 23 25 27 29 31 34 36 38 40 42 44 47 48 50 52 55 56 58 60 62 64 66 68 71 72 75 0
1 3 5 8 9 11 14 15 17 19 21 23 25 27 29 31 34 36 39 40 42 44 46 48 51 52 55 56 58 60 62 64 66 68 71 72 75 1
1 3 5 7 10 11 14 15 17 19 21 23 25 27 29 31 34 36 39 40 42 44 46 48 51 52 55 56 58 60 62 64 66 68 71 72 75 1
1 3 5 7 10 12 14 15 17 19 21 23 25 27 29 31 34 36 39 40 42 44 46 48 51 52 55 56 58 60 62 64 66 68 71 72 75 0
1 3 5 8 9 12 14 16 17 19 21 23 25 27 29 31 34 36 39 40 42 44 46 48 51 52 55 56 58 60 62 64 66 68 71 72 75 1
1 3 5 7 9 11 14 15 17 20 21 23 25 27 29 31 34 36 39 40 42 44 47 48 51 52 55 56 58 60 62 64 66 68 71 72 75 0
1 3 5 7 9 11 14 16 17 20 21 23 25 27 29 31 34 36 39 40 42 44 47 48 51 52 55 56 58 60 62 64 66 68 71 72 75 0
1 3 5 7 9 12 14 16 17 20 21 23 25 27 29 31 34 36 39 40 42 44 47 48 51 52 55 56 58 60 62 64 66 68 71 72 75 0
1 3 5 7 10 11 14 16 18 20 21 23 25 27 29 31 34 36 38 40 42 44 46 48 51 52 55 56 58 60 62 64 66 68 71 72 75 0
1 3 5 7 9 12 14 16 18 20 21 23 25 27 29 31 34 36 38 40 42 44 46 48 51 52 55 56 58 60 62 64 66 68 70 72 75 0
1 3 5 7 10 12 14 16 18 20 21 23 25 27 29 31 34 36 38 40 42 44 46 48 51 52 55 56 58 60 62 64 66 68 71 72 75 0
1 3 5 7 9 12 14 16 18 20 21 23 25 27 29 31 34 36 38 40 42 44 46 48 50 52 55 56 58 60 62 64 66 68 71 72 75 1
1 3 5 7 10 12 14 16 18 20 21 23 25 27 29 31 34 36 38 40 42 44 46 48 50 52 55 56 58 60 62 64 66 68 71 72 75 0
1 3 5 7 9 12 14 16 18 20 21 23 25 27 29 31 34 36 39 40 42 44 46 48 51 52 55 56 58 60 62 64 66 68 71 72 75 1
1 3 5 7 10 12 14 16 18 20 21 23 25 27 29 31 34 36 39 40 42 44 46 48 51 52 55 56 58 60 62 64 66 68 71 72 75 1
1 3 5 7 9 11 13 15 17 20 21 23 26 28 29 31 34 36 38 40 42 44 47 48 51 52 55 56 58 60 62 64 66 68 70 72 75 0
1 3 5 7 9 11 13 15 17 20 21 23 26 28 29 31 34 36 38 40 42 44 47 48 50 52 55 56 58 60 62 64 66 68 70 72 75 0
1 3 5 7 9 11 13 15 17 19 21 23 26 27 29 31 34 36 39 40 42 44 46 48 51 52 54 56 58 60 63 64 66 68 70 72 75 1
1 3 5 7 9 11 13 15 17 19 21 23 26 27 29 31 34 36 39 40 42 44 46 48 51 52 54 56 58 60 63 64 66 68 71 72 75 1
1 3 5 7 9 12 13 15 17 19 21 23 26 27 29 31 34 36 38 40 42 44 46 48 51 52 55 57 58 60 62 64 66 68 70 72 75 1
1 3 5 7 9 11 13 15 17 20 21 23 26 27 29 31 34 36 38 40 42 44 47 48 51 52 55 56 58 60 62 64 66 68 70 72 75 0
1 3 5 7 9 11 13 15 17 20 21 23 26 27 29 31 34 36 39 40 42 44 47 48 50 52 55 56 58 60 62 64 66 68 70 72 75 0
1 3 5 7 9 11 14 15 17 20 21 23 26 27 29 31 34 36 38 40 42 44 47 48 51 52 55 56 58 60 62 64 66 68 70 72 75 1
1 3 5 7 9 11 14 15 17 20 21 23 26 27 29 31 34 36 38 40 42 44 47 48 50 52 55 56 58 60 62 64 66 68 70 72 75 1
1 3 5 7 10 12 13 15 17 19 22 24 25 28 29 31 34 36 38 40 42 45 46 48 50 52 54 56 58 60 62 64 66 68 70 72 74 1
1 3 5 7 9 11 13 15 17 19 22 24 25 28 29 31 34 37 38 40 42 45 46 48 50 52 54 56 58 60 62 64 66 69 70 72 74 0
1 3 5 7 9 11 13 16 18 20 22 24 25 28 29 31 34 36 38 40 42 45 46 48 51 52 54 56 58 60 62 64 66 69 70 72 74 1
1 3 5 7 9 12 13 16 18 20 22 24 25 28 29 31 34 36 38 40 42 45 46 48 51 52 54 56 58 60 62 64 66 68 70 72 74 1
1 3 5 7 9 12 13 16 18 20 22 23 25 28 29 31 34 36 38 40 42 45 46 48 51 52 54 56 58 60 62 64 66 68 70 72 74 0
1 3 5 7 9 11 13 15 17 19 22 24 25 28 29 31 34 37 38 40 42 45 46 49 50 52 54 56 58 60 62 64 66 69 70 72 74 0
1 3 5 7 9 11 13 15 17 19 22 24 25 28 29 31 34 37 38 40 42 45 46 49 50 52 54 56 58 60 62 64 66 68 70 72 74 1
1 3 5 7 9 11 13 15 17 19 22 23 25 28 29 31 34 37 38 40 42 45 46 49 50 52 54 56 58 60 62 64 66 68 70 72 74 1
1 3 5 7 10 11 14 15 17 19 22 24 25 28 29 31 34 36 38 40 42 45 46 48 50 52 54 56 58 60 62 64 66 69 70 72 74 0
1 3 5 7 10 12 14 15 17 19 22 23 25 28 29 31 34 36 38 40 42 45 46 48 50 52 54 56 58 60 62 64 66 68 70 72 74 0
1 3 5 7 10 11 14 16 18 20 22 24 25 28 29 31 34 36 38 40 42 45 46 48 50 52 54 56 58 60 62 64 66 69 70 72 74 0
1 3 5 7 9 12 14 16 18 20 22 24 25 28 29 31 34 36 38 40 42 45 46 48 50 52 54 56 58 60 62 64 66 68 70 72 74 1
1 3 5 7 9 12 14 16 18 20 22 23 25 28 29 31 34 36 38 40 42 45 46 48 50 52 54 56 58 60 62 64 66 68 70 72 74 0
1 3 5 7 9 11 14 15 17 19 22 23 25 28 29 31 34 37 38 40 42 45 46 49 50 52 54 56 58 60 62 64 66 68 70 72 74 0
1 3 5 7 9 12 13 16 18 20 22 23 25 28 29 31 34 36 38 40 42 45 46 48 51 52 55 56 58 60 62 64 66 68 70 72 74 0
1 3 5 7 10 12 14 15 17 19 22 23 25 28 29 31 34 36 38 40 42 45 46 48 50 52 55 56 58 60 62 64 66 68 70 72 74 0
1 3 5 7 9 12 14 16 18 20 22 23 25 28 29 31 34 36 38 40 42 45 46 48 50 52 55 56 58 60 62 64 66 68 70 72 74 1
1 3 5 7 9 11 13 15 17 19 22 24 25 27 29 32 34 36 38 40 42 45 46 48 51 52 54 56 58 60 62 64 66 69 70 73 74 1
1 3 5 7 9 11 13 15 17 19 22 24 25 27 29 32 34 36 38 40 42 45 46 48 51 52 54 56 58 60 62 65 66 69 70 73 74 1
1 3 5 7 9 11 13 15 17 19 22 24 25 27 29 32 34 36 38 40 43 45 46 48 51 52 54 56 58 60 62 65 66 69 70 73 74 1
1 3 5 7 9 11 13 15 17 19 22 24 25 27 29 32 34 36 38 40 43 45 46 48 51 52 54 56 58 60 62 65 66 69 71 73 74 0
1 3 5 7 9 11 13 15 17 19 22 24 25 27 29 32 34 36 38 40 42 45 46 48 50 52 54 56 58 60 62 65 66 69 70 73 74 1
1 3 5 7 9 11 13 15 17 19 22 24 25 27 29 32 34 36 38 40 43 45 46 48 50 52 54 56 58 60 62 65 66 69 70 73 74 1
1 3 5 7 9 11 13 15 17 19 22 24 25 27 29 32 34 36 38 40 43 45 46 48 50 52 54 56 58 60 62 65 66 69 71 73 74 0
1 3 5 7 9 11 13 16 17 19 22 23 25 27 29 31 34 36 38 40 43 45 46 48 50 52 54 56 58 60 62 64 67 69 70 73 74 1
1 3 5 7 9 11 13 15 17 19 22 24 25 27 29 32 34 36 38 40 42 45 46 48 51 52 54 56 58 60 62 65 66 69 70 72 74 0
1 3 5 7 9 11 13 15 17 19 22 24 25 27 29 31 34 36 38 40 43 45 46 48 51 52 54 56 58 60 62 65 66 69 70 72 74 0
1 3 5 7 9 11 13 15 17 19 22 24 25 27 29 32 34 36 38 40 43 45 46 48 51 52 54 56 58 60 62 65 66 69 70 72 74 1
1 3 5 7 9 11 13 15 17 19 22 24 25 27 29 32 34 36 38 40 42 45 46 48 50 52 54 56 58 60 62 65 66 69 70 72 74 0
1 3 5 7 9 11 13 15 17 19 22 24 25 27 29 31 34 36 38 40 43 45 46 48 50 52 54 56 58 60 62 65 66 69 70 72 74 1
1 3 5 7 9 11 13 15 17 19 22 24 25 27 29 32 34 36 38 40 43 45 46 48 50 52 54 56 58 60 62 65 66 69 70 72 74 0
1 3 5 7 9 12 13 16 17 19 22 24 25 27 29 32 34 36 38 40 43 45 46 48 50 52 54 56 58 60 62 65 66 69 70 72 74 1
1 3 6 7 9 11 13 15 17 19 22 24 25 27 29 32 34 36 39 40 43 45 46 48 51 52 54 56 58 60 62 65 66 69 70 73 74 1
1 3 6 7 9 11 13 15 17 19 22 24 25 27 29 32 34 36 39 40 43 45 46 48 50 52 54 56 58 60 62 65 66 69 70 73 74 1
1 3 6 7 9 11 13 15 17 19 22 24 25 27 29 32 35 36 39 40 43 45 46 48 50 52 54 56 58 60 62 65 66 69 70 73 74 1
1 3 5 7 9 11 13 15 17 19 22 23 25 27 29 32 34 36 39 40 43 45 46 48 51 52 54 56 58 60 62 64 67 69 71 73 74 1
1 3 5 7 9 11 13 15 17 19 22 23 25 27 29 32 34 36 39 40 43 45 46 48 50 52 54 56 58 60 62 64 67 69 71 73 74 0
1 3 5 7 10 11 13 15 17 19 22 23 25 27 29 32 34 36 39 40 43 45 46 48 50 52 54 56 58 60 62 64 67 69 71 73 74 0
1 3 5 7 9 11 13 16 17 19 22 23 25 27 29 32 34 36 39 40 43 45 46 48 50 52 54 56 58 60 62 64 67 69 71 73 74 1
1 3 5 7 9 11 13 15 17 19 22 24 25 27 29 32 34 36 39 40 43 45 46 48 51 52 54 56 58 60 62 65 66 69 71 72 74 0
1 3 6 7 9 11 13 15 17 19 22 24 25 27 29 32 34 36 39 40 43 45 46 48 51 52 54 56 58 60 62 65 66 69 71 72 74 0
1 3 5 7 9 11 13 15 17 19 22 24 25 27 29 32 34 36 39 40 42 45 46 48 50 52 54 56 58 60 62 64 66 69 71 72 74 0
1 3 5 7 9 11 13 15 17 19 22 24 25 27 29 32 34 36 39 40 43 45 46 48 50 52 54 56 58 60 62 65 66 69 71 72 74 0
1 3 6 7 9 11 13 15 17 19 22 24 25 27 29 32 34 36 39 40 43 45 46 48 50 52 54 56 58 60 62 65 66 69 71 72 74 1
1 3 5 7 10 12 13 15 17 19 22 24 25 27 29 31 34 36 39 40 43 45 46 48 50 52 54 56 58 60 62 64 66 68 70 72 74 1
1 3 5 7 9 11 13 16 18 20 22 24 25 27 29 31 34 36 38 40 42 45 46 48 51 52 54 56 58 60 62 64 66 69 70 72 74 0
1 3 5 7 9 12 13 16 18 20 22 23 25 27 29 31 34 36 38 40 42 45 46 48 51 52 54 56 58 60 62 64 66 68 70 72 74 0
1 3 5 7 9 11 13 16 18 20 22 23 25 27 29 32 34 36 39 40 42 45 46 48 51 52 54 56 58 60 62 64 67 69 71 73 74 0
1 3 5 7 9 11 13 16 18 20 22 24 25 27 29 32 34 36 39 40 42 45 46 48 51 52 54 56 58 60 62 64 66 69 71 72 74 1
1 4 5 8 9 11 13 16 18 20 22 24 25 27 29 31 34 36 39 40 43 45 46 48 51 52 54 57 58 60 62 65 66 69 71 72 74 1
1 3 5 7 9 11 14 15 17 19 22 24 25 27 29 32 34 36 38 40 42 45 46 48 51 52 54 56 58 60 62 65 66 69 70 73 74 1
1 3 5 7 9 11 14 15 17 19 22 24 25 27 29 32 34 36 38 40 43 45 46 48 51 52 54 56 58 60 62 65 66 69 70 73 74 0
1 3 5 7 9 11 14 15 17 19 22 24 25 27 29 32 34 36 38 40 43 45 46 48 51 52 54 56 58 60 62 65 66 69 71 73 74 1
1 3 5 7 9 11 14 16 17 19 22 24 25 27 29 32 34 36 38 40 42 45 46 48 51 52 54 56 58 60 62 64 66 69 70 73 74 0
1 3 5 7 9 11 14 15 17 19 22 24 25 27 29 32 34 36 38 40 42 45 46 48 50 52 54 56 58 60 62 65 66 69 70 73 74 1
1 3 5 7 9 11 14 15 17 19 22 24 25 27 29 32 34 36 38 40 43 45 46 48 50 52 54 56 58 60 62 65 66 69 70 73 74 0
1 3 5 7 9 11 14 15 17 19 22 24 25 27 29 32 34 36 38 40 43 45 46 48 50 52 54 56 58 60 62 65 66 69 71 73 74 1
1 3 5 7 9 11 14 15 17 19 22 24 25 27 29 32 34 36 38 40 42 45 46 48 51 52 54 56 58 60 62 65 66 69 70 72 74 1
1 3 5 7 9 11 14 16 17 19 22 24 25 27 29 32 34 36 38 40 42 45 46 48 51 52 54 56 58 60 62 64 66 69 70 72 74 1
1 3 5 7 9 12 14 16 17 19 22 24 25 27 29 32 34 36 38 40 42 45 46 48 51 52 54 56 58 60 62 64 66 69 70 72 74 0
1 3 5 7 9 11 14 15 17 19 22 24 25 27 29 32 34 36 38 40 42 45 46 48 50 52 54 56 58 60 62 65 66 69 70 72 74 0
1 3 5 7 9 11 14 15 17 19 22 24 25 27 29 31 34 36 38 40 43 45 46 48 50 52 54 56 58 60 62 65 66 69 70 72 74 0
1 3 5 7 9 11 14 15 17 19 22 24 25 27 29 32 34 36 38 40 43 45 46 48 50 52 54 56 58 60 62 65 66 69 70 72 74 0
1 3 5 7 10 11 14 15 17 19 22 24 25 27 29 31 34 36 38 40 43 45 46 48 50 52 54 56 58 60 62 65 66 69 70 72 74 1
1 3 5 7 9 12 14 16 17 19 22 24 25 27 29 32 34 36 38 40 43 45 46 48 50 52 54 56 58 60 62 65 66 69 70 72 74 0
1 3 6 7 9 11 14 15 17 19 22 24 25 27 29 32 34 36 39 40 43 45 46 48 50 52 54 56 58 60 62 65 66 69 70 73 74 0
1 3 6 7 10 11 14 15 17 19 22 24 25 27 29 32 34 36 39 40 43 45 46 48 51 52 54 56 58 60 62 65 66 69 71 72 74 1
1 3 5 7 9 11 14 15 17 19 22 24 25 27 29 32 34 36 39 40 43 45 46 48 50 52 54 56 58 60 62 65 66 69 71 72 74 1
1 3 6 7 9 11 14 15 17 19 22 24 25 27 29 32 34 36 39 40 43 45 46 48 50 52 54 56 58 60 62 65 66 69 71 72 74 0
1 3 5 7 10 11 14 15 17 19 22 24 25 27 29 32 34 36 39 40 43 45 46 48 50 52 54 56 58 60 62 65 66 69 71 72 74 1
1 3 5 7 10 12 14 15 17 19 22 23 25 27 29 31 34 36 39 40 42 45 46 48 50 52 54 56 58 60 62 64 66 68 70 72 74 0
1 3 5 7 10 11 14 16 18 20 22 24 25 27 29 31 34 36 38 40 43 45 46 48 50 52 54 56 58 60 62 64 66 69 70 72 74 0
1 3 5 7 10 11 14 16 18 20 22 24 25 27 29 32 34 36 39 40 42 45 46 48 51 52 54 56 58 60 62 64 66 69 70 72 74 1
1 3 5 7 10 11 14 16 18 20 22 24 25 27 29 32 34 36 39 40 43 45 46 48 50 52 54 56 58 60 62 65 66 69 71 72 74 1
1 3 5 7 9 11 13 15 17 19 22 24 26 28 29 31 34 37 38 40 42 45 46 49 50 52 54 56 58 60 62 64 66 69 70 72 74 0
1 3 5 7 9 11 13 15 17 19 22 24 26 28 29 31 34 37 38 40 42 45 46 49 50 52 54 56 58 60 62 64 66 68 70 72 74 0
1 3 5 7 9 11 13 15 17 19 22 23 26 28 29 31 34 36 38 40 42 45 46 48 50 52 55 56 58 60 62 64 66 68 70 72 74 0
1 3 5 7 9 11 14 15 17 19 22 23 26 28 29 31 34 36 38 40 42 45 46 48 50 52 55 56 58 60 62 64 66 68 70 72 74 1
1 3 5 7 9 11 13 15 17 19 22 24 26 27 29 32 34 36 38 40 42 45 46 48 50 52 54 56 58 60 62 64 66 69 70 73 74 0
1 3 5 8 9 11 13 16 17 19 22 23 26 27 29 31 34 36 38 40 43 45 46 48 51 52 54 56 58 60 62 64 67 69 70 73 74 0
1 3 5 7 9 11 13 15 17 19 22 24 26 27 29 32 34 36 38 40 42 45 46 48 50 52 54 56 58 60 62 64 66 69 70 72 74 1
1 3 5 7 10 11 13 16 18 20 22 23 26 27 29 32 34 36 39 40 42 45 46 48 50 52 54 56 58 60 62 64 67 69 71 73 74 0
1 3 5 7 9 11 13 15 17 19 22 24 26 27 29 31 34 37 38 40 42 45 46 49 50 52 54 56 58 60 62 64 66 69 70 72 74 1
1 3 5 7 9 11 14 16 17 19 22 24 26 27 29 32 34 36 39 40 42 45 46 48 50 52 54 56 58 60 62 64 66 69 71 72 74 0
1 3 5 7 9 11 14 16 17 19 22 24 26 27 29 31 34 37 38 40 43 45 46 49 50 52 54 56 58 60 62 64 66 68 70 72 74 0
1 3 5 7 9 11 13 15 17 19 22 23 26 27 29 31 34 36 39 40 42 45 46 48 50 52 55 56 58 60 62 64 66 68 70 72 74 0
1 3 5 7 9 12 13 15 17 19 22 23 25 28 29 31 34 36 38 40 42 45 46 48 51 52 55 56 58 60 62 64 66 68 70 72 75 1
1 3 5 7 9 12 13 15 17 19 22 23 25 28 29 31 34 36 38 40 42 45 46 48 51 52 55 57 58 60 62 64 66 68 70 72 75 1
1 3 5 7 9 11 13 15 17 19 22 23 25 28 29 31 34 36 38 40 42 45 46 48 50 52 55 57 58 60 62 64 66 69 70 72 75 1
1 3 5 7 9 12 13 15 17 19 22 23 25 28 29 31 34 36 38 40 42 45 46 48 50 52 55 57 58 60 62 64 66 69 70 72 75 0
1 3 5 7 9 12 13 15 17 19 22 23 25 28 29 31 34 36 38 40 42 45 46 48 50 52 55 56 58 60 62 64 66 68 70 72 75 1
1 3 5 7 9 11 13 15 17 19 22 23 25 28 29 31 34 37 38 40 42 45 46 48 50 52 55 56 58 60 62 64 66 68 70 72 75 1
1 3 5 7 9 12 13 16 18 20 22 23 25 28 29 31 34 36 38 40 42 45 46 48 51 52 55 56 58 60 62 64 66 68 70 72 75 1
1 3 5 7 9 12 13 16 18 20 22 23 25 28 29 31 34 36 38 40 42 45 46 48 51 52 55 57 58 60 62 64 66 68 70 72 75 1
1 3 5 7 9 11 14 15 17 19 22 23 25 28 29 31 34 36 38 40 42 45 46 48 51 52 55 56 58 60 62 64 66 69 70 72 75 0
1 3 5 7 9 11 14 15 17 19 22 23 25 28 29 31 34 36 38 40 42 45 46 48 51 52 55 56 58 60 62 64 66 68 70 72 75 0
1 3 5 7 9 11 14 15 17 19 22 23 25 28 29 31 34 36 38 40 42 45 46 48 50 52 55 56 58 60 62 64 66 69 70 72 75 0
1 3 5 7 9 12 14 15 17 19 22 23 25 28 29 31 34 36 38 40 42 45 46 48 50 52 55 56 58 60 62 64 66 69 70 72 75 1
1 3 5 7 9 12 14 15 17 19 22 23 25 28 29 31 34 36 38 40 42 45 46 48 50 52 55 57 58 60 62 64 66 69 70 72 75 1
1 3 5 7 10 12 14 15 17 19 22 23 25 28 29 31 34 36 38 40 42 45 46 48 50 52 55 57 58 60 62 64 66 69 70 72 75 1
1 3 5 7 9 12 14 16 17 19 22 23 25 28 29 31 34 36 38 40 42 45 46 48 50 52 55 56 58 60 62 64 66 69 70 72 75 0
1 3 5 7 10 12 14 15 17 19 22 23 25 28 29 31 34 36 38 40 42 45 46 48 50 52 55 56 58 60 62 64 66 68 70 72 75 0
1 3 5 7 9 12 14 16 17 19 22 23 25 28 29 31 34 36 38 40 42 45 46 48 50 52 55 56 58 60 62 64 66 68 70 72 75 0
1 3 5 7 9 12 14 16 18 20 22 23 25 28 29 31 34 36 38 40 42 45 46 48 50 52 55 56 58 60 62 64 66 69 70 72 75 0
1 3 5 7 9 12 14 16 18 20 22 23 25 28 29 31 34 36 38 40 42 45 46 48 50 52 55 57 58 60 62 64 66 69 70 72 75 0
1 3 5 7 10 12 14 16 18 20 22 23 25 28 29 31 34 36 38 40 42 45 46 48 50 52 55 56 58 60 62 64 66 68 70 72 75 0
1 3 6 7 9 11 13 15 17 19 22 23 25 27 29 31 34 36 39 40 42 45 46 48 51 52 55 56 58 60 62 64 66 69 71 72 75 1
1 3 5 7 9 12 13 15 17 19 22 23 25 27 29 31 34 36 39 40 42 45 46 48 51 52 55 56 58 60 62 64 66 68 71 72 75 1
1 3 5 7 9 11 13 15 17 19 22 23 25 27 29 31 34 36 39 40 42 45 46 48 50 52 55 56 58 60 62 64 66 69 71 72 75 1
1 3 6 7 9 11 13 15 17 19 22 23 25 27 29 31 34 36 39 40 42 45 46 48 50 52 55 56 58 60 62 64 66 69 70 72 75 0
1 3 6 7 9 11 13 15 17 19 22 23 25 27 29 31 34 36 39 40 42 45 46 48 50 52 55 56 58 60 62 64 66 69 71 72 75 1
1 3 5 7 9 11 13 15 17 19 22 23 25 27 29 31 34 36 39 40 42 45 46 48 50 52 55 57 58 60 62 64 66 69 70 72 75 0
1 3 5 7 9 12 13 15 17 19 22 23 25 27 29 31 34 36 39 40 42 45 46 48 50 52 55 57 58 60 62 64 66 69 70 72 75 1
1 3 5 7 9 11 13 15 17 19 22 23 25 27 29 31 34 36 39 40 42 45 46 48 50 52 55 56 58 60 63 64 66 69 71 72 75 1
1 3 5 7 9 12 13 15 17 19 22 23 25 27 29 31 34 36 39 40 42 45 46 48 50 52 55 56 58 60 63 64 66 69 71 72 75 1
1 3 5 7 9 12 13 15 17 19 22 23 25 27 29 31 34 36 39 40 42 45 46 48 50 52 55 56 58 60 62 64 66 68 71 72 75 0
1 3 5 7 9 12 13 16 18 20 22 23 25 27 29 31 34 36 38 40 42 45 46 48 51 52 55 56 58 60 62 64 66 68 70 72 75 0
1 3 5 8 9 12 13 16 18 20 22 23 25 27 29 31 34 36 39 40 42 45 46 48 51 52 55 56 58 60 62 64 66 68 71 72 75 0
1 3 5 7 10 12 14 15 17 19 22 23 25 27 29 31 34 36 38 40 42 45 46 48 50 52 55 56 58 60 62 64 66 68 70 72 75 1
1 3 5 7 9 12 14 16 17 19 22 23 25 27 29 31 34 36 38 40 42 45 46 48 50 52 55 56 58 60 62 64 66 68 70 72 75 0
1 3 5 7 9 11 14 15 17 19 22 23 25 27 29 31 34 36 39 40 42 45 46 48 51 52 55 56 58 60 62 64 66 69 70 72 75 0
1 3 5 7 9 11 14 15 17 19 22 23 25 27 29 31 34 36 39 40 42 45 46 48 51 52 55 56 58 60 62 64 66 69 71 72 75 0
1 3 6 7 9 11 14 15 17 19 22 23 25 27 29 31 34 36 39 40 42 45 46 48 51 52 55 56 58 60 62 64 66 69 70 72 75 0
1 3 5 7 9 11 14 15 17 19 22 23 25 27 29 31 34 36 39 40 42 45 46 48 51 52 55 56 58 60 62 64 66 68 70 72 75 1
1 3 5 7 9 11 14 15 17 19 22 23 25 27 29 31 34 36 39 40 42 45 46 48 51 52 55 56 58 60 62 64 66 68 71 72 75 0
1 3 5 7 10 11 14 15 17 19 22 23 25 27 29 31 34 36 39 40 42 45 46 48 51 52 55 56 58 60 62 64 66 68 70 72 75 1
1 3 5 7 9 11 14 15 17 19 22 23 25 27 29 31 34 36 39 40 42 45 46 48 50 52 55 56 58 60 62 64 66 69 70 72 75 0
1 3 6 7 9 11 14 15 17 19 22 23 25 27 29 31 34 36 39 40 42 45 46 48 50 52 55 56 58 60 62 64 66 69 70 72 75 0
1 3 6 7 9 11 14 15 17 19 22 23 25 27 29 31 34 36 39 40 42 45 46 48 50 52 55 56 58 60 62 64 66 69 71 72 75 1
1 3 5 7 10 12 14 15 17 19 22 23 25 27 29 31 34 36 39 40 42 45 46 48 50 52 55 56 58 60 62 64 66 69 71 72 75 0
1 3 5 7 10 12 14 15 17 19 22 23 25 27 29 31 34 36 39 40 42 45 46 48 50 52 55 57 58 60 62 64 66 69 70 72 75 0
1 3 5 7 9 11 14 15 17 19 22 23 25 27 29 31 34 36 39 40 42 45 46 48 50 52 55 56 58 60 62 64 66 68 71 72 75 1
1 3 5 7 10 12 14 15 17 19 22 23 25 27 29 31 34 36 39 40 42 45 46 48 50 52 55 56 58 60 62 64 66 68 71 72 75 1
1 3 5 7 10 12 14 16 18 20 22 23 25 27 29 31 34 36 38 40 42 45 46 48 50 52 55 56 58 60 62 64 66 68 70 72 75 0
1 3 5 7 10 12 14 16 18 20 22 23 25 27 29 31 34 36 39 40 42 45 46 48 50 52 55 56 58 60 62 64 66 68 71 72 75 1
1 3 5 7 9 11 13 15 17 19 22 23 26 28 29 31 34 36 38 40 42 45 46 48 50 52 55 56 58 60 62 64 66 69 70 72 75 1
1 3 5 7 9 11 13 15 17 19 22 23 26 28 29 31 34 36 38 40 42 45 46 48 50 52 55 57 58 60 62 64 66 69 70 72 75 0
1 3 5 7 9 11 13 15 17 19 22 23 26 28 29 31 34 36 38 40 42 45 46 48 50 52 55 56 58 60 62 64 66 68 70 72 75 1
1 3 5 7 9 11 14 15 17 19 22 23 26 28 29 31 34 36 38 40 42 45 46 48 50 52 55 56 58 60 62 64 66 69 70 72 75 0
1 3 5 7 9 11 13 15 17 19 22 23 26 27 29 31 34 36 39 40 42 45 46 48 50 52 54 56 58 60 62 64 66 68 70 72 75 0
1 3 5 7 9 11 13 15 17 19 22 23 26 27 29 31 34 36 38 40 42 45 46 48 51 52 55 56 58 60 62 64 66 69 70 72 75 0
1 3 5 7 9 11 13 15 17 19 22 23 26 27 29 31 34 36 38 40 42 45 46 48 50 52 55 56 58 60 62 64 66 68 70 72 75 1
1 3 6 7 9 11 13 15 17 19 22 23 26 27 29 31 34 36 39 40 42 45 46 48 51 52 55 56 58 60 62 64 66 69 70 72 75 1
1 3 6 7 9 11 13 15 17 19 22 23 26 27 29 31 34 36 39 40 42 45 46 48 51 52 55 56 58 60 62 64 66 69 71 72 75 0
1 3 5 7 9 12 13 15 17 19 22 23 26 27 29 31 34 36 39 40 42 45 46 48 51 52 55 56 58 60 63 64 66 69 71 72 75 0
1 3 5 7 9 11 13 15 17 19 22 23 26 27 29 31 34 36 39 40 42 45 46 48 50 52 55 57 58 60 62 64 66 69 70 72 75 1
1 3 5 7 9 11 13 15 17 19 22 23 26 27 29 31 34 36 39 40 42 45 46 48 50 52 55 56 58 60 63 64 66 69 71 72 75 0
1 3 5 7 9 11 13 15 17 19 22 23 26 27 29 31 34 36 39 40 42 45 46 48 50 52 55 56 58 60 62 64 66 68 70 72 75 1
1 3 5 7 9 11 13 15 17 19 22 23 26 27 29 31 34 36 39 40 42 45 46 48 50 52 55 56 58 60 62 64 66 68 71 72 75 0
1 3 5 7 9 11 14 15 17 19 22 23 26 27 29 31 34 36 38 40 42 45 46 48 51 52 55 56 58 60 62 64 66 69 70 72 75 1
1 3 5 7 9 11 14 15 17 19 22 23 26 27 29 31 34 36 38 40 42 45 46 48 50 52 55 56 58 60 62 64 66 68 70 72 75 1
1 3 5 7 9 11 13 15 17 19 21 23 25 28 29 31 34 36 38 40 42 45 46 48 51 52 55 56 58 60 63 64 66 69 70 72 74 1
1 3 5 7 9 11 13 15 17 20 21 24 25 27 29 31 34 36 38 40 42 45 47 48 51 52 54 56 58 60 62 65 66 69 70 73 74 1
1 3 5 7 9 11 13 15 17 20 21 24 25 27 29 31 34 36 38 40 43 45 47 48 51 52 54 56 58 60 62 65 66 69 70 73 74 0
1 3 5 7 9 12 13 15 17 20 21 24 25 27 29 31 34 36 38 40 42 45 47 48 51 52 54 56 58 60 62 65 66 69 70 73 74 0
1 3 5 7 9 12 13 15 17 20 21 24 25 27 29 31 34 36 38 40 43 45 47 48 51 52 54 56 58 60 62 65 66 69 70 73 74 1
1 3 5 7 9 11 13 15 17 20 21 24 25 27 29 32 34 36 38 40 42 45 47 48 51 52 54 56 58 60 62 65 66 68 70 73 74 0
1 3 5 7 9 11 13 15 17 20 21 24 25 27 29 32 34 36 38 40 43 45 47 48 51 52 54 56 58 60 62 65 66 68 70 73 74 1
1 3 5 7 9 12 13 15 17 20 21 24 25 27 29 32 34 36 38 40 42 45 47 48 51 52 54 56 58 60 62 65 66 68 70 73 74 1
1 3 5 7 9 12 13 15 17 20 21 24 25 27 29 32 34 36 38 40 43 45 47 48 51 52 54 56 58 60 62 65 66 68 70 73 74 1
1 3 5 7 9 11 13 15 17 20 21 24 25 27 29 31 34 36 38 40 42 45 47 48 50 52 54 56 58 60 62 65 66 69 70 73 74 1
1 3 5 7 9 11 13 15 17 20 21 24 25 27 29 31 34 36 38 40 43 45 47 48 50 52 54 56 58 60 62 65 66 69 70 73 74 0
1 3 5 7 9 12 13 15 17 20 21 24 25 27 29 31 34 36 38 40 42 45 47 48 50 52 54 56 58 60 62 65 66 69 70 73 74 0
1 3 5 7 9 12 13 15 17 20 21 24 25 27 29 31 34 36 38 40 43 45 47 48 50 52 54 56 58 60 62 65 66 69 70 73 74 1
1 3 5 7 9 11 13 15 17 20 21 24 25 27 29 32 34 36 38 40 42 45 47 48 50 52 54 56 58 60 62 65 66 68 70 73 74 1
1 3 5 7 9 11 13 15 17 20 21 24 25 27 29 32 34 36 38 40 43 45 47 48 50 52 54 56 58 60 62 65 66 68 70 73 74 1
1 3 5 7 9 12 13 15 17 20 21 24 25 27 29 32 34 36 38 40 42 45 47 48 50 52 54 56 58 60 62 65 66 68 70 73 74 0
1 3 5 7 9 12 13 15 17 20 21 24 25 27 29 32 34 36 38 40 43 45 47 48 50 52 54 56 58 60 62 65 66 68 70 73 74 0
1 3 5 7 9 11 13 15 17 20 21 24 25 27 29 32 34 36 38 40 42 45 47 48 51 52 54 56 58 60 62 65 66 68 70 72 74 1
1 3 5 7 9 11 13 15 17 20 21 24 25 27 29 32 34 36 38 40 43 45 47 48 51 52 54 56 58 60 62 65 66 68 70 72 74 1
1 3 5 7 9 12 13 15 17 20 21 24 25 27 29 32 34 36 38 40 42 45 47 48 51 52 54 56 58 60 62 65 66 68 70 72 74 1
1 3 5 7 9 12 13 15 17 20 21 24 25 27 29 32 34 36 38 40 43 45 47 48 51 52 54 56 58 60 62 65 66 68 70 72 74 0
1 3 5 7 9 11 13 15 17 20 21 24 25 27 29 32 34 36 38 40 42 45 47 48 50 52 54 56 58 60 62 65 66 68 70 72 74 1
1 3 5 7 9 11 13 15 17 20 21 24 25 27 29 32 34 36 38 40 43 45 47 48 50 52 54 56 58 60 62 65 66 68 70 72 74 0
1 3 5 7 9 12 13 15 17 20 21 24 25 27 29 32 34 36 38 40 42 45 47 48 50 52 54 56 58 60 62 65 66 68 70 72 74 0
1 3 5 7 9 12 13 15 17 20 21 24 25 27 29 32 34 36 38 40 43 45 47 48 50 52 54 56 58 60 62 65 66 68 70 72 74 1
1 3 5 7 9 11 13 15 17 19 21 24 25 27 29 31 34 36 39 40 42 45 46 48 51 52 54 56 58 60 62 65 66 69 71 73 74 1
1 3 5 7 9 11 13 15 17 19 21 24 25 27 29 31 34 36 39 40 43 45 46 48 51 52 54 56 58 60 62 65 66 69 71 73 74 0
1 3 5 7 9 12 13 15 17 19 21 24 25 27 29 31 34 36 39 40 42 45 46 48 51 52 54 56 58 60 62 65 66 69 71 73 74 0
1 3 5 7 9 11 13 15 17 19 21 24 25 27 29 32 34 36 39 40 42 45 46 48 51 52 54 56 58 60 62 65 66 68 71 73 74 1
1 3 5 7 9 11 13 15 17 19 21 24 25 27 29 32 34 36 39 40 43 45 46 48 51 52 54 56 58 60 62 65 66 68 71 73 74 1
1 3 5 7 9 12 13 15 17 19 21 24 25 27 29 32 34 36 39 40 42 45 46 48 51 52 54 56 58 60 62 65 66 68 71 73 74 1
1 3 5 7 9 11 13 15 17 20 21 24 25 27 29 31 34 36 39 40 43 45 47 48 51 52 54 56 58 60 62 65 66 69 70 73 74 0
1 3 5 7 9 12 13 15 17 20 21 24 25 27 29 31 34 36 39 40 43 45 47 48 51 52 54 56 58 60 62 65 66 69 70 73 74 1
1 3 6 7 9 12 13 15 17 20 21 24 25 27 29 31 34 36 39 40 43 45 47 48 51 52 54 57 58 60 63 65 66 69 71 73 74 1
1 3 6 7 9 11 13 15 17 20 21 24 25 27 29 31 35 36 39 40 43 45 47 48 51 52 54 57 58 60 63 65 66 69 71 73 74 0
1 3 6 7 9 12 13 15 17 20 21 24 25 27 29 31 35 36 39 40 43 45 47 48 51 52 54 57 58 60 63 65 66 69 71 73 74 1
1 3 5 7 9 11 13 15 17 20 21 24 25 27 29 32 34 36 39 40 43 45 47 48 51 52 54 56 58 60 62 65 66 68 70 73 74 1
1 3 5 7 9 12 13 15 17 20 21 24 25 27 29 32 34 36 39 40 43 45 47 48 51 52 54 56 58 60 62 65 66 68 70 73 74 1
1 3 5 7 9 11 13 15 17 19 21 24 25 27 29 31 34 36 39 40 42 45 46 48 50 52 54 56 58 60 62 65 66 69 71 73 74 0
1 3 5 7 9 11 13 15 17 19 21 24 25 27 29 31 34 36 39 40 43 45 46 48 50 52 54 56 58 60 62 65 66 69 71 73 74 0
1 3 5 7 9 12 13 15 17 19 21 24 25 27 29 31 34 36 39 40 42 45 46 48 50 52 54 56 58 60 62 65 66 69 71 73 74 0
1 3 5 7 10 12 13 15 17 19 21 24 25 27 29 31 34 36 39 40 42 45 46 48 50 52 54 56 58 60 62 65 66 69 71 73 74 1
1 3 5 7 9 12 13 15 17 19 21 24 25 27 29 31 34 36 39 40 43 45 46 48 50 52 54 56 58 60 62 65 66 69 71 73 74 0
1 3 5 7 10 12 13 15 17 19 21 24 25 27 29 31 34 36 39 40 43 45 46 48 50 52 54 56 58 60 62 65 66 69 71 73 74 0
1 3 5 7 9 11 13 15 17 19 21 24 25 27 29 32 34 36 39 40 42 45 46 48 50 52 54 56 58 60 62 65 66 68 71 73 74 0
1 3 5 7 9 11 13 15 17 19 21 24 25 27 29 32 34 36 39 40 43 45 46 48 50 52 54 56 58 60 62 65 66 68 71 73 74 1
1 3 5 7 9 12 13 15 17 19 21 24 25 27 29 32 34 36 39 40 42 45 46 48 50 52 54 56 58 60 62 65 66 68 71 73 74 0
1 3 5 7 10 12 13 15 17 19 21 24 25 27 29 32 34 36 39 40 42 45 46 48 50 52 54 56 58 60 62 65 66 68 71 73 74 1
1 3 5 7 9 12 13 15 17 19 21 24 25 27 29 32 34 36 39 40 43 45 46 48 50 52 54 56 58 60 62 65 66 68 71 73 74 0
1 3 5 7 10 12 13 15 17 19 21 24 25 27 29 32 34 36 39 40 43 45 46 48 50 52 54 56 58 60 62 65 66 68 71 73 74 0
1 3 5 7 9 11 13 15 17 20 21 24 25 27 29 31 34 36 39 40 43 45 47 48 50 52 54 56 58 60 62 65 66 69 70 73 74 0
1 3 5 7 9 12 13 15 17 20 21 24 25 27 29 31 34 36 39 40 43 45 47 48 50 52 54 56 58 60 62 65 66 69 70 73 74 1
1 3 6 7 9 11 13 15 17 20 21 24 25 27 29 31 34 36 39 40 43 45 47 48 50 52 54 57 58 60 63 65 66 69 71 73 74 0
1 3 6 7 9 12 13 15 17 20 21 24 25 27 29 31 34 36 39 40 43 45 47 48 50 52 54 56 58 60 63 65 66 69 71 73 74 0
1 3 6 7 9 11 13 15 17 20 21 24 25 27 29 31 35 36 39 40 43 45 47 48 50 52 54 57 58 60 63 65 66 69 71 73 74 0
1 3 6 7 9 12 13 15 17 20 21 24 25 27 29 31 35 36 39 40 43 45 47 48 50 52 54 56 58 60 63 65 66 69 71 73 74 1
1 3 5 7 9 11 13 15 17 20 21 24 25 27 29 32 34 36 39 40 43 45 47 48 50 52 54 56 58 60 62 65 66 68 70 73 74 1
1 3 5 7 9 12 13 15 17 20 21 24 25 27 29 32 34 36 39 40 43 45 47 48 50 52 54 56 58 60 62 65 66 68 70 73 74 1
1 3 6 7 9 12 13 15 17 20 21 23 25 27 29 32 34 36 39 40 43 45 47 48 51 52 54 56 58 60 62 65 67 68 71 73 74 0
1 3 6 7 9 11 13 15 17 20 21 23 25 27 29 32 35 36 39 40 43 45 47 48 51 52 54 56 58 60 62 65 67 68 71 73 74 1
1 3 6 7 9 12 13 15 17 20 21 23 25 27 29 32 35 36 39 40 43 45 47 48 51 52 54 56 58 60 62 65 67 68 71 73 74 0
1 3 6 7 9 11 13 15 17 20 21 23 25 27 29 32 34 36 39 40 43 45 47 48 50 52 54 56 58 60 62 65 67 68 71 73 74 1
1 3 6 7 10 11 13 15 17 20 21 23 25 27 29 32 34 36 39 40 43 45 47 48 50 52 54 56 58 60 62 65 67 68 71 73 74 1
1 3 6 7 9 12 13 15 17 20 21 23 25 27 29 32 34 36 39 40 43 45 47 48 50 52 54 56 58 60 62 65 67 68 71 73 74 1
1 3 6 7 9 11 13 15 17 20 21 23 25 27 29 32 35 36 39 40 43 45 47 48 50 52 54 56 58 60 62 65 67 68 71 73 74 0
1 3 6 7 10 11 13 15 17 20 21 23 25 27 29 32 35 36 39 40 43 45 47 48 50 52 54 56 58 60 62 65 67 68 71 73 74 0
1 3 6 7 9 12 13 15 17 20 21 23 25 27 29 32 35 36 39 40 43 45 47 48 50 52 54 56 58 60 62 65 67 68 71 73 74 0
1 3 5 7 9 11 13 15 17 19 21 24 25 27 29 32 34 36 39 40 42 45 46 48 51 52 54 56 58 60 62 65 66 68 71 72 74 0
1 3 5 7 9 11 13 15 17 19 21 24 25 27 29 32 34 36 39 40 43 45 46 48 51 52 54 56 58 60 62 65 66 68 71 72 74 1
1 3 5 7 9 12 13 15 17 19 21 24 25 27 29 32 34 36 39 40 42 45 46 48 51 52 54 56 58 60 62 65 66 68 71 72 74 0
1 3 6 7 9 11 13 15 17 20 21 24 25 27 29 32 34 36 39 40 43 45 47 48 51 52 54 56 58 60 62 65 66 68 71 72 74 1
1 3 6 7 9 12 13 15 17 20 21 24 25 27 29 32 34 36 39 40 43 45 47 48 51 52 54 56 58 60 62 65 66 68 71 72 74 0
1 3 6 7 9 11 13 15 17 20 21 24 25 27 29 32 35 36 39 40 43 45 47 48 51 52 54 56 58 60 62 65 66 68 71 72 74 1
1 3 5 7 9 11 13 15 17 19 21 24 25 27 29 32 34 36 39 40 42 45 46 48 50 52 54 56 58 60 62 65 66 68 71 72 74 1
1 3 5 7 9 11 13 15 17 19 21 24 25 27 29 32 34 36 39 40 43 45 46 48 50 52 54 56 58 60 62 65 66 68 71 72 74 1
1 3 5 7 9 12 13 15 17 19 21 24 25 27 29 32 34 36 39 40 42 45 46 48 50 52 54 56 58 60 62 65 66 68 71 72 74 1
1 3 5 7 10 12 13 15 17 19 21 24 25 27 29 32 34 36 39 40 42 45 46 48 50 52 54 56 58 60 62 65 66 68 71 72 74 1
1 3 5 7 9 12 13 15 17 19 21 24 25 27 29 32 34 36 39 40 43 45 46 48 50 52 54 56 58 60 62 65 66 68 71 72 74 0
1 3 5 7 10 12 13 15 17 19 21 24 25 27 29 32 34 36 39 40 43 45 46 48 50 52 54 56 58 60 62 65 66 68 71 72 74 0
1 3 6 7 9 11 13 15 17 20 21 24 25 27 29 32 34 36 39 40 43 45 47 48 50 52 54 56 58 60 62 65 66 68 71 72 74 1
1 3 6 7 9 12 13 15 17 20 21 24 25 27 29 32 34 36 39 40 43 45 47 48 50 52 54 56 58 60 62 65 66 68 71 72 74 0
1 3 6 7 10 12 13 15 17 20 21 24 25 27 29 32 34 36 39 40 43 45 47 48 50 52 54 56 58 60 62 65 66 68 71 72 74 1
1 3 6 7 9 11 13 15 17 20 21 24 25 27 29 32 35 36 39 40 43 45 47 48 50 52 54 56 58 60 62 65 66 68 71 72 74 1
1 3 5 7 9 11 14 15 17 20 21 24 25 27 29 31 34 36 38 40 43 45 47 48 51 52 54 56 58 60 62 65 66 69 70 73 74 0
1 3 5 7 9 11 14 15 17 20 21 24 25 27 29 32 34 36 38 40 43 45 47 48 51 52 54 56 58 60 62 65 66 68 70 73 74 0
1 3 5 7 9 11 14 15 17 20 21 24 25 27 29 31 34 36 38 40 42 45 47 48 50 52 54 56 58 60 62 65 66 69 70 73 74 1
1 3 5 7 9 11 14 15 17 20 21 24 25 27 29 31 34 36 38 40 43 45 47 48 50 52 54 56 58 60 62 65 66 69 70 73 74 0
1 3 5 7 9 11 14 15 17 20 21 24 25 27 29 32 34 36 38 40 42 45 47 48 50 52 54 56 58 60 62 65 66 68 70 73 74 0
1 3 5 7 9 11 14 15 17 20 21 24 25 27 29 32 34 36 38 40 43 45 47 48 50 52 54 56 58 60 62 65 66 68 70 73 74 0
1 3 5 7 9 11 14 15 17 20 21 24 25 27 29 32 34 36 38 40 42 45 47 48 51 52 54 56 58 60 62 65 66 68 70 72 74 0
1 3 5 7 9 11 14 15 17 20 21 24 25 27 29 32 34 36 38 40 42 45 47 48 50 52 54 56 58 60 62 65 66 68 70 72 74 0
1 3 5 7 9 11 14 15 17 20 21 24 25 27 29 32 34 36 38 40 43 45 47 48 50 52 54 56 58 60 62 65 66 68 70 72 74 0
1 4 5 7 9 12 14 15 17 20 21 24 25 27 29 31 34 36 38 40 42 45 47 48 50 52 54 56 58 60 62 65 66 69 70 73 74 1
1 4 5 7 9 12 14 15 17 20 21 24 25 27 29 32 34 36 38 40 42 45 47 48 50 52 54 56 58 60 62 65 66 68 70 73 74 0
1 4 5 7 9 12 14 15 17 20 21 24 25 27 29 32 34 36 38 40 42 45 47 48 50 52 54 56 58 60 62 65 66 68 70 72 74 1
1 3 5 7 9 11 14 15 17 19 21 24 25 27 29 31 34 36 39 40 42 45 46 48 51 52 54 56 58 60 62 65 66 69 71 73 74 0
1 3 5 7 9 11 14 15 17 19 21 24 25 27 29 31 34 36 39 40 43 45 46 48 51 52 54 56 58 60 62 65 66 69 71 73 74 1
1 3 5 7 9 11 14 15 17 19 21 24 25 27 29 32 34 36 39 40 42 45 46 48 51 52 54 56 58 60 62 65 66 68 71 73 74 0
1 3 5 7 9 11 14 15 17 19 21 24 25 27 29 32 34 36 39 40 43 45 46 48 51 52 54 56 58 60 62 65 66 68 71 73 74 1
1 3 5 7 9 11 14 15 17 19 21 24 25 27 29 31 34 36 39 40 42 45 46 48 50 52 54 56 58 60 62 65 66 69 71 73 74 1
1 3 5 7 9 11 14 15 17 19 21 24 25 27 29 31 34 36 39 40 43 45 46 48 50 52 54 56 58 60 62 65 66 69 71 73 74 1
1 3 5 7 9 11 14 16 17 19 21 24 25 27 29 31 34 36 39 40 43 45 46 48 50 52 54 56 58 60 62 65 66 69 71 73 74 1
1 3 5 7 9 11 14 15 17 19 21 24 25 27 29 32 34 36 39 40 42 45 46 48 50 52 54 56 58 60 62 65 66 68 71 73 74 1
1 3 5 7 9 11 14 15 17 19 21 24 25 27 29 32 34 36 39 40 43 45 46 48 50 52 54 56 58 60 62 65 66 68 71 73 74 1
1 3 5 7 9 11 14 15 17 20 21 24 25 27 29 31 34 36 39 40 43 45 47 48 50 52 54 56 58 60 62 65 66 69 70 73 74 0
1 3 6 7 9 11 14 15 17 20 21 24 25 27 29 31 34 36 39 40 43 45 47 48 50 52 54 56 58 60 63 65 66 69 71 73 74 1
1 3 6 7 10 11 14 15 17 20 21 24 25 27 29 31 34 36 39 40 43 45 47 48 50 52 54 57 58 60 63 65 66 69 71 73 74 0
1 3 6 7 10 11 14 15 17 20 21 24 25 27 29 31 35 36 39 40 43 45 47 48 50 52 54 57 58 60 63 65 66 69 71 73 74 1
1 3 5 7 9 11 14 15 17 20 21 24 25 27 29 32 34 36 39 40 43 45 47 48 50 52 54 56 58 60 62 65 66 68 70 73 74 1
1 3 5 7 9 11 14 15 17 19 21 24 25 27 29 32 34 36 39 40 42 45 46 48 51 52 54 56 58 60 62 65 66 68 71 72 74 1
1 3 5 7 9 11 14 15 17 19 21 24 25 27 29 32 34 36 39 40 42 45 46 48 50 52 54 56 58 60 62 65 66 68 71 72 74 0
1 3 5 7 9 11 14 15 17 19 21 24 25 27 29 32 34 36 39 40 43 45 46 48 50 52 54 56 58 60 62 65 66 68 71 72 74 1
1 3 5 7 9 12 14 16 17 19 21 24 25 27 29 32 34 36 39 40 43 45 46 48 50 52 54 56 58 60 62 65 66 68 71 72 74 1
1 3 6 7 9 11 14 15 17 20 21 24 25 27 29 32 34 36 39 40 43 45 47 48 50 52 54 56 58 60 62 65 66 68 71 72 74 1
1 3 6 7 10 11 14 15 17 20 21 24 25 27 29 32 34 36 39 40 43 45 47 48 50 52 54 56 58 60 62 65 66 68 71 72 74 1
1 3 6 7 9 11 14 15 17 20 21 24 25 27 29 32 35 36 39 40 43 45 47 48 50 52 54 56 58 60 62 65 66 68 71 72 74 0
1 3 6 7 10 11 14 15 17 20 21 24 25 27 29 32 35 36 39 40 43 45 47 48 50 52 54 56 58 60 62 65 66 68 71 72 74 0
1 4 5 8 9 11 14 15 17 19 21 24 25 27 29 32 34 36 39 40 42 45 46 48 51 52 54 56 58 60 62 65 66 69 71 73 74 0
1 4 5 7 10 11 14 15 17 19 21 24 25 27 29 32 34 36 39 40 42 45 46 48 51 52 54 56 58 60 62 65 66 69 71 73 74 1
1 4 5 7 10 11 14 15 17 19 21 24 25 27 29 32 34 36 39 40 42 45 46 48 50 52 54 56 58 60 62 65 66 69 71 73 74 0
1 4 5 7 9 12 14 15 17 19 21 24 25 27 29 31 34 36 39 40 42 45 46 48 50 52 54 56 58 60 62 65 66 69 71 73 74 1
1 4 5 7 9 12 14 15 17 19 21 24 25 27 29 32 34 36 39 40 42 45 46 48 50 52 54 56 58 60 62 65 66 68 71 73 74 0
1 4 5 8 9 11 14 15 17 19 21 24 25 27 29 32 34 36 39 40 42 45 46 48 51 52 54 57 58 60 62 65 66 69 71 72 74 0
1 4 5 7 10 11 14 15 17 19 21 24 25 27 29 32 34 36 39 40 42 45 46 48 51 52 54 57 58 60 62 65 66 69 71 72 74 1
1 4 5 7 10 11 14 15 17 19 21 24 25 27 29 32 34 36 39 40 42 45 46 48 50 52 54 57 58 60 62 65 66 69 71 72 74 1
1 4 5 7 9 12 14 15 17 19 21 24 25 27 29 32 34 36 39 40 42 45 46 48 50 52 54 56 58 60 62 65 66 68 71 72 74 1
1 3 5 7 9 11 13 15 17 19 21 23 25 27 29 31 34 36 39 40 42 45 46 48 51 52 55 56 58 60 63 64 66 69 71 72 74 1
1 3 5 7 9 11 13 15 17 19 21 23 25 27 29 31 34 36 39 40 42 45 46 48 51 52 55 56 58 60 63 64 66 68 71 72 74 1
1 3 5 7 9 11 13 15 17 20 21 23 25 27 29 31 34 36 39 40 42 45 47 48 51 52 55 56 58 60 62 64 66 69 70 72 74 0
1 3 6 7 9 11 13 15 17 20 21 23 25 27 29 31 34 36 39 40 42 45 47 48 51 52 55 56 58 60 62 64 66 68 71 72 74 0
1 3 6 7 9 11 13 15 17 20 21 23 25 27 29 31 34 36 39 40 42 45 47 48 50 52 55 56 58 60 62 64 66 68 71 72 74 0
1 3 6 7 9 12 13 15 17 20 21 23 25 27 29 31 34 36 39 40 42 45 47 48 50 52 55 56 58 60 62 64 66 68 71 72 74 0
1 3 6 7 9 11 14 15 17 19 21 23 25 27 29 31 34 36 39 40 42 45 46 48 51 52 55 56 58 60 62 64 66 69 71 72 74 0
1 3 5 7 9 12 14 16 17 19 21 23 25 27 29 31 34 36 39 40 42 45 46 48 51 52 55 56 58 60 62 64 66 69 71 72 74 1
1 3 5 7 10 12 14 15 17 19 21 23 25 27 29 31 34 36 39 40 42 45 46 48 50 52 55 56 58 60 62 64 66 69 71 72 74 0
1 3 5 7 10 12 14 15 17 19 21 23 25 27 29 31 34 36 39 40 42 45 46 48 50 52 55 56 58 60 62 64 66 68 71 72 74 0
1 3 6 7 9 11 14 15 17 20 21 23 25 27 29 31 34 36 39 40 42 45 47 48 50 52 55 56 58 60 62 64 66 68 71 72 74 1
1 3 6 7 10 12 14 15 17 20 21 23 25 27 29 31 34 36 39 40 42 45 47 48 50 52 55 56 58 60 62 64 66 68 71 72 74 1
1 3 6 7 9 11 14 15 17 20 21 23 25 27 29 31 35 36 39 40 42 45 47 48 50 52 55 56 58 60 62 64 66 68 71 72 74 1
1 3 6 7 10 12 14 15 17 20 21 23 25 27 29 31 35 36 39 40 42 45 47 48 50 52 55 56 58 60 62 64 66 68 71 72 74 0
1 3 5 7 9 11 13 15 17 19 21 23 26 28 29 31 34 36 38 40 42 45 46 48 51 52 55 56 58 60 62 64 66 69 70 72 74 1
1 3 5 7 9 11 14 15 17 19 21 23 26 28 29 31 34 36 38 40 42 45 46 48 51 52 55 56 58 60 62 64 66 69 70 72 74 0
1 3 5 7 9 11 13 15 17 20 21 23 26 27 29 31 34 36 38 40 42 45 47 48 51 52 55 56 58 60 62 64 66 69 70 72 74 0
1 3 5 7 9 11 13 15 17 20 21 23 26 27 29 31 34 36 38 40 42 45 47 48 50 52 55 56 58 60 62 64 66 69 70 72 74 0
1 3 5 7 9 11 13 15 17 20 21 23 26 27 29 31 34 36 38 40 42 45 47 48 50 52 55 56 58 60 62 64 66 68 70 72 74 0
1 3 5 7 9 11 13 15 17 19 21 23 26 27 29 31 34 36 39 40 42 45 46 48 51 52 55 56 58 60 62 64 66 69 71 72 74 0
1 3 5 7 9 11 13 15 17 19 21 23 26 27 29 31 34 36 39 40 42 45 46 48 50 52 55 56 58 60 62 64 66 69 71 72 74 1
1 3 5 7 9 11 13 15 17 20 21 23 26 27 29 31 34 36 39 40 42 45 47 48 50 52 55 56 58 60 62 64 66 69 70 72 74 0
1 3 6 7 9 11 13 15 17 20 21 23 26 27 29 31 34 36 39 40 42 45 47 48 50 52 55 56 58 60 62 64 66 68 71 72 74 1
1 3 5 7 9 11 14 15 17 20 21 23 26 27 29 31 34 36 38 40 42 45 47 48 50 52 55 56 58 60 62 64 66 69 70 72 74 1
1 3 5 7 9 11 14 15 17 20 21 23 26 27 29 31 34 36 38 40 42 45 47 48 50 52 55 56 58 60 62 64 66 68 70 72 74 1
1 3 5 7 9 11 14 15 17 19 21 23 26 27 29 31 34 36 39 40 42 45 46 48 51 52 55 56 58 60 62 64 66 69 71 72 74 0
1 3 5 7 9 12 13 15 17 19 21 23 25 27 29 31 34 36 39 40 42 45 46 48 51 52 54 56 58 60 62 64 66 69 71 72 75 0
1 3 5 7 9 11 13 15 17 19 21 23 25 27 29 31 34 36 39 40 42 45 46 48 51 52 54 57 58 60 63 64 66 69 71 72 75 1
1 3 5 7 9 11 13 15 17 20 21 23 25 27 29 31 34 36 39 40 42 45 47 48 51 52 54 56 58 60 62 64 66 69 70 72 75 1
1 3 5 7 9 11 13 15 17 19 21 23 25 27 29 31 34 36 39 40 42 45 46 48 50 52 54 57 58 60 63 64 66 69 71 72 75 1
1 3 5 7 9 12 13 15 17 19 21 23 25 27 29 31 34 36 39 40 42 45 46 48 50 52 54 57 58 60 63 64 66 69 71 72 75 1
1 3 5 7 9 11 13 15 17 20 21 23 25 27 29 31 34 36 39 40 42 45 47 48 50 52 54 56 58 60 62 64 66 69 70 72 75 1
1 3 5 7 9 11 14 15 17 19 21 23 25 27 29 31 34 36 39 40 42 45 46 48 51 52 54 56 58 60 63 64 66 69 71 72 75 1
1 3 5 8 9 11 14 15 17 19 21 23 25 27 29 31 34 36 39 40 42 45 46 48 51 52 54 56 58 60 62 64 66 68 71 72 75 0
1 3 5 7 10 11 14 15 17 19 21 23 25 27 29 31 34 36 39 40 42 45 46 48 51 52 54 56 58 60 62 64 66 68 71 72 75 0
1 3 5 7 10 12 14 15 17 19 21 23 25 27 29 31 34 36 39 40 42 45 46 48 50 52 54 56 58 60 62 64 66 69 71 72 75 1
1 3 5 7 9 11 14 15 17 19 21 23 25 27 29 31 34 36 39 40 42 45 46 48 50 52 54 56 58 60 63 64 66 69 71 72 75 1
1 3 5 7 10 12 14 15 17 19 21 23 25 27 29 31 34 36 39 40 42 45 46 48 50 52 54 57 58 60 63 64 66 69 71 72 75 1
1 3 5 7 10 11 14 15 17 19 21 23 25 27 29 31 34 36 39 40 42 45 46 48 50 52 54 56 58 60 62 64 66 68 71 72 75 1
1 3 5 7 9 11 14 15 17 20 21 23 25 27 29 31 34 36 39 40 42 45 47 48 50 52 54 56 58 60 62 64 66 69 70 72 75 1
1 3 5 7 9 11 13 15 17 20 21 23 25 27 29 31 34 36 38 40 42 45 47 48 51 52 55 56 58 60 62 64 66 69 70 72 75 1
1 3 5 7 9 11 13 15 17 20 21 23 25 27 29 31 34 36 38 40 42 45 47 48 50 52 55 56 58 60 62 64 66 69 70 72 75 0
1 3 5 7 9 11 13 15 17 19 21 23 25 27 29 31 34 36 39 40 42 45 46 48 51 52 55 56 58 60 62 64 66 69 71 72 75 0
1 3 5 7 9 11 13 15 17 19 21 23 25 27 29 31 34 36 39 40 42 45 46 48 51 52 55 57 58 60 62 64 66 69 71 72 75 0
1 3 5 7 9 12 13 15 17 19 21 23 25 27 29 31 34 36 39 40 42 45 46 48 51 52 55 57 58 60 62 64 66 69 71 72 75 1
1 3 5 7 9 11 13 15 17 19 21 23 25 27 29 31 34 36 39 40 42 45 46 48 51 52 55 56 58 60 63 64 66 69 71 72 75 1
1 3 5 7 9 11 13 15 17 20 21 23 25 27 29 31 34 36 39 40 42 45 47 48 51 52 55 56 58 60 62 64 66 69 70 72 75 0
1 3 6 7 9 11 13 15 17 20 21 23 25 27 29 31 34 36 39 40 42 45 47 48 51 52 55 56 58 60 62 64 66 69 71 72 75 0
1 3 6 7 9 12 13 15 17 20 21 23 25 27 29 31 35 36 39 40 42 45 47 48 51 52 55 56 58 60 62 64 66 69 71 72 75 1
1 3 6 7 9 11 13 15 17 20 21 23 25 27 29 31 34 36 39 40 42 45 47 48 51 52 55 56 58 60 63 64 66 69 71 72 75 0
1 3 6 7 9 11 13 15 17 20 21 23 25 27 29 31 35 36 39 40 42 45 47 48 51 52 55 56 58 60 63 64 66 69 71 72 75 1
1 3 5 7 9 11 13 15 17 20 21 23 25 27 29 31 34 36 39 40 42 45 47 48 51 52 55 56 58 60 62 64 66 68 70 72 75 1
1 3 6 7 9 11 13 15 17 19 21 23 25 27 29 31 34 36 39 40 42 45 46 48 50 52 55 56 58 60 62 64 66 69 70 72 75 0
1 3 5 7 9 12 13 15 17 19 21 23 25 27 29 31 34 36 39 40 42 45 46 48 50 52 55 56 58 60 62 64 66 69 71 72 75 0
1 3 5 7 9 12 13 15 17 19 21 23 25 27 29 31 34 36 39 40 42 45 46 48 50 52 55 57 58 60 62 64 66 69 71 72 75 1
1 3 5 7 9 11 13 15 17 19 21 23 25 27 29 31 34 36 39 40 42 45 46 48 50 52 55 56 58 60 63 64 66 69 71 72 75 0
1 3 5 7 9 11 13 15 17 19 21 23 25 27 29 31 34 36 39 40 42 45 46 48 50 52 55 57 58 60 63 64 66 69 71 72 75 0
1 3 5 7 9 12 13 15 17 19 21 23 25 27 29 31 34 36 39 40 42 45 46 48 50 52 55 56 58 60 63 64 66 69 71 72 75 1
1 3 5 7 9 12 13 15 17 19 21 23 25 27 29 31 34 36 39 40 42 45 46 48 50 52 55 57 58 60 63 64 66 69 71 72 75 1
1 3 5 7 9 11 13 15 17 20 21 23 25 27 29 31 34 36 39 40 42 45 47 48 50 52 55 56 58 60 62 64 66 69 70 72 75 0
1 3 6 7 9 11 13 15 17 20 21 23 25 27 29 31 34 36 39 40 42 45 47 48 50 52 55 56 58 60 62 64 66 69 71 72 75 0
1 3 6 7 9 12 13 15 17 20 21 23 25 27 29 31 34 36 39 40 42 45 47 48 50 52 55 56 58 60 62 64 66 69 71 72 75 0
1 3 6 7 9 11 13 15 17 20 21 23 25 27 29 31 34 36 39 40 42 45 47 48 50 52 55 56 58 60 63 64 66 69 71 72 75 1
1 3 6 7 9 12 13 15 17 20 21 23 25 27 29 31 34 36 39 40 42 45 47 48 50 52 55 56 58 60 63 64 66 69 71 72 75 0
1 3 5 7 9 11 13 15 17 20 21 23 25 27 29 31 34 36 39 40 42 45 47 48 50 52 55 56 58 60 62 64 66 68 70 72 75 1
1 3 5 7 9 11 14 15 17 20 21 23 25 27 29 31 34 36 38 40 42 45 47 48 51 52 55 56 58 60 62 64 66 69 70 72 75 0
1 3 6 7 9 11 14 15 17 19 21 23 25 27 29 31 35 36 38 40 42 45 46 48 50 52 55 56 58 60 62 64 66 69 70 72 75 1
1 3 5 7 9 11 14 15 17 20 21 23 25 27 29 31 34 36 38 40 42 45 47 48 50 52 55 56 58 60 62 64 66 69 70 72 75 1
1 3 5 7 9 11 14 15 17 19 21 23 25 27 29 31 34 36 39 40 42 45 46 48 51 52 55 56 58 60 62 64 66 69 71 72 75 0
1 3 5 8 9 11 14 15 17 19 21 23 25 27 29 31 34 36 39 40 42 45 46 48 51 52 55 56 58 60 62 64 66 69 71 72 75 1
1 3 5 7 10 11 14 15 17 19 21 23 25 27 29 31 34 36 39 40 42 45 46 48 51 52 55 56 58 60 62 64 66 69 71 72 75 0
1 3 5 7 9 11 14 16 17 19 21 23 25 27 29 31 34 36 39 40 42 45 46 48 51 52 55 56 58 60 62 64 66 69 71 72 75 0
1 3 5 8 9 11 14 15 17 19 21 23 25 27 29 31 34 36 39 40 42 45 46 48 51 52 55 56 58 60 62 64 66 68 71 72 75 1
1 3 5 7 10 11 14 15 17 19 21 23 25 27 29 31 34 36 39 40 42 45 46 48 51 52 55 56 58 60 62 64 66 68 71 72 75 0
1 3 5 7 9 12 14 16 17 19 21 23 25 27 29 31 34 36 39 40 42 45 46 48 51 52 55 56 58 60 62 64 66 68 71 72 75 0
1 3 6 7 9 11 14 15 17 19 21 23 25 27 29 31 34 36 39 40 42 45 46 48 50 52 55 56 58 60 62 64 66 69 70 72 75 1
1 3 5 7 10 11 14 15 17 19 21 23 25 27 29 31 34 36 39 40 42 45 46 48 50 52 55 56 58 60 62 64 66 69 71 72 75 0
1 3 5 7 9 12 14 15 17 19 21 23 25 27 29 31 34 36 39 40 42 45 46 48 50 52 55 56 58 60 62 64 66 69 71 72 75 0
1 3 5 7 10 12 14 15 17 19 21 23 25 27 29 31 34 36 39 40 42 45 46 48 50 52 55 56 58 60 62 64 66 69 71 72 75 0
1 3 5 7 10 12 14 15 17 19 21 23 25 27 29 31 34 36 39 40 42 45 46 48 50 52 55 57 58 60 62 64 66 69 71 72 75 1
1 3 5 7 9 11 14 15 17 19 21 23 25 27 29 31 34 36 39 40 42 45 46 48 50 52 55 56 58 60 63 64 66 69 71 72 75 1
1 3 5 7 10 12 14 15 17 19 21 23 25 27 29 31 34 36 39 40 42 45 46 48 50 52 55 56 58 60 63 64 66 69 71 72 75 1
1 3 5 7 9 12 14 16 17 19 21 23 25 27 29 31 34 36 39 40 42 45 46 48 50 52 55 56 58 60 63 64 66 69 71 72 75 0
1 3 5 7 10 11 14 15 17 19 21 23 25 27 29 31 34 36 39 40 42 45 46 48 50 52 55 56 58 60 62 64 66 68 71 72 75 0
1 3 5 7 10 12 14 15 17 19 21 23 25 27 29 31 34 36 39 40 42 45 46 48 50 52 55 56 58 60 62 64 66 68 71 72 75 1
1 3 5 7 9 11 14 15 17 20 21 23 25 27 29 31 34 36 39 40 42 45 47 48 50 52 55 56 58 60 62 64 66 69 70 72 75 0
1 3 6 7 9 11 14 15 17 20 21 23 25 27 29 31 34 36 39 40 42 45 47 48 50 52 55 56 58 60 62 64 66 69 71 72 75 1
1 3 6 7 10 12 14 15 17 20 21 23 25 27 29 31 34 36 39 40 42 45 47 48 50 52 55 56 58 60 62 64 66 69 71 72 75 1
1 3 6 7 10 12 14 15 17 20 21 23 25 27 29 31 35 36 39 40 42 45 47 48 50 52 55 56 58 60 62 64 66 69 71 72 75 1
1 3 6 7 9 11 14 15 17 20 21 23 25 27 29 31 34 36 39 40 42 45 47 48 50 52 55 56 58 60 63 64 66 69 71 72 75 1
1 3 6 7 10 12 14 15 17 20 21 23 25 27 29 31 34 36 39 40 42 45 47 48 50 52 55 56 58 60 63 64 66 69 71 72 75 0
1 3 6 7 9 11 14 15 17 20 21 23 25 27 29 31 35 36 39 40 42 45 47 48 50 52 55 56 58 60 63 64 66 69 71 72 75 1
1 3 5 7 9 11 14 15 17 20 21 23 25 27 29 31 34 36 39 40 42 45 47 48 50 52 55 56 58 60 62 64 66 68 70 72 75 0
1 3 5 7 9 11 13 15 17 20 21 23 26 27 29 31 34 36 38 40 42 45 47 48 50 52 54 56 58 60 62 64 66 69 70 72 75 0
1 3 5 7 9 11 13 15 17 19 21 23 26 27 29 31 34 36 39 40 42 45 46 48 50 52 54 56 58 60 62 64 66 69 71 72 75 0
1 3 5 7 9 11 13 15 17 19 21 23 26 27 29 31 34 36 39 40 42 45 46 48 50 52 54 57 58 60 63 64 66 69 71 72 75 0
1 3 5 7 9 11 13 15 17 20 21 23 26 27 29 31 34 36 39 40 42 45 47 48 50 52 54 56 58 60 62 64 66 69 70 72 75 0
1 3 5 7 9 11 14 15 17 20 21 23 26 27 29 31 34 36 38 40 42 45 47 48 50 52 54 56 58 60 62 64 66 69 70 72 75 0
1 3 5 7 9 11 14 15 17 19 21 23 26 27 29 31 34 36 39 40 42 45 46 48 50 52 54 56 58 60 63 64 66 69 71 72 75 0
1 3 5 7 9 11 13 15 17 20 21 23 26 27 29 31 34 36 38 40 42 45 47 48 50 52 55 56 58 60 62 64 66 69 70 72 75 1
1 3 5 7 9 11 13 15 17 19 21 23 26 27 29 31 34 36 39 40 42 45 46 48 50 52 55 56 58 60 62 64 66 69 71 72 75 0
1 3 6 7 9 11 13 15 17 20 21 23 26 27 29 31 35 36 39 40 42 45 47 48 50 52 55 56 58 60 62 64 66 69 71 72 75 0
1 3 6 7 9 11 13 15 17 20 21 23 26 27 29 31 35 36 39 40 42 45 47 48 50 52 55 56 58 60 63 64 66 69 71 72 75 1
1 3 5 7 9 11 14 15 17 20 21 23 26 27 29 31 34 36 38 40 42 45 47 48 50 52 55 56 58 60 62 64 66 69 70 72 75 1
1 3 5 7 9 11 14 15 17 19 21 23 26 27 29 31 34 36 39 40 42 45 46 48 50 52 55 56 58 60 63 64 66 69 71 72 75 1
2 3 5 7 9 11 13 15 17 19 22 24 25 28 29 33 34 36 38 40 42 44 46 48 51 52 54 56 58 60 62 64 66 69 70 73 74 1
2 3 5 7 9 11 13 15 17 19 22 23 25 28 29 31 34 36 38 40 42 44 46 48 51 52 54 56 58 60 62 64 67 69 70 73 74 0
2 3 5 7 9 11 13 15 17 19 22 23 25 28 29 31 34 36 38 40 43 44 46 48 51 52 54 56 58 60 62 64 67 68 70 73 74 1
2 3 5 7 9 11 13 16 17 19 22 23 25 28 29 31 34 36 38 40 42 44 46 48 50 52 54 56 58 60 62 64 67 69 70 73 74 0
2 3 5 7 9 11 13 15 17 19 22 23 25 28 29 31 34 36 38 40 43 44 46 48 50 52 54 56 58 60 62 64 67 68 70 73 74 0
2 3 5 7 9 11 13 15 17 19 22 24 25 28 29 33 34 37 38 40 42 44 46 48 50 52 54 56 58 60 62 64 66 69 70 72 74 1
2 3 5 7 9 12 13 16 18 20 22 24 25 28 29 33 34 36 38 40 42 44 46 48 50 52 54 56 58 60 62 64 66 69 70 72 74 1
2 3 5 7 9 11 13 16 18 20 22 24 25 28 29 33 34 36 38 40 42 44 46 48 50 52 54 56 58 60 62 64 66 68 70 72 74 1
2 3 5 7 9 11 13 16 18 20 22 24 25 28 29 31 34 36 38 40 42 44 46 48 50 52 54 56 58 60 62 64 66 69 70 73 74 0
2 3 5 7 9 12 13 16 18 20 22 24 25 28 29 31 34 36 38 40 42 44 46 48 50 52 54 56 58 60 62 64 66 69 70 73 74 0
2 3 5 8 9 12 13 16 18 20 22 23 25 28 29 31 34 36 38 40 42 44 46 48 51 52 54 56 58 60 62 64 66 69 71 72 74 1
2 3 5 7 10 12 13 16 18 20 22 23 25 28 29 31 34 36 38 40 42 44 46 48 51 52 54 56 58 60 62 64 66 69 71 72 74 1
2 3 5 8 9 11 13 16 18 20 22 23 25 28 29 31 34 36 38 40 42 44 46 48 51 52 54 56 58 60 62 64 66 68 71 72 74 0
2 3 5 8 9 12 13 16 18 20 22 23 25 28 29 31 34 36 38 40 42 44 46 48 51 52 54 56 58 60 62 64 66 68 71 72 74 1
2 3 5 7 10 12 13 16 18 20 22 23 25 28 29 31 34 36 38 40 42 44 46 48 51 52 54 56 58 60 62 64 66 68 71 72 74 0
2 3 5 7 9 12 13 16 18 20 22 23 25 28 29 31 34 36 38 40 42 44 46 48 50 52 54 56 58 60 62 64 66 69 71 72 74 0
2 3 5 7 9 11 13 16 18 20 22 23 25 28 29 31 35 36 38 40 42 44 46 48 50 52 54 56 58 60 62 64 66 69 71 72 74 0
2 3 5 7 9 12 13 16 18 20 22 23 25 28 29 31 34 36 38 40 42 44 47 48 50 52 54 56 58 60 62 64 66 69 71 72 74 0
2 3 5 7 9 11 13 16 18 20 22 23 25 28 29 31 34 36 38 40 42 44 47 48 50 52 54 56 58 60 62 64 66 68 71 72 74 0
2 3 5 7 9 12 13 16 18 20 22 23 25 28 29 31 34 36 38 40 42 44 47 48 50 52 54 56 58 60 62 64 66 68 71 72 74 1
2 4 5 7 10 11 13 16 18 20 22 24 25 28 29 33 34 36 38 40 42 44 46 48 51 52 54 56 58 60 62 64 66 68 71 72 74 0
2 4 5 8 9 12 13 16 18 20 22 24 25 28 29 33 34 36 38 40 42 44 46 48 51 52 54 56 58 60 62 64 66 68 71 72 74 1
2 4 5 7 9 11 13 16 18 20 22 24 25 28 29 33 34 36 38 40 42 44 46 48 50 52 54 56 58 60 62 64 66 68 71 72 74 0
2 4 5 7 9 12 13 16 18 20 22 24 25 28 29 33 34 36 38 40 42 44 47 48 50 52 54 56 58 60 62 64 66 68 71 72 74 1
2 4 5 8 9 11 13 16 18 20 22 24 25 28 29 31 34 36 38 40 42 44 46 48 51 52 54 56 58 60 62 64 66 69 71 73 74 0
2 4 5 7 10 12 13 16 18 20 22 24 25 28 29 31 34 36 38 40 42 44 46 48 51 52 54 56 58 60 62 64 66 69 71 73 74 1
2 4 5 8 9 11 13 16 18 20 22 24 25 28 29 31 35 36 38 40 42 44 46 48 51 52 54 56 58 60 62 64 66 69 71 73 74 1
2 4 5 7 10 11 13 16 18 20 22 24 25 28 29 31 35 36 38 40 42 44 46 48 51 52 54 56 58 60 62 64 66 69 71 73 74 0
2 4 5 7 9 11 13 16 18 20 22 24 25 28 29 31 34 36 38 40 42 44 46 48 50 52 54 56 58 60 62 64 66 68 71 73 74 0
2 4 5 7 9 12 13 16 18 20 22 24 25 28 29 31 34 36 38 40 42 44 46 48 50 52 54 56 58 60 62 64 66 68 71 73 74 0
2 4 5 7 9 12 13 16 18 20 22 24 25 28 29 31 34 36 38 40 42 44 47 48 50 52 54 56 58 60 62 64 66 68 71 73 74 0
2 4 5 8 9 11 13 16 18 20 22 24 25 28 29 31 34 36 38 40 42 44 46 48 51 52 54 57 58 60 62 64 66 69 71 72 74 0
2 4 5 7 10 12 13 16 18 20 22 24 25 28 29 31 34 36 38 40 42 44 46 48 51 52 54 57 58 60 62 64 66 69 71 72 74 0
2 4 5 7 9 11 13 16 18 20 22 24 25 28 29 31 34 36 38 40 42 44 46 48 50 52 54 56 58 60 62 64 66 68 71 72 74 0
2 4 5 7 9 12 13 16 18 20 22 24 25 28 29 31 34 36 38 40 42 44 46 48 50 52 54 56 58 60 62 64 66 68 71 72 74 1
2 4 5 7 9 12 13 16 18 20 22 24 25 28 29 31 34 36 38 40 42 44 47 48 50 52 54 56 58 60 62 64 66 68 71 72 74 1
2 3 5 8 9 12 13 16 18 20 22 23 25 28 29 31 34 36 39 40 42 44 46 48 51 52 54 56 58 60 62 64 66 68 71 72 74 1
2 4 5 8 9 11 13 16 18 20 22 24 25 28 29 33 34 36 39 40 42 44 46 48 51 52 54 57 58 60 62 64 66 69 71 72 74 0
2 4 5 8 9 12 13 16 18 20 22 24 25 28 29 33 34 36 39 40 42 44 46 48 51 52 54 56 58 60 62 64 66 68 71 72 74 0
2 3 5 7 9 11 13 15 17 19 22 24 25 28 29 31 34 37 38 40 42 44 46 49 51 52 54 56 58 60 62 64 66 68 70 72 74 1
2 3 5 7 9 11 13 15 17 19 22 24 25 28 29 31 34 37 38 40 42 44 46 49 50 52 54 56 58 60 62 64 66 69 70 72 74 0
2 3 5 7 9 11 13 15 17 19 22 24 25 28 29 31 34 37 38 40 42 44 46 49 50 52 54 56 58 60 62 64 66 68 70 72 74 0
2 3 5 7 9 11 13 15 17 19 22 23 25 28 29 31 34 37 38 40 42 44 46 49 51 52 54 56 58 60 62 64 66 68 70 72 74 0
2 3 5 7 9 11 13 15 17 19 22 23 25 28 29 31 34 37 38 40 42 44 46 49 50 52 54 56 58 60 62 64 66 69 70 72 74 1
2 3 5 7 9 11 13 15 17 19 22 23 25 28 29 31 34 37 38 40 42 44 46 49 50 52 54 56 58 60 62 64 66 68 70 72 74 1
2 3 5 7 9 11 13 16 18 20 22 23 25 28 29 31 34 36 38 40 42 44 46 49 50 52 54 56 58 60 62 64 67 69 70 73 74 1
2 3 5 7 10 11 14 15 17 19 22 24 25 28 29 33 34 36 38 40 42 44 46 48 51 52 54 56 58 60 62 64 66 68 70 72 74 1
2 3 5 8 9 11 14 16 17 19 22 24 25 28 29 33 34 36 38 40 42 44 46 48 51 52 54 56 58 60 62 64 66 68 70 72 74 1
2 3 5 8 9 12 14 16 17 19 22 24 25 28 29 33 34 36 38 40 42 44 46 48 51 52 54 56 58 60 62 64 66 68 70 72 74 0
2 3 5 8 9 12 14 16 17 19 22 24 25 28 29 31 34 36 38 40 42 44 46 48 51 52 54 56 58 60 62 64 66 68 70 72 74 1
2 3 5 8 9 12 14 16 17 19 22 23 25 28 29 31 34 36 38 40 42 44 46 48 51 52 54 56 58 60 62 64 66 68 70 72 74 1
2 3 5 7 9 11 14 15 18 20 22 24 25 28 29 33 34 36 38 40 42 44 46 48 50 52 54 56 58 60 62 64 66 69 70 72 74 1
2 3 5 7 9 12 14 15 18 20 22 24 25 28 29 33 34 36 38 40 42 44 46 48 50 52 54 56 58 60 62 64 66 68 70 72 74 0
2 3 5 7 9 11 14 16 18 20 22 24 25 28 29 31 34 36 38 40 42 44 46 48 50 52 54 56 58 60 62 64 66 69 70 73 74 0
2 3 5 7 9 12 14 15 18 20 22 24 25 28 29 31 34 36 38 40 42 44 46 48 50 52 54 56 58 60 62 64 66 68 70 73 74 0
2 3 5 7 10 11 14 16 18 20 22 24 25 28 29 31 34 36 38 40 42 44 46 48 51 52 54 56 58 60 62 64 66 69 70 72 74 0
2 3 5 7 10 12 14 16 18 20 22 24 25 28 29 31 34 36 38 40 42 44 46 48 51 52 54 56 58 60 62 64 66 68 70 72 74 1
2 3 5 7 10 12 14 16 18 20 22 23 25 28 29 31 34 36 38 40 42 44 46 48 51 52 54 56 58 60 62 64 66 68 70 72 74 0
2 4 5 7 9 11 14 15 18 20 22 24 25 28 29 33 34 36 38 40 42 44 46 48 50 52 54 56 58 60 62 64 66 68 70 72 74 0
2 3 5 7 9 11 14 15 17 19 22 24 25 28 29 31 34 37 38 40 42 44 46 49 50 52 54 56 58 60 62 64 66 68 70 72 74 1
2 3 5 7 9 11 14 15 17 19 22 23 25 28 29 31 34 37 38 40 42 44 46 49 51 52 54 56 58 60 62 64 66 68 70 72 74 0
2 3 5 7 9 11 14 15 17 19 22 23 25 28 29 31 34 37 38 40 42 44 46 49 50 52 54 56 58 60 62 64 66 69 70 72 74 1
2 3 5 7 9 11 14 15 17 19 22 23 25 28 29 31 34 37 38 40 42 44 46 49 50 52 54 56 58 60 62 64 66 68 70 72 74 0
2 3 5 8 9 12 13 16 18 20 22 23 25 28 29 31 34 36 38 40 42 44 46 48 51 52 55 56 58 60 62 64 66 69 71 72 74 0
2 3 5 7 10 12 13 16 18 20 22 23 25 28 29 31 34 36 38 40 42 44 46 48 51 52 55 56 58 60 62 64 66 69 71 72 74 1
2 3 5 8 9 12 13 16 18 20 22 23 25 28 29 31 34 36 38 40 42 44 46 48 51 52 55 56 58 60 62 64 66 68 71 72 74 0
2 3 5 7 10 12 13 16 18 20 22 23 25 28 29 31 34 36 38 40 42 44 46 48 51 52 55 56 58 60 62 64 66 68 71 72 74 1
2 3 5 7 9 12 13 16 18 20 22 23 25 28 29 31 34 36 38 40 42 44 46 48 50 52 55 56 58 60 62 64 66 69 70 72 74 1
2 3 5 7 9 12 13 16 18 20 22 23 25 28 29 31 34 36 38 40 42 44 46 48 50 52 55 56 58 60 62 64 66 69 71 72 74 1
2 3 5 7 9 12 13 16 18 20 22 23 25 28 29 31 34 36 38 40 42 44 47 48 50 52 55 56 58 60 62 64 66 69 71 72 74 0
2 3 5 7 9 12 13 16 18 20 22 23 25 28 29 31 34 36 38 40 42 44 46 48 50 52 55 56 58 60 62 64 66 68 71 72 74 0
2 3 5 7 9 12 13 16 18 20 22 23 25 28 29 31 34 36 38 40 42 44 47 48 50 52 55 56 58 60 62 64 66 68 71 72 74 0
2 3 5 8 9 12 13 16 18 20 22 23 25 28 29 31 34 36 39 40 42 44 46 48 51 52 55 56 58 60 62 64 66 68 71 72 74 1
2 3 5 7 9 11 13 15 17 19 22 23 25 28 29 31 34 37 38 40 42 44 46 49 50 52 55 56 58 60 62 64 66 68 70 72 74 0
2 3 5 8 9 12 14 16 17 19 22 23 25 28 29 31 34 36 38 40 42 44 46 48 51 52 55 56 58 60 62 64 66 68 70 72 74 1
2 3 5 7 9 12 14 15 18 20 22 23 25 28 29 31 34 36 38 40 42 44 46 48 50 52 55 56 58 60 62 64 66 69 70 72 74 0
2 3 5 7 9 12 14 16 18 20 22 23 25 28 29 31 34 36 38 40 42 44 46 48 50 52 55 56 58 60 62 64 66 69 70 72 74 1
2 3 5 7 9 12 14 16 18 20 22 23 25 28 29 31 34 36 38 40 42 44 46 48 50 52 55 56 58 60 62 64 66 68 70 72 74 0
2 3 5 7 9 11 13 15 17 19 22 24 25 27 29 33 34 36 38 40 42 44 46 48 51 52 54 56 58 60 62 65 66 69 70 73 74 1
2 3 5 7 9 11 13 15 17 19 22 24 25 27 29 33 34 36 38 40 43 44 46 48 51 52 54 56 58 60 62 65 66 69 70 73 74 0
2 3 5 7 9 11 13 15 17 19 22 24 25 27 29 33 34 36 38 40 42 44 46 48 50 52 54 56 58 60 62 65 66 69 70 73 74 0
2 3 5 7 9 11 13 15 17 19 22 24 25 27 29 33 34 36 38 40 43 44 46 48 50 52 54 56 58 60 62 65 66 69 70 73 74 0
2 3 5 7 9 11 13 15 17 19 22 23 25 27 29 33 34 36 38 40 42 44 46 48 51 52 54 56 58 60 62 64 67 69 70 73 74 1
2 3 6 7 9 11 13 15 17 19 22 23 25 27 29 33 35 36 38 40 43 44 46 48 51 52 54 56 58 60 62 65 67 69 70 73 74 0
2 3 5 7 9 11 13 15 17 19 22 23 25 27 29 33 34 36 38 40 42 44 46 48 50 52 54 56 58 60 62 64 67 69 70 73 74 1
2 3 6 7 9 11 13 15 17 19 22 23 25 27 29 33 35 36 38 40 43 44 46 48 50 52 54 56 58 60 62 65 67 69 70 73 74 1
2 3 5 7 9 11 13 16 17 19 22 23 25 27 29 33 34 36 38 40 42 44 46 48 50 52 54 56 58 60 62 64 67 69 70 73 74 1
2 3 6 7 9 11 13 15 17 19 22 24 25 27 29 33 35 36 38 40 42 44 46 48 50 52 54 56 58 60 62 64 66 68 70 72 74 0
2 3 5 7 9 11 13 15 17 19 22 24 25 27 29 31 34 36 38 40 43 44 46 48 51 52 54 56 58 60 62 65 66 69 70 73 74 0
2 3 5 7 9 11 13 15 17 19 22 24 25 27 29 31 34 36 38 40 43 44 46 48 51 52 54 56 58 60 62 65 66 69 71 73 74 1
2 3 6 7 9 11 13 15 17 19 22 24 25 27 29 31 35 36 38 40 43 44 46 48 51 52 54 56 58 60 62 65 66 69 70 73 74 1
2 3 5 7 9 11 13 15 17 19 22 24 25 27 29 31 34 36 38 40 43 44 46 48 50 52 54 56 58 60 62 65 66 69 70 73 74 1
2 3 5 7 9 11 13 15 17 19 22 24 25 27 29 31 34 36 38 40 43 44 46 48 50 52 54 56 58 60 62 65 66 69 71 73 74 0
2 3 6 7 9 11 13 15 17 19 22 24 25 27 29 31 35 36 38 40 43 44 46 48 50 52 54 56 58 60 62 65 66 69 70 73 74 1
2 3 5 7 9 12 13 16 17 19 22 24 25 27 29 32 34 36 38 40 43 44 46 48 50 52 54 56 58 60 62 64 66 69 70 73 74 1
2 3 5 7 9 11 13 15 17 19 22 23 25 27 29 31 34 36 38 40 43 44 46 48 51 52 54 56 58 60 62 64 67 68 70 73 74 0
2 3 6 7 10 11 13 15 17 19 22 23 25 27 29 31 35 36 38 40 43 44 46 48 51 52 54 56 58 60 62 64 67 68 70 73 74 0
2 3 5 7 9 11 13 16 17 19 22 23 25 27 29 31 34 36 38 40 43 44 46 48 51 52 54 56 58 60 62 64 67 68 70 73 74 1
2 3 6 7 9 11 13 15 17 19 22 23 25 27 29 31 35 36 38 40 43 44 46 48 50 52 54 56 58 60 62 64 67 68 70 73 74 1
2 3 5 7 9 11 13 16 17 19 22 23 25 27 29 31 34 36 38 40 43 44 46 48 50 52 54 56 58 60 62 64 67 68 70 73 74 0
2 3 6 7 9 11 13 15 17 19 22 23 25 27 29 31 34 36 39 40 43 44 46 48 51 52 54 56 58 60 62 65 67 69 70 73 74 1
2 3 6 7 9 11 13 15 17 19 22 23 25 27 29 31 34 36 39 40 43 44 46 48 51 52 54 56 58 60 62 64 67 68 71 73 74 0
2 3 6 7 9 11 13 15 17 19 22 23 25 27 29 31 34 36 39 40 43 44 46 48 50 52 54 56 58 60 62 65 67 69 70 73 74 1
2 3 6 7 9 11 13 15 17 19 22 23 25 27 29 31 35 36 39 40 43 44 46 48 50 52 54 56 58 60 62 65 67 69 70 73 74 0
2 3 6 7 9 11 13 15 17 19 22 23 25 27 29 31 34 36 39 40 43 44 46 48 50 52 54 56 58 60 62 64 67 68 71 73 74 1
2 3 6 7 9 11 13 15 17 19 22 23 25 27 29 31 35 36 39 40 43 44 46 48 50 52 54 56 58 60 62 64 67 68 71 73 74 0
2 3 6 7 9 11 13 15 17 19 22 24 25 27 29 31 34 36 39 40 43 44 46 48 51 52 54 56 58 60 62 65 66 69 71 72 74 0
2 3 6 7 9 11 13 15 17 19 22 24 25 27 29 32 34 36 39 40 43 44 46 48 51 52 54 56 58 60 62 65 66 69 71 72 74 1
2 3 6 7 9 11 13 15 17 19 22 24 25 27 29 32 34 36 39 40 42 44 46 48 51 52 54 56 58 60 62 64 66 68 71 72 74 0
2 3 6 7 9 11 13 15 17 19 22 24 25 27 29 31 34 36 39 40 43 44 46 48 50 52 54 56 58 60 62 65 66 69 71 72 74 0
2 3 6 7 9 11 13 15 17 19 22 24 25 27 29 32 34 36 39 40 43 44 46 48 50 52 54 56 58 60 62 65 66 69 71 72 74 1
2 3 6 7 9 11 13 15 17 19 22 24 25 27 29 32 34 36 39 40 42 44 46 48 50 52 54 56 58 60 62 64 66 68 71 72 74 1
2 3 6 7 9 11 13 15 17 19 22 24 25 27 29 31 34 36 39 40 43 44 46 48 50 52 54 56 58 60 62 65 66 68 71 72 74 0
2 3 6 7 9 11 13 15 17 19 22 24 25 27 29 31 35 36 39 40 42 44 46 48 50 52 54 56 58 60 62 64 66 68 70 72 74 1
2 3 6 7 9 11 13 15 17 19 22 24 25 27 29 31 35 36 39 40 42 44 46 48 50 52 54 56 58 60 62 64 66 68 71 72 74 0
2 3 6 7 9 11 13 15 17 19 22 24 25 27 29 32 35 36 39 40 42 44 46 48 50 52 54 56 58 60 62 64 66 68 71 72 74 0
2 3 5 7 9 12 13 16 18 20 22 24 25 27 29 33 34 36 38 40 42 44 46 48 50 52 54 56 58 60 62 64 66 69 70 72 74 1
2 3 5 7 9 11 13 16 18 20 22 24 25 27 29 33 34 36 38 40 43 44 46 48 50 52 54 56 58 60 62 64 66 68 70 72 74 1
2 3 5 7 9 11 13 16 18 20 22 24 25 27 29 32 34 36 38 40 42 44 46 48 50 52 54 56 58 60 62 64 66 69 70 73 74 1
2 3 5 7 9 11 13 16 18 20 22 24 25 27 29 31 34 36 38 40 43 44 46 48 50 52 54 56 58 60 62 64 66 69 70 73 74 1
2 3 5 7 9 11 13 16 18 20 22 24 25 27 29 32 34 36 38 40 43 44 46 48 50 52 54 56 58 60 62 64 66 69 70 73 74 1
2 3 5 7 9 12 13 16 18 20 22 24 25 27 29 31 34 36 38 40 42 44 46 48 50 52 54 56 58 60 62 64 66 69 70 73 74 1
2 3 5 7 9 12 13 16 18 20 22 24 25 27 29 32 34 36 38 40 42 44 46 48 50 52 54 56 58 60 62 64 66 69 70 73 74 1
2 3 5 7 9 11 13 16 18 20 22 23 25 27 29 31 34 36 38 40 43 44 46 48 50 52 54 56 58 60 62 64 67 68 70 73 74 0
2 3 5 7 9 11 13 16 18 20 22 24 25 27 29 32 34 36 38 40 43 44 46 48 50 52 54 56 58 60 62 64 66 69 70 72 74 0
2 3 5 7 9 12 13 16 18 20 22 24 25 27 29 32 34 36 38 40 42 44 46 48 50 52 54 56 58 60 62 64 66 69 70 72 74 0
2 3 5 7 9 11 13 16 18 20 22 23 25 27 29 31 35 36 38 40 42 44 46 48 50 52 54 56 58 60 62 64 66 69 71 72 74 0
2 3 5 7 9 12 13 16 18 20 22 23 25 27 29 31 34 36 38 40 42 44 47 48 50 52 54 56 58 60 62 64 66 68 71 72 74 1
2 4 5 8 9 11 13 16 18 20 22 24 25 27 29 33 34 36 38 40 42 44 46 48 51 52 54 56 58 60 62 64 66 68 71 72 74 0
2 4 5 7 10 11 13 16 18 20 22 24 25 27 29 33 34 36 38 40 42 44 46 48 51 52 54 56 58 60 62 64 66 68 71 72 74 0
2 4 5 7 9 11 13 16 18 20 22 24 25 27 29 33 34 36 38 40 42 44 46 48 50 52 54 56 58 60 62 64 66 68 71 72 74 1
2 4 5 7 9 12 13 16 18 20 22 24 25 27 29 33 34 36 38 40 43 44 47 48 50 52 54 56 58 60 62 64 66 68 71 72 74 0
2 4 5 7 9 12 13 16 18 20 22 24 25 27 29 33 34 36 38 40 42 44 47 48 50 52 54 56 58 60 62 65 66 68 71 72 74 1
2 4 5 7 9 11 13 16 18 20 22 24 25 27 29 31 35 36 38 40 42 44 46 48 50 52 54 56 58 60 62 64 66 69 71 73 74 0
2 4 5 7 9 11 13 16 18 20 22 24 25 27 29 31 35 36 38 40 43 44 46 48 50 52 54 56 58 60 62 64 66 69 71 73 74 0
2 4 5 7 9 12 13 16 18 20 22 24 25 27 29 31 35 36 38 40 42 44 46 48 50 52 54 56 58 60 62 64 66 69 71 73 74 1
2 4 5 7 9 11 13 16 18 20 22 24 25 27 29 31 35 36 38 40 42 44 46 48 50 52 54 56 58 60 62 65 66 69 71 73 74 0
2 4 5 7 9 11 13 16 18 20 22 24 25 27 29 31 35 36 38 40 43 44 46 48 50 52 54 56 58 60 62 65 66 69 71 73 74 1
2 4 5 7 9 12 13 16 18 20 22 24 25 27 29 31 35 36 38 40 43 44 46 48 50 52 54 56 58 60 62 65 66 69 71 73 74 0
2 4 5 7 9 12 13 16 18 20 22 24 25 27 29 31 34 36 38 40 42 44 47 48 50 52 54 56 58 60 62 64 66 69 71 73 74 1
2 4 5 7 9 12 13 16 18 20 22 24 25 27 29 31 34 36 38 40 43 44 47 48 50 52 54 56 58 60 62 64 66 69 71 73 74 0
2 4 5 7 9 12 13 16 18 20 22 24 25 27 29 31 34 36 38 40 43 44 47 48 50 52 54 56 58 60 62 65 66 69 71 73 74 1
2 4 5 7 9 11 13 16 18 20 22 24 25 27 29 31 34 36 38 40 42 44 46 48 50 52 54 56 58 60 62 64 66 68 71 73 74 1
2 4 5 7 9 11 13 16 18 20 22 24 25 27 29 32 34 36 38 40 42 44 46 48 50 52 54 56 58 60 62 64 66 68 71 73 74 1
2 4 5 7 9 11 13 16 18 20 22 24 25 27 29 32 34 36 38 40 43 44 46 48 50 52 54 56 58 60 62 64 66 68 71 73 74 0
2 4 5 7 9 12 13 16 18 20 22 24 25 27 29 31 34 36 38 40 42 44 46 48 50 52 54 56 58 60 62 64 66 68 71 73 74 1
2 4 5 7 9 12 13 16 18 20 22 24 25 27 29 32 34 36 38 40 42 44 46 48 50 52 54 56 58 60 62 64 66 68 71 73 74 0
2 4 5 7 9 12 13 16 18 20 22 24 25 27 29 32 34 36 38 40 43 44 46 48 50 52 54 56 58 60 62 64 66 68 71 73 74 1
2 4 5 7 9 11 13 16 18 20 22 24 25 27 29 32 34 36 38 40 43 44 46 48 50 52 54 56 58 60 62 65 66 68 71 73 74 0
2 4 5 7 9 12 13 16 18 20 22 24 25 27 29 31 34 36 38 40 42 44 47 48 50 52 54 56 58 60 62 64 66 68 71 73 74 0
2 4 5 7 9 12 13 16 18 20 22 24 25 27 29 32 34 36 38 40 42 44 47 48 50 52 54 56 58 60 62 64 66 68 71 73 74 1
2 4 5 7 9 12 13 16 18 20 22 24 25 27 29 31 34 36 38 40 43 44 47 48 50 52 54 56 58 60 62 64 66 68 71 73 74 0
2 4 5 7 9 12 13 16 18 20 22 24 25 27 29 32 34 36 38 40 43 44 47 48 50 52 54 56 58 60 62 64 66 68 71 73 74 1
2 4 5 7 9 11 13 16 18 20 22 24 25 27 29 31 34 36 38 40 42 44 46 48 50 52 54 56 58 60 62 64 66 68 71 72 74 0
2 4 5 7 9 11 13 16 18 20 22 24 25 27 29 32 34 36 38 40 42 44 46 48 50 52 54 56 58 60 62 64 66 68 71 72 74 1
2 4 5 7 9 11 13 16 18 20 22 24 25 27 29 32 34 36 38 40 43 44 46 48 50 52 54 56 58 60 62 64 66 68 71 72 74 0
2 4 5 7 9 12 13 16 18 20 22 24 25 27 29 31 34 36 38 40 42 44 46 48 50 52 54 56 58 60 62 64 66 68 71 72 74 1
2 4 5 7 9 12 13 16 18 20 22 24 25 27 29 32 34 36 38 40 42 44 46 48 50 52 54 56 58 60 62 64 66 68 71 72 74 0
2 4 5 7 9 11 13 16 18 20 22 24 25 27 29 31 34 36 38 40 43 44 46 48 50 52 54 56 58 60 62 65 66 68 71 72 74 1
2 4 5 7 9 12 13 16 18 20 22 24 25 27 29 32 34 36 38 40 43 44 46 48 50 52 54 56 58 60 62 65 66 68 71 72 74 0
2 4 5 7 9 12 13 16 18 20 22 24 25 27 29 31 34 36 38 40 42 44 47 48 50 52 54 56 58 60 62 64 66 68 71 72 74 1
2 4 5 7 9 12 13 16 18 20 22 24 25 27 29 32 34 36 38 40 42 44 47 48 50 52 54 56 58 60 62 64 66 68 71 72 74 0
2 4 5 7 9 12 13 16 18 20 22 24 25 27 29 32 34 36 38 40 43 44 47 48 50 52 54 56 58 60 62 64 66 68 71 72 74 1
2 4 5 7 9 11 13 16 18 20 22 24 25 27 29 31 34 36 38 40 43 44 47 48 50 52 54 56 58 60 62 65 66 68 71 72 74 0
2 3 5 8 9 11 13 16 18 20 22 23 25 27 29 31 34 36 39 40 42 44 46 48 51 52 54 56 58 60 62 64 66 69 71 72 74 1
2 3 5 8 9 12 13 16 18 20 22 23 25 27 29 31 34 36 39 40 42 44 46 48 51 52 54 56 58 60 62 64 66 69 71 72 74 0
2 3 5 7 10 12 13 16 18 20 22 23 25 27 29 31 34 36 39 40 42 44 46 48 51 52 54 56 58 60 62 64 66 69 71 72 74 1
2 3 5 8 9 11 13 16 18 20 22 23 25 27 29 31 34 36 39 40 42 44 46 48 51 52 54 56 58 60 62 64 66 68 71 72 74 0
2 3 5 8 9 12 13 16 18 20 22 23 25 27 29 31 34 36 39 40 42 44 46 48 51 52 54 56 58 60 62 64 66 68 71 72 74 1
2 3 5 7 10 12 13 16 18 20 22 23 25 27 29 31 34 36 39 40 42 44 46 48 51 52 54 56 58 60 62 64 66 68 71 72 74 1
2 4 5 8 9 11 13 16 18 20 22 24 25 27 29 33 34 36 39 40 43 44 46 48 51 52 54 57 58 60 62 64 66 69 71 72 74 1
2 4 5 8 9 12 13 16 18 20 22 24 25 27 29 33 34 36 39 40 42 44 46 48 51 52 54 56 58 60 62 64 66 68 71 72 74 0
2 4 5 8 9 11 13 16 18 20 22 24 25 27 29 31 34 36 39 40 42 44 46 48 51 52 54 56 58 60 62 64 66 69 71 73 74 0
2 4 5 8 9 11 13 16 18 20 22 24 25 27 29 32 34 36 39 40 42 44 46 48 51 52 54 56 58 60 62 64 66 69 71 73 74 0
2 4 5 8 9 11 13 16 18 20 22 24 25 27 29 31 34 36 39 40 43 44 46 48 51 52 54 56 58 60 62 64 66 69 71 73 74 1
2 4 5 8 9 11 13 16 18 20 22 24 25 27 29 32 34 36 39 40 43 44 46 48 51 52 54 56 58 60 62 64 66 69 71 73 74 0
2 4 5 7 10 12 13 16 18 20 22 24 25 27 29 31 34 36 39 40 42 44 46 48 51 52 54 56 58 60 62 64 66 69 71 73 74 1
2 4 5 7 10 12 13 16 18 20 22 24 25 27 29 32 34 36 39 40 42 44 46 48 51 52 54 56 58 60 62 64 66 69 71 73 74 1
2 4 5 7 10 12 13 16 18 20 22 24 25 27 29 31 34 36 39 40 43 44 46 48 51 52 54 56 58 60 62 64 66 69 71 73 74 0
2 4 5 7 10 12 13 16 18 20 22 24 25 27 29 32 34 36 39 40 43 44 46 48 51 52 54 56 58 60 62 64 66 69 71 73 74 1
2 4 5 7 10 11 13 16 18 20 22 24 25 27 29 32 34 36 39 40 43 44 46 48 51 52 54 56 58 60 62 65 66 69 71 73 74 1
2 4 5 8 9 11 13 16 18 20 22 24 25 27 29 31 35 36 39 40 43 44 46 48 51 52 54 56 58 60 62 64 66 69 71 73 74 1
2 4 5 7 10 11 13 16 18 20 22 24 25 27 29 31 35 36 39 40 43 44 46 48 51 52 54 56 58 60 62 64 66 69 71 73 74 0
2 4 5 7 9 12 13 16 18 20 22 24 25 27 29 31 34 36 39 40 42 44 46 48 50 52 54 56 58 60 62 64 66 69 71 73 74 0
2 4 5 7 9 12 13 16 18 20 22 24 25 27 29 31 34 36 39 40 43 44 46 48 50 52 54 56 58 60 62 65 66 69 71 73 74 0
2 4 5 7 9 12 13 16 18 20 22 24 25 27 29 31 34 36 39 40 42 44 46 48 50 52 54 56 58 60 62 64 66 68 71 73 74 0
2 4 5 7 9 12 13 16 18 20 22 24 25 27 29 32 34 36 39 40 42 44 46 48 50 52 54 56 58 60 62 64 66 68 71 73 74 0
2 4 5 7 9 12 13 16 18 20 22 24 25 27 29 31 34 36 39 40 43 44 46 48 50 52 54 56 58 60 62 64 66 68 71 73 74 0
2 4 5 7 9 12 13 16 18 20 22 24 25 27 29 32 34 36 39 40 43 44 46 48 50 52 54 56 58 60 62 64 66 68 71 73 74 1
2 4 5 7 9 12 13 16 18 20 22 24 25 27 29 32 34 36 39 40 43 44 46 48 50 52 54 56 58 60 62 65 66 68 71 73 74 1
2 4 5 8 9 11 13 16 18 20 22 24 25 27 29 31 34 36 39 40 42 44 46 48 51 52 54 57 58 60 62 64 66 69 71 72 74 1
2 4 5 8 9 11 13 16 18 20 22 24 25 27 29 32 34 36 39 40 42 44 46 48 51 52 54 57 58 60 62 64 66 69 71 72 74 1
2 4 5 8 9 11 13 16 18 20 22 24 25 27 29 32 34 36 39 40 43 44 46 48 51 52 54 57 58 60 62 64 66 69 71 72 74 1
2 4 5 7 10 12 13 16 18 20 22 24 25 27 29 31 34 36 39 40 42 44 46 48 51 52 54 57 58 60 62 64 66 69 71 72 74 0
2 4 5 7 10 12 13 16 18 20 22 24 25 27 29 32 34 36 39 40 42 44 46 48 51 52 54 57 58 60 62 64 66 69 71 72 74 0
2 4 5 7 10 12 13 16 18 20 22 24 25 27 29 32 34 36 39 40 43 44 46 48 51 52 54 57 58 60 62 65 66 69 71 72 74 0
2 4 5 7 9 12 13 16 18 20 22 24 25 27 29 31 34 36 39 40 42 44 46 48 50 52 54 56 58 60 62 64 66 68 71 72 74 1
2 4 5 7 9 12 13 16 18 20 22 24 25 27 29 32 34 36 39 40 42 44 46 48 50 52 54 56 58 60 62 64 66 68 71 72 74 0
2 4 5 7 9 12 13 16 18 20 22 24 25 27 29 32 34 36 39 40 43 44 46 48 50 52 54 56 58 60 62 65 66 68 71 72 74 1
2 3 5 7 9 11 13 15 17 19 22 24 25 27 29 31 34 37 38 40 42 44 46 49 50 52 54 56 58 60 62 64 66 69 70 72 74 0
2 3 5 7 9 11 13 16 18 20 22 23 25 27 29 31 34 36 38 40 42 44 46 49 50 52 54 56 58 60 62 64 67 69 70 73 74 1
2 3 6 7 9 11 14 15 17 19 22 24 25 27 29 33 35 36 38 40 42 44 46 48 51 52 54 56 58 60 62 64 66 68 70 72 74 0
2 3 6 7 10 11 14 15 17 19 22 24 25 27 29 33 35 36 38 40 42 44 46 48 51 52 54 56 58 60 62 64 66 68 70 72 74 1
2 3 5 8 9 11 14 16 17 19 22 24 25 27 29 33 34 36 38 40 43 44 46 48 51 52 54 56 58 60 62 64 66 68 70 72 74 1
2 3 5 7 9 11 14 15 17 19 22 24 25 27 29 31 34 36 38 40 43 44 46 48 51 52 54 56 58 60 62 65 66 69 70 73 74 1
2 3 5 7 9 11 14 15 17 19 22 24 25 27 29 31 34 36 38 40 43 44 46 48 51 52 54 56 58 60 62 65 66 69 71 73 74 1
2 3 5 7 9 11 14 15 17 19 22 24 25 27 29 31 34 36 38 40 43 44 46 48 50 52 54 56 58 60 62 65 66 69 70 73 74 1
2 3 5 7 9 11 14 15 17 19 22 24 25 27 29 31 34 36 38 40 43 44 46 48 50 52 54 56 58 60 62 65 66 69 71 73 74 1
2 3 5 7 9 12 14 16 17 19 22 24 25 27 29 31 34 36 38 40 43 44 46 48 50 52 54 56 58 60 62 64 66 69 70 73 74 1
2 3 5 7 9 12 14 16 17 19 22 24 25 27 29 32 34 36 38 40 43 44 46 48 50 52 54 56 58 60 62 64 66 69 70 73 74 0
2 3 5 7 9 11 14 16 17 19 22 24 25 27 29 32 34 36 38 40 43 44 46 48 50 52 54 56 58 60 62 65 66 69 70 73 74 0
2 3 6 7 10 11 14 15 17 19 22 24 25 27 29 31 35 36 38 40 42 44 46 48 51 52 54 56 58 60 62 64 66 68 70 72 74 1
2 3 6 7 10 11 14 15 17 19 22 24 25 27 29 31 34 36 39 40 43 44 46 48 51 52 54 56 58 60 62 65 66 69 71 72 74 0
2 3 6 7 9 11 14 15 17 19 22 24 25 27 29 31 34 36 39 40 43 44 46 48 51 52 54 56 58 60 62 65 66 68 71 72 74 1
2 3 6 7 9 11 14 15 17 19 22 24 25 27 29 31 34 36 39 40 43 44 46 48 50 52 54 56 58 60 62 65 66 69 71 72 74 0
2 3 6 7 9 11 14 15 17 19 22 24 25 27 29 32 34 36 39 40 42 44 46 48 50 52 54 56 58 60 62 64 66 68 71 72 74 1
2 3 6 7 9 11 14 15 17 19 22 24 25 27 29 31 34 36 39 40 43 44 46 48 50 52 54 56 58 60 62 65 66 68 71 72 74 0
2 3 6 7 10 11 14 15 17 19 22 23 25 27 29 31 34 36 39 40 42 44 46 48 51 52 54 56 58 60 62 64 66 68 71 72 74 0
2 3 5 7 9 11 14 15 18 20 22 24 25 27 29 32 34 36 38 40 42 44 46 48 50 52 54 56 58 60 62 64 66 69 70 73 74 1
2 3 5 7 9 11 14 15 18 20 22 24 25 27 29 31 34 36 38 40 43 44 46 48 50 52 54 56 58 60 62 64 66 69 70 73 74 0
2 3 5 7 9 11 14 15 18 20 22 24 25 27 29 32 34 36 38 40 43 44 46 48 50 52 54 56 58 60 62 64 66 69 70 73 74 1
2 3 5 7 9 11 14 15 18 20 22 24 25 27 29 31 34 36 38 40 43 44 46 48 50 52 54 56 58 60 62 65 66 69 70 73 74 1
2 3 5 7 9 11 14 16 18 20 22 24 25 27 29 32 34 36 38 40 42 44 46 48 50 52 54 56 58 60 62 64 66 69 70 73 74 0
2 3 5 7 9 11 14 16 18 20 22 24 25 27 29 31 34 36 38 40 43 44 46 48 50 52 54 56 58 60 62 64 66 69 70 73 74 0
2 3 5 7 9 11 14 16 18 20 22 24 25 27 29 32 34 36 38 40 43 44 46 48 50 52 54 56 58 60 62 64 66 69 70 73 74 1
2 3 5 7 9 11 14 15 18 20 22 24 25 27 29 32 34 36 38 40 43 44 46 48 50 52 54 56 58 60 62 64 66 68 70 73 74 1
2 3 5 7 9 11 14 15 18 20 22 24 25 27 29 31 34 36 38 40 43 44 46 48 50 52 54 56 58 60 62 65 66 69 70 72 74 0
2 3 5 7 9 11 14 16 18 20 22 24 25 27 29 32 34 36 38 40 43 44 46 48 50 52 54 56 58 60 62 64 66 69 70 72 74 1
2 3 5 7 9 11 14 15 18 20 22 24 25 27 29 31 34 36 38 40 43 44 46 48 50 52 54 56 58 60 62 65 66 68 70 72 74 0
2 3 5 7 10 11 14 16 18 20 22 23 25 27 29 31 34 36 38 40 42 44 46 48 51 52 54 56 58 60 62 64 66 68 70 72 74 1
2 4 5 7 9 11 14 15 18 20 22 24 25 27 29 33 34 36 38 40 42 44 46 48 50 52 54 56 58 60 62 64 66 68 70 72 74 1
2 3 5 7 9 12 14 15 18 20 22 24 25 27 29 31 34 36 39 40 42 44 46 48 50 52 54 56 58 60 62 64 66 69 71 73 74 1
2 3 5 7 9 12 14 15 18 20 22 24 25 27 29 31 34 36 39 40 42 44 46 48 50 52 54 56 58 60 62 65 66 69 71 73 74 0
2 3 5 7 9 12 14 15 18 20 22 24 25 27 29 31 34 36 39 40 42 44 46 48 50 52 54 56 58 60 62 64 66 68 71 73 74 0
2 3 5 7 9 12 14 15 18 20 22 24 25 27 29 32 34 36 39 40 42 44 46 48 50 52 54 56 58 60 62 64 66 68 71 73 74 0
2 3 5 7 9 12 14 15 18 20 22 24 25 27 29 31 34 36 39 40 43 44 46 48 50 52 54 56 58 60 62 64 66 68 71 73 74 0
2 3 5 7 9 12 14 15 18 20 22 24 25 27 29 32 34 36 39 40 43 44 46 48 50 52 54 56 58 60 62 64 66 68 71 73 74 1
2 3 5 7 10 11 14 16 18 20 22 24 25 27 29 31 34 36 39 40 42 44 46 48 51 52 54 56 58 60 62 64 66 69 70 72 74 0
2 3 5 7 9 12 14 15 18 20 22 24 25 27 29 32 34 36 39 40 42 44 46 48 50 52 54 56 58 60 62 64 66 68 71 72 74 0
2 3 5 7 10 11 13 16 18 20 22 23 25 27 29 31 34 36 38 40 42 44 46 48 51 52 55 56 58 60 62 64 66 68 71 72 74 0
2 3 5 7 9 12 13 16 18 20 22 23 25 27 29 31 34 36 38 40 42 44 46 48 50 52 55 56 58 60 62 64 66 69 71 72 74 1
2 3 5 7 9 11 13 16 18 20 22 23 25 27 29 31 35 36 38 40 42 44 46 48 50 52 55 56 58 60 62 64 66 69 71 72 74 1
2 3 5 7 9 12 13 16 18 20 22 23 25 27 29 31 35 36 38 40 42 44 46 48 50 52 55 56 58 60 62 64 66 69 71 72 74 1
2 3 5 7 9 11 13 16 18 20 22 23 25 27 29 31 34 36 38 40 42 44 47 48 50 52 55 56 58 60 62 64 66 69 71 72 74 1
2 3 5 7 9 12 13 16 18 20 22 23 25 27 29 31 34 36 38 40 42 44 47 48 50 52 55 56 58 60 62 64 66 69 71 72 74 1
2 3 5 7 9 12 13 16 18 20 22 23 25 27 29 31 34 36 38 40 42 44 47 48 50 52 55 56 58 60 62 64 66 68 71 72 74 0
2 3 5 7 10 11 13 16 18 20 22 23 25 27 29 31 34 36 39 40 42 44 46 48 51 52 55 56 58 60 62 64 66 69 71 72 74 1
2 3 5 7 10 11 13 16 18 20 22 23 25 27 29 31 34 36 39 40 42 44 46 48 51 52 55 56 58 60 62 64 66 68 71 72 74 1
2 3 5 7 9 12 13 16 18 20 22 23 25 27 29 31 34 36 39 40 42 44 46 48 50 52 55 56 58 60 62 64 66 69 71 72 74 0
2 3 5 7 9 12 13 16 18 20 22 23 25 27 29 31 34 36 39 40 42 44 46 48 50 52 55 56 58 60 62 64 66 68 71 72 74 0
2 3 6 7 9 11 14 15 17 19 22 23 25 27 29 31 35 36 38 40 42 44 46 48 51 52 55 56 58 60 62 64 66 69 70 72 74 1
2 3 6 7 10 11 14 15 17 19 22 23 25 27 29 31 35 36 38 40 42 44 46 48 51 52 55 56 58 60 62 64 66 69 70 72 74 0
2 3 6 7 9 11 14 15 17 19 22 23 25 27 29 31 34 36 39 40 42 44 46 48 50 52 55 56 58 60 62 64 66 69 71 72 74 1
2 3 5 7 9 12 14 15 18 20 22 23 25 27 29 31 34 36 39 40 42 44 46 48 50 52 55 56 58 60 62 64 66 69 71 72 74 0
2 3 5 7 9 12 14 15 18 20 22 23 25 27 29 31 34 36 39 40 42 44 46 48 50 52 55 56 58 60 62 64 66 68 71 72 74 1
2 3 5 7 9 11 13 15 17 19 22 24 26 28 29 31 34 36 38 40 42 44 46 49 50 52 54 56 58 60 62 64 66 69 70 73 74 0
2 3 5 7 9 11 13 15 17 19 22 24 26 28 29 31 34 37 38 40 42 44 46 49 51 52 54 56 58 60 62 64 66 68 70 72 74 1
2 3 5 7 9 11 13 15 17 19 22 24 26 28 29 31 34 37 38 40 42 44 46 49 50 52 54 56 58 60 62 64 66 69 70 72 74 1
2 3 5 7 9 11 13 15 17 19 22 24 26 28 29 31 34 37 38 40 42 44 46 49 50 52 54 56 58 60 62 64 66 68 70 72 74 1
2 3 5 7 9 11 13 16 18 20 22 24 26 28 29 31 34 36 38 40 42 44 46 49 50 52 54 56 58 60 62 64 66 69 70 73 74 1
2 3 5 7 9 11 13 16 18 20 22 23 26 28 29 31 34 36 38 40 42 44 46 49 50 52 54 56 58 60 62 64 67 69 70 73 74 1
2 3 5 7 9 11 14 16 17 19 22 24 26 28 29 31 34 36 38 40 42 44 46 49 50 52 54 56 58 60 62 64 66 69 70 73 74 0
2 3 6 7 9 11 13 15 17 19 22 23 26 27 29 31 34 36 39 40 42 44 46 48 51 52 54 56 58 60 62 64 66 69 71 72 74 0
2 3 6 7 9 11 13 15 17 19 22 23 26 27 29 31 34 36 39 40 42 44 46 48 50 52 54 56 58 60 62 64 66 69 70 72 74 0
2 3 6 7 9 11 13 15 17 19 22 23 26 27 29 31 34 36 39 40 42 44 46 48 50 52 54 56 58 60 62 64 66 68 71 72 74 1
2 3 5 7 9 11 13 16 18 20 22 24 26 27 29 32 34 36 38 40 42 44 46 48 50 52 54 56 58 60 62 64 66 69 70 73 74 1
2 3 5 7 9 11 13 16 18 20 22 24 26 27 29 32 34 36 39 40 42 44 46 48 50 52 54 56 58 60 62 64 66 69 70 72 74 1
2 3 5 7 9 11 13 16 18 20 22 24 26 27 29 31 34 37 38 40 43 44 46 48 50 52 54 56 58 60 62 64 66 68 70 72 74 0
2 3 5 7 9 11 13 15 17 19 22 24 26 27 29 31 34 36 38 40 42 44 46 49 50 52 54 56 58 60 62 64 66 69 70 73 74 1
2 3 5 7 9 11 13 15 17 19 22 24 26 27 29 31 34 37 38 40 42 44 46 49 50 52 54 56 58 60 62 64 66 69 70 72 74 1
2 3 5 7 9 11 13 16 18 20 22 24 26 27 29 31 34 36 38 40 42 44 46 49 50 52 54 56 58 60 62 64 66 69 70 73 74 0
2 3 5 7 9 11 13 16 18 20 22 23 26 27 29 31 34 36 38 40 42 44 46 49 50 52 54 56 58 60 62 64 67 69 70 73 74 0
2 3 5 7 9 11 14 16 17 19 22 24 26 27 29 32 34 36 38 40 42 44 46 48 50 52 54 56 58 60 62 64 66 69 70 73 74 0
2 3 5 7 9 11 14 16 17 19 22 24 26 27 29 31 34 36 38 40 42 44 46 49 50 52 54 56 58 60 62 64 66 69 70 73 74 0
2 3 5 7 9 11 14 16 17 19 22 24 26 27 29 31 34 37 38 40 43 44 46 49 51 52 54 56 58 60 62 64 66 68 70 72 74 0
2 3 5 7 9 11 14 16 17 19 22 24 26 27 29 31 34 37 38 40 42 44 46 49 50 52 54 56 58 60 62 64 66 68 70 72 74 1
2 3 5 7 9 11 14 16 17 19 22 24 26 27 29 31 34 37 38 40 43 44 46 49 50 52 54 56 58 60 62 64 66 68 70 72 74 1
2 3 5 7 9 11 14 16 17 19 22 24 26 27 29 31 34 37 39 40 42 44 46 49 50 52 54 56 58 60 62 64 66 69 70 72 74 1
2 3 6 7 9 11 13 15 17 19 22 23 26 27 29 31 34 36 39 40 42 44 46 48 50 52 55 56 58 60 62 64 66 69 70 72 74 1
2 3 6 7 9 11 13 15 17 19 22 23 26 27 29 31 34 36 39 40 42 44 46 48 50 52 55 56 58 60 62 64 66 69 71 72 74 0
2 3 5 8 9 11 13 16 18 20 22 23 25 28 29 31 34 36 38 40 42 44 46 48 51 52 54 56 58 60 62 64 66 68 71 72 75 0
2 3 5 7 10 11 13 16 18 20 22 23 25 28 29 31 34 36 38 40 42 44 46 48 51 52 54 56 58 60 62 64 66 68 71 72 75 0
2 3 5 8 9 12 13 16 18 20 22 23 25 28 29 31 34 36 38 40 42 44 46 48 51 52 54 56 58 60 62 64 66 68 71 72 75 1
2 3 5 7 10 12 13 16 18 20 22 23 25 28 29 31 34 36 38 40 42 44 46 48 51 52 54 56 58 60 62 64 66 68 71 72 75 1
2 3 5 7 9 12 13 16 18 20 22 23 25 28 29 31 34 36 38 40 42 44 46 48 50 52 54 56 58 60 62 64 66 69 71 72 75 0
2 3 5 7 9 12 13 16 18 20 22 23 25 28 29 31 35 36 38 40 42 44 46 48 50 52 54 56 58 60 62 64 66 69 71 72 75 1
2 3 5 7 9 12 13 16 18 20 22 23 25 28 29 31 34 36 38 40 42 44 47 48 50 52 54 56 58 60 62 64 66 69 71 72 75 0
2 3 5 7 9 11 13 16 18 20 22 23 25 28 29 31 35 36 38 40 42 44 47 48 50 52 54 56 58 60 62 64 66 69 71 72 75 1
2 3 5 7 9 11 13 16 18 20 22 23 25 28 29 31 34 36 38 40 42 44 46 48 50 52 54 56 58 60 62 64 66 68 71 72 75 0
2 3 5 7 9 12 13 16 18 20 22 23 25 28 29 31 34 36 38 40 42 44 46 48 50 52 54 56 58 60 62 64 66 68 70 72 75 1
2 3 5 7 9 12 13 16 18 20 22 23 25 28 29 31 34 36 38 40 42 44 46 48 50 52 54 56 58 60 62 64 66 68 71 72 75 0
2 3 5 7 9 12 14 15 18 20 22 23 25 28 29 31 34 36 38 40 42 44 46 48 50 52 54 56 58 60 62 64 66 69 70 72 75 0
2 3 5 7 9 12 14 16 18 20 22 23 25 28 29 31 34 36 38 40 42 44 46 48 50 52 54 56 58 60 62 64 66 68 70 72 75 1
2 3 5 7 9 12 13 16 17 19 22 23 25 28 29 31 34 36 38 40 42 44 46 48 50 52 55 57 58 60 62 64 66 69 70 72 75 0
2 3 5 7 9 11 13 15 17 19 22 23 25 28 29 31 34 37 38 40 42 44 46 48 50 52 55 56 58 60 62 64 66 68 70 72 75 1
2 3 5 8 9 12 13 16 18 20 22 23 25 28 29 31 34 36 38 40 42 44 46 48 51 52 55 56 58 60 62 64 66 68 71 72 75 1
2 3 5 7 10 12 13 16 18 20 22 23 25 28 29 31 34 36 38 40 42 44 46 48 51 52 55 56 58 60 62 64 66 68 71 72 75 0
2 3 5 7 10 12 13 16 18 20 22 23 25 28 29 31 34 36 38 40 42 44 46 48 50 52 55 56 58 60 62 64 66 69 71 72 75 1
2 3 5 7 9 12 13 16 18 20 22 23 25 28 29 31 34 36 38 40 42 44 47 48 50 52 55 56 58 60 62 64 66 69 71 72 75 1
2 3 5 7 10 12 13 16 18 20 22 23 25 28 29 31 34 36 38 40 42 44 47 48 50 52 55 56 58 60 62 64 66 69 71 72 75 1
2 3 5 7 9 12 13 16 18 20 22 23 25 28 29 31 34 36 38 40 42 44 46 48 50 52 55 56 58 60 62 64 66 68 70 72 75 1
2 3 5 7 9 12 13 16 18 20 22 23 25 28 29 31 34 36 38 40 42 44 46 48 50 52 55 56 58 60 62 64 66 68 71 72 75 1
2 3 5 7 9 12 13 16 18 20 22 23 25 28 29 31 34 36 38 40 42 44 47 48 50 52 55 56 58 60 62 64 66 68 71 72 75 1
2 3 5 8 10 12 13 16 18 20 22 23 25 28 29 31 34 36 39 40 42 44 46 48 51 52 55 56 58 60 62 64 66 69 71 72 75 1
2 3 5 8 9 12 13 16 18 20 22 23 25 28 29 31 34 36 39 40 42 44 46 48 51 52 55 56 58 60 62 64 66 68 71 72 75 1
2 3 5 7 9 11 13 15 17 19 22 23 25 28 29 31 34 37 38 40 42 44 46 49 50 52 55 56 58 60 62 64 66 68 70 72 75 0
2 3 5 8 9 12 14 16 17 19 22 23 25 28 29 31 34 36 38 40 42 44 46 48 51 52 55 56 58 60 62 64 66 69 70 72 75 1
2 3 5 7 10 11 14 15 17 19 22 23 25 28 29 31 34 36 38 40 42 44 46 48 51 52 55 56 58 60 62 64 66 68 70 72 75 0
2 3 5 7 9 12 14 16 17 19 22 23 25 28 29 31 34 36 38 40 42 44 46 48 51 52 55 56 58 60 62 64 66 68 70 72 75 0
2 3 5 8 9 12 14 16 17 19 22 23 25 28 29 31 34 36 38 40 42 44 46 48 51 52 55 56 58 60 62 64 66 68 70 72 75 1
2 3 5 7 10 12 14 16 18 20 22 23 25 28 29 31 34 36 38 40 42 44 46 48 51 52 55 56 58 60 62 64 66 68 70 72 75 1
2 3 5 7 9 11 14 15 18 20 22 23 25 28 29 31 34 36 38 40 42 44 46 48 50 52 55 57 58 60 62 64 66 69 70 72 75 1
2 3 5 7 9 12 14 15 18 20 22 23 25 28 29 31 34 36 38 40 42 44 46 48 50 52 55 57 58 60 62 64 66 69 70 72 75 0
2 3 5 7 9 12 14 15 18 20 22 23 25 28 29 31 34 36 38 40 42 44 46 48 50 52 55 56 58 60 62 64 66 68 70 72 75 1
2 3 5 7 9 12 14 16 18 20 22 23 25 28 29 31 34 36 38 40 42 44 46 48 50 52 55 56 58 60 62 64 66 68 70 72 75 1
2 3 5 7 9 11 13 16 18 20 22 23 25 27 29 31 34 36 38 40 42 44 47 48 50 52 54 56 58 60 62 64 66 69 71 72 75 0
2 3 5 7 9 12 13 16 18 20 22 23 25 27 29 31 34 36 38 40 42 44 47 48 50 52 54 56 58 60 62 64 66 69 71 72 75 1
2 3 5 7 9 11 13 16 18 20 22 23 25 27 29 31 35 36 38 40 42 44 47 48 50 52 54 56 58 60 62 64 66 69 71 72 75 0
2 3 5 8 9 11 13 16 18 20 22 23 25 27 29 31 34 36 39 40 42 44 46 48 51 52 54 56 58 60 62 64 66 68 71 72 75 1
2 3 5 7 10 11 13 16 18 20 22 23 25 27 29 31 34 36 39 40 42 44 46 48 51 52 54 56 58 60 62 64 66 68 71 72 75 0
2 3 5 8 9 12 13 16 18 20 22 23 25 27 29 31 34 36 39 40 42 44 46 48 51 52 54 56 58 60 62 64 66 68 71 72 75 0
2 3 5 7 10 12 13 16 18 20 22 23 25 27 29 31 34 36 39 40 42 44 46 48 51 52 54 56 58 60 62 64 66 68 71 72 75 1
2 3 5 7 9 12 13 16 18 20 22 23 25 27 29 31 34 36 39 40 42 44 46 48 50 52 54 56 58 60 62 64 66 69 71 72 75 0
2 3 5 7 9 12 13 16 18 20 22 23 25 27 29 31 35 36 39 40 42 44 46 48 50 52 54 56 58 60 62 64 66 69 71 72 75 1
2 3 5 7 9 11 14 15 18 20 22 23 25 27 29 31 34 36 39 40 42 44 46 48 50 52 54 56 58 60 62 64 66 69 71 72 75 1
2 3 5 7 9 12 14 15 18 20 22 23 25 27 29 31 34 36 39 40 42 44 46 48 50 52 54 56 58 60 62 64 66 69 71 72 75 1
2 3 5 7 9 12 14 15 18 20 22 23 25 27 29 31 34 36 39 40 42 44 46 48 50 52 54 56 58 60 63 64 66 69 71 72 75 1
2 3 6 7 9 11 13 15 17 19 22 23 25 27 29 31 35 36 38 40 42 44 46 48 50 52 55 56 58 60 62 64 66 68 70 72 75 1
2 3 6 7 9 11 13 15 17 19 22 23 25 27 29 31 34 36 39 40 42 44 46 48 51 52 55 56 58 60 62 64 66 68 71 72 75 1
2 3 6 7 9 11 13 15 17 19 22 23 25 27 29 31 34 36 39 40 42 44 46 48 50 52 55 56 58 60 62 64 66 68 71 72 75 1
2 3 5 8 9 11 13 16 18 20 22 23 25 27 29 31 34 36 38 40 42 44 46 48 51 52 55 56 58 60 62 64 66 68 71 72 75 1
2 3 5 7 10 11 13 16 18 20 22 23 25 27 29 31 34 36 38 40 42 44 46 48 51 52 55 56 58 60 62 64 66 68 71 72 75 1
2 3 5 7 9 11 13 16 18 20 22 23 25 27 29 31 34 36 38 40 42 44 46 48 50 52 55 56 58 60 62 64 66 69 71 72 75 1
2 3 5 7 9 12 13 16 18 20 22 23 25 27 29 31 34 36 38 40 42 44 46 48 50 52 55 56 58 60 62 64 66 69 70 72 75 1
2 3 5 7 9 12 13 16 18 20 22 23 25 27 29 31 34 36 38 40 42 44 46 48 50 52 55 56 58 60 62 64 66 69 71 72 75 1
2 3 5 7 9 11 13 16 18 20 22 23 25 27 29 31 35 36 38 40 42 44 46 48 50 52 55 56 58 60 62 64 66 69 71 72 75 1
2 3 5 7 9 12 13 16 18 20 22 23 25 27 29 31 35 36 38 40 42 44 46 48 50 52 55 56 58 60 62 64 66 69 71 72 75 1
2 3 5 7 9 12 13 16 18 20 22 23 25 27 29 31 34 36 38 40 42 44 47 48 50 52 55 56 58 60 62 64 66 69 71 72 75 0
2 3 5 7 9 12 13 16 18 20 22 23 25 27 29 31 34 36 38 40 42 44 46 48 50 52 55 56 58 60 62 64 66 68 70 72 75 0
2 3 5 7 9 12 13 16 18 20 22 23 25 27 29 31 34 36 38 40 42 44 46 48 50 52 55 56 58 60 62 64 66 68 71 72 75 0
2 3 5 7 9 11 13 16 18 20 22 23 25 27 29 31 34 36 38 40 42 44 47 48 50 52 55 56 58 60 62 64 66 68 71 72 75 1
2 3 5 7 9 12 13 16 18 20 22 23 25 27 29 31 34 36 38 40 42 44 47 48 50 52 55 56 58 60 62 64 66 68 71 72 75 1
2 3 5 8 9 11 13 16 18 20 22 23 25 27 29 31 34 36 39 40 42 44 46 48 51 52 55 56 58 60 62 64 66 69 71 72 75 1
2 3 5 7 10 11 13 16 18 20 22 23 25 27 29 31 34 36 39 40 42 44 46 48 51 52 55 56 58 60 62 64 66 69 71 72 75 0
2 3 5 8 9 12 13 16 18 20 22 23 25 27 29 31 34 36 39 40 42 44 46 48 51 52 55 56 58 60 62 64 66 69 71 72 75 0
2 3 5 7 10 12 13 16 18 20 22 23 25 27 29 31 34 36 39 40 42 44 46 48 51 52 55 56 58 60 62 64 66 69 71 72 75 0
2 3 5 8 9 11 13 16 18 20 22 23 25 27 29 31 34 36 39 40 42 44 46 48 51 52 55 56 58 60 62 64 66 68 71 72 75 1
2 3 5 7 10 11 13 16 18 20 22 23 25 27 29 31 34 36 39 40 42 44 46 48 51 52 55 56 58 60 62 64 66 68 71 72 75 0
2 3 5 8 9 12 13 16 18 20 22 23 25 27 29 31 34 36 39 40 42 44 46 48 51 52 55 56 58 60 62 64 66 68 71 72 75 1
2 3 5 7 10 12 13 16 18 20 22 23 25 27 29 31 34 36 39 40 42 44 46 48 51 52 55 56 58 60 62 64 66 68 71 72 75 0
2 3 5 7 9 12 13 16 18 20 22 23 25 27 29 31 34 36 39 40 42 44 46 48 50 52 55 56 58 60 62 64 66 69 71 72 75 0
2 3 5 7 9 12 13 16 18 20 22 23 25 27 29 31 34 36 39 40 42 44 46 48 50 52 55 56 58 60 62 64 66 68 71 72 75 0
2 3 5 8 9 11 14 16 17 19 22 23 25 27 29 31 34 36 38 40 42 44 46 48 51 52 55 56 58 60 62 64 66 69 70 72 75 0
2 3 6 7 9 11 14 15 17 19 22 23 25 27 29 31 35 36 38 40 42 44 46 48 51 52 55 56 58 60 62 64 66 68 70 72 75 1
2 3 6 7 10 11 14 15 17 19 22 23 25 27 29 31 35 36 38 40 42 44 46 48 51 52 55 56 58 60 62 64 66 68 70 72 75 0
2 3 5 8 9 11 14 16 17 19 22 23 25 27 29 31 34 36 38 40 42 44 46 48 51 52 55 56 58 60 62 64 66 68 70 72 75 0
2 3 6 7 9 11 14 15 17 19 22 23 25 27 29 31 34 36 39 40 42 44 46 48 51 52 55 56 58 60 62 64 66 68 70 72 75 0
2 3 6 7 9 11 14 15 17 19 22 23 25 27 29 31 34 36 39 40 42 44 46 48 51 52 55 56 58 60 62 64 66 68 71 72 75 0
2 3 6 7 10 11 14 15 17 19 22 23 25 27 29 31 34 36 39 40 42 44 46 48 51 52 55 56 58 60 62 64 66 68 71 72 75 0
2 3 6 7 9 11 14 15 17 19 22 23 25 27 29 31 34 36 39 40 42 44 46 48 50 52 55 56 58 60 62 64 66 68 70 72 75 1
2 3 6 7 9 11 14 15 17 19 22 23 25 27 29 31 34 36 39 40 42 44 46 48 50 52 55 56 58 60 62 64 66 68 71 72 75 1
2 3 5 7 9 11 14 15 18 20 22 23 25 27 29 31 34 36 38 40 42 44 46 48 50 52 55 57 58 60 62 64 66 69 70 72 75 0
2 3 5 7 9 12 14 15 18 20 22 23 25 27 29 31 34 36 38 40 42 44 46 48 50 52 55 57 58 60 62 64 66 69 70 72 75 1
2 3 5 7 9 12 14 15 18 20 22 23 25 27 29 31 34 36 38 40 42 44 46 48 50 52 55 57 58 60 63 64 66 69 70 72 75 1
2 3 5 7 9 11 14 16 18 20 22 23 25 27 29 31 34 36 38 40 42 44 46 48 50 52 55 56 58 60 62 64 66 69 70 72 75 1
2 3 5 7 9 12 14 16 18 20 22 23 25 27 29 31 34 36 38 40 42 44 46 48 50 52 55 56 58 60 62 64 66 69 70 72 75 0
2 3 5 7 9 12 14 16 18 20 22 23 25 27 29 31 34 36 38 40 42 44 46 48 50 52 55 56 58 60 62 64 66 68 70 72 75 0
2 3 5 7 10 11 14 16 18 20 22 23 25 27 29 31 34 36 39 40 42 44 46 48 51 52 55 56 58 60 62 64 66 68 70 72 75 0
2 3 5 7 9 11 14 15 18 20 22 23 25 27 29 31 34 36 39 40 42 44 46 48 50 52 55 57 58 60 62 64 66 69 71 72 75 1
2 3 5 7 9 12 14 15 18 20 22 23 25 27 29 31 34 36 39 40 42 44 46 48 50 52 55 57 58 60 62 64 66 69 71 72 75 0
2 3 5 7 9 11 13 15 17 19 22 23 26 28 29 31 34 36 38 40 42 44 46 48 51 52 55 56 58 60 62 64 66 68 70 72 75 0
2 3 5 7 9 11 14 15 17 19 22 23 26 28 29 31 34 36 38 40 42 44 46 48 51 52 55 56 58 60 62 64 66 68 70 72 75 0
2 3 6 7 9 11 13 15 17 19 22 23 26 27 29 31 34 36 39 40 42 44 46 48 50 52 55 56 58 60 62 64 66 68 71 72 75 1
2 3 6 7 9 11 13 15 17 19 22 23 26 27 29 31 35 36 39 40 42 44 46 48 50 52 55 56 58 60 62 64 66 68 70 72 75 1
2 3 6 7 9 11 13 15 17 19 22 23 26 27 29 31 35 36 39 40 42 44 46 48 50 52 55 56 58 60 62 64 66 68 71 72 75 1
2 3 5 7 9 11 13 16 17 19 22 23 25 28 29 31 34 36 38 40 43 44 46 49 50 52 54 56 58 61 62 64 67 68 70 73 74 1
2 3 5 7 9 11 13 16 17 19 22 23 25 27 29 31 34 36 38 40 43 44 46 49 50 52 54 56 58 61 62 64 67 68 70 73 74 1
2 3 5 7 9 11 13 16 17 19 22 23 26 28 29 31 34 36 38 40 43 44 46 49 50 52 54 56 58 61 62 64 67 68 70 73 74 0
2 3 5 7 9 11 13 16 17 19 22 23 26 27 29 31 34 36 38 40 43 44 46 49 50 52 54 56 58 61 62 64 67 68 70 73 74 1
2 3 5 7 9 12 13 15 17 20 21 24 25 28 29 33 34 36 38 40 42 44 47 48 51 52 54 56 58 60 62 64 66 68 70 73 74 1
2 3 5 7 10 12 13 15 17 19 21 24 25 28 29 33 34 36 38 40 42 44 46 48 50 52 54 56 58 60 62 64 66 68 70 73 74 1
2 3 5 7 9 12 13 15 17 20 21 24 25 28 29 33 34 36 38 40 42 44 47 48 50 52 54 56 58 60 62 64 66 68 70 73 74 0
2 3 5 7 9 11 13 15 17 19 21 23 25 28 29 33 34 36 38 40 42 44 46 48 50 52 54 56 58 60 62 65 67 68 70 73 74 0
2 3 5 7 9 12 13 15 17 20 21 24 25 28 29 33 34 36 38 40 42 44 47 48 51 52 54 56 58 60 62 64 66 68 70 72 74 0
2 3 5 7 9 12 13 16 17 20 21 24 25 28 29 33 34 36 38 40 42 44 47 48 51 52 54 56 58 60 62 64 66 68 70 72 74 1
2 3 5 7 9 11 13 15 17 19 21 23 25 28 29 31 34 36 38 40 42 44 46 48 51 52 54 56 58 60 62 65 67 68 70 73 74 1
2 3 5 7 9 11 13 15 17 19 21 23 25 28 29 31 34 36 38 40 42 44 46 48 51 52 54 56 58 60 63 64 67 68 70 73 74 1
2 3 5 7 9 11 13 15 17 20 21 23 25 28 29 31 34 36 38 40 42 44 47 48 51 52 54 56 58 60 62 64 67 68 70 73 74 1
2 3 5 7 9 11 13 15 17 20 21 23 25 28 29 31 34 36 38 40 42 44 47 48 50 52 54 56 58 60 62 64 67 68 70 73 74 0
2 3 5 7 9 11 13 16 17 20 21 23 25 28 29 31 34 36 38 40 42 44 47 48 50 52 54 56 58 60 62 64 67 68 70 73 74 0
2 4 5 7 9 11 13 15 17 19 21 23 25 28 29 33 34 36 38 40 42 44 46 48 51 52 54 56 58 60 62 64 67 68 70 73 74 0
2 4 5 7 9 11 13 15 17 19 21 23 25 28 29 33 34 36 38 40 42 44 46 48 51 52 54 56 58 60 63 64 67 68 70 73 74 1
2 4 5 7 9 11 13 15 17 19 21 23 25 28 29 33 34 36 38 40 42 44 46 48 50 52 54 56 58 60 62 64 67 68 70 73 74 0
2 4 5 7 9 11 13 15 17 19 21 23 25 28 29 31 34 36 38 40 42 44 46 48 51 52 54 56 58 60 62 64 67 68 70 73 74 0
2 4 5 7 9 11 13 15 17 19 21 23 25 28 29 31 34 36 38 40 42 44 46 48 51 52 54 56 58 60 63 64 67 68 70 73 74 1
2 3 5 7 9 12 13 16 18 20 21 24 25 28 29 33 34 36 38 40 42 44 46 48 51 52 54 56 58 60 62 64 66 68 70 72 74 0
2 3 5 7 9 12 13 16 18 20 21 24 25 28 29 33 34 36 38 40 42 44 47 48 51 52 54 56 58 60 62 64 66 68 70 72 74 1
2 3 5 7 9 12 13 16 18 20 21 24 25 28 29 33 34 36 38 40 42 44 46 48 50 52 54 56 58 60 62 64 66 68 70 72 74 1
2 3 5 7 9 12 13 16 18 20 21 24 25 28 29 33 34 36 38 40 42 44 47 48 50 52 54 56 58 60 62 64 66 68 70 72 74 0
2 3 5 7 9 12 13 16 18 20 21 24 25 28 29 31 34 36 38 40 42 44 46 48 51 52 54 56 58 60 62 64 66 68 70 73 74 0
2 3 5 7 9 11 13 16 18 20 21 24 25 28 29 31 34 36 38 40 42 44 47 48 50 52 54 56 58 60 62 64 66 68 70 73 74 0
2 3 5 7 9 12 13 16 18 20 21 23 25 28 29 31 34 36 38 40 42 44 47 48 50 52 54 56 58 60 62 64 66 69 70 72 74 1
2 3 5 7 9 11 13 15 17 19 21 24 25 28 29 33 34 37 38 40 42 44 46 49 50 52 54 56 58 60 62 64 66 68 70 72 74 0
2 3 5 7 9 11 13 16 18 20 21 23 25 28 29 31 34 36 38 40 42 44 46 49 50 52 54 56 58 60 62 64 67 68 70 73 74 0
2 3 5 7 9 11 13 16 18 20 21 23 25 28 29 31 34 36 38 40 42 44 47 49 50 52 54 56 58 60 62 64 67 68 70 73 74 1
2 4 5 8 9 11 13 15 17 19 21 24 25 28 30 33 34 36 38 40 42 44 46 48 51 52 54 56 58 60 62 64 66 68 71 73 74 0
2 4 6 8 9 11 13 15 17 19 21 24 25 28 30 33 35 36 38 40 42 44 46 48 51 52 54 56 58 60 62 64 66 68 71 73 74 1
2 4 5 7 10 11 13 15 17 19 21 24 25 28 30 33 34 36 38 40 42 44 46 48 50 52 54 56 58 60 62 64 66 68 71 73 74 0
2 4 6 7 10 11 13 15 17 19 21 24 25 28 30 33 35 36 38 40 42 44 46 48 50 52 54 56 58 60 62 64 66 68 71 73 74 0
2 4 5 8 9 11 13 15 17 19 21 24 25 28 30 31 34 36 38 40 42 44 46 48 51 52 54 56 58 60 62 64 66 68 71 73 74 0
2 4 6 8 9 11 13 15 17 19 21 24 25 28 30 31 35 36 38 40 42 44 46 48 51 52 54 56 58 60 62 64 66 68 71 73 74 0
2 4 5 7 10 11 13 15 17 19 21 24 25 28 30 31 34 36 38 40 42 44 46 48 50 52 54 56 58 60 62 64 66 68 71 73 74 0
2 4 6 7 10 11 13 15 17 19 21 24 25 28 30 31 35 36 38 40 42 44 46 48 50 52 54 56 58 60 62 64 66 68 71 73 74 1
2 3 5 8 9 12 14 16 17 19 21 23 25 28 29 31 34 36 38 40 42 44 46 48 51 52 54 56 58 60 62 64 66 69 71 72 74 0
2 3 5 7 10 12 14 15 17 19 21 23 25 28 29 31 35 36 38 40 42 44 46 48 50 52 54 56 58 60 62 64 66 69 71 72 74 1
2 4 5 8 9 11 14 15 17 19 21 24 25 28 29 33 34 36 38 40 42 44 46 48 51 52 54 57 58 60 62 64 66 69 71 72 74 1
2 4 5 7 10 11 14 15 17 19 21 24 25 28 29 33 34 36 38 40 42 44 46 48 51 52 54 57 58 60 62 64 66 69 71 72 74 1
2 4 5 8 9 11 14 16 17 19 21 24 25 28 29 33 34 36 38 40 42 44 46 48 51 52 54 57 58 60 62 64 66 69 71 72 74 1
2 4 5 8 9 11 14 16 17 19 21 24 25 28 29 31 34 36 38 40 42 44 46 48 51 52 54 56 58 60 62 64 66 69 71 73 74 1
2 4 5 8 9 11 14 16 17 19 21 24 25 28 29 31 34 36 38 40 42 44 46 48 51 52 54 57 58 60 62 64 66 69 71 72 74 1
2 3 5 7 10 12 14 15 17 19 21 23 25 28 29 31 35 36 39 40 42 44 46 48 51 52 54 56 58 60 62 64 66 69 71 72 74 0
2 3 5 7 10 12 14 16 18 20 21 23 25 28 29 31 34 36 38 40 42 44 46 48 51 52 54 56 58 60 62 64 66 69 71 72 74 1
2 3 5 7 9 12 14 16 18 20 21 23 25 28 29 31 34 36 38 40 42 44 47 48 50 52 54 56 58 60 62 64 66 69 70 72 74 1
2 4 5 7 10 12 14 16 18 20 21 24 25 28 29 33 34 36 38 40 42 44 46 48 51 52 54 57 58 60 62 64 66 69 71 72 74 0
2 4 5 7 10 12 14 16 18 20 21 24 25 28 29 31 34 36 38 40 42 44 46 48 51 52 54 56 58 60 62 64 66 69 71 73 74 0
2 4 5 7 10 12 14 16 18 20 21 24 25 28 29 31 34 36 38 40 42 44 46 48 51 52 54 57 58 60 62 64 66 69 71 72 74 1
2 3 5 7 9 11 13 15 17 19 21 23 25 28 29 31 35 36 38 40 42 44 46 48 51 52 55 56 58 60 63 64 66 69 70 72 74 0
2 3 5 7 9 11 13 15 17 20 21 23 25 28 29 31 34 37 38 40 42 44 47 48 50 52 55 56 58 60 62 64 66 69 70 72 74 1
2 3 5 7 9 12 13 16 18 20 21 23 25 28 29 31 34 36 38 40 42 44 46 48 51 52 55 56 58 60 62 64 66 69 70 72 74 0
2 3 5 7 9 12 13 16 18 20 21 23 25 28 29 31 34 36 38 40 42 44 47 48 50 52 55 56 58 60 62 64 66 69 70 72 74 0
2 3 5 7 9 11 13 15 17 19 21 23 25 28 29 31 34 37 38 40 42 44 46 49 50 52 55 56 58 60 62 64 66 69 70 72 74 0
2 3 5 8 9 12 14 16 17 19 21 23 25 28 29 31 34 36 38 40 42 44 46 48 51 52 55 56 58 60 62 64 66 69 71 72 74 1
2 3 5 7 9 12 14 16 17 20 21 23 25 28 29 31 34 36 38 40 42 44 47 48 51 52 55 56 58 60 62 64 66 69 70 72 74 1
2 3 5 7 10 12 14 15 17 19 21 23 25 28 29 31 35 36 38 40 42 44 46 48 50 52 55 56 58 60 62 64 66 69 71 72 74 0
2 3 5 7 10 12 14 15 17 19 21 23 25 28 29 31 35 36 39 40 42 44 46 48 51 52 55 56 58 60 62 64 66 69 71 72 74 0
2 3 5 7 9 12 14 16 18 20 21 23 25 28 29 31 34 36 38 40 42 44 46 48 51 52 55 56 58 60 62 64 66 69 70 72 74 0
2 3 5 7 10 12 14 16 18 20 21 23 25 28 29 31 34 36 38 40 42 44 46 48 51 52 55 56 58 60 62 64 66 69 71 72 74 0
2 3 5 7 9 12 14 16 18 20 21 23 25 28 29 31 34 36 38 40 42 44 46 48 50 52 55 56 58 60 62 64 66 69 71 72 74 0
2 3 5 7 9 12 14 16 18 20 21 23 25 28 29 31 34 36 38 40 42 44 47 48 50 52 55 56 58 60 62 64 66 69 70 72 74 0
2 3 5 7 9 12 14 16 18 20 21 23 25 28 29 31 34 36 39 40 42 44 46 48 51 52 55 56 58 60 62 64 66 69 71 72 74 0
2 3 5 7 9 12 13 15 17 20 21 24 25 27 29 33 34 36 38 40 42 44 47 48 51 52 54 56 58 60 62 64 66 68 70 73 74 1
2 3 5 7 9 12 13 15 17 20 21 24 25 27 29 33 34 36 38 40 43 44 47 48 51 52 54 56 58 60 62 64 66 68 70 73 74 1
2 3 5 7 10 12 13 15 17 19 21 24 25 27 29 33 34 36 38 40 43 44 46 48 50 52 54 56 58 60 62 64 66 68 70 73 74 0
2 3 5 7 9 12 13 15 17 20 21 24 25 27 29 33 34 36 38 40 43 44 47 48 50 52 54 56 58 60 62 64 66 68 70 73 74 1
2 3 5 7 9 12 13 15 17 19 21 23 25 27 29 33 34 36 38 40 42 44 46 48 51 52 54 56 58 60 62 64 67 68 70 73 74 1
2 3 5 7 9 12 13 15 17 20 21 23 25 27 29 33 34 36 38 40 42 44 47 48 51 52 54 56 58 60 62 64 67 68 70 73 74 0
2 3 5 7 9 12 13 15 17 20 21 23 25 27 29 33 34 36 38 40 43 44 47 48 51 52 54 56 58 60 62 64 67 68 70 73 74 1
2 3 6 7 9 11 13 15 17 19 21 23 25 27 29 33 35 36 38 40 42 44 46 48 50 52 54 56 58 60 62 65 67 68 70 73 74 1
2 3 5 7 9 12 13 15 17 20 21 23 25 27 29 33 34 36 38 40 42 44 47 48 50 52 54 56 58 60 62 64 67 68 70 73 74 0
2 3 5 7 9 12 13 15 17 20 21 23 25 27 29 33 34 36 38 40 43 44 47 48 50 52 54 56 58 60 62 64 67 68 70 73 74 0
2 3 5 7 9 11 13 15 17 19 21 24 25 27 29 31 34 36 38 40 43 44 46 48 51 52 54 57 58 60 62 65 66 69 70 73 74 1
2 3 5 7 9 11 13 15 17 19 21 24 25 27 29 31 34 36 38 40 43 44 46 48 51 53 54 57 58 60 62 65 66 69 70 73 74 1
2 3 5 7 9 12 13 15 17 20 21 24 25 27 29 31 34 36 38 40 43 44 47 48 51 52 54 56 58 60 62 64 66 68 70 73 74 0
2 3 5 7 9 11 13 15 17 20 21 24 25 27 29 31 34 36 38 40 43 44 47 48 51 52 54 56 58 60 62 65 66 68 70 73 74 0
2 3 5 7 9 12 13 15 17 20 21 24 25 27 29 31 34 36 38 40 43 44 47 48 51 52 54 56 58 60 62 65 66 68 70 73 74 1
2 3 5 7 9 11 13 15 17 19 21 24 25 27 29 31 34 36 38 40 43 44 46 48 50 52 54 57 58 60 62 65 66 69 70 73 74 1
2 3 5 7 9 11 13 15 17 19 21 24 25 27 29 31 34 36 38 40 43 44 46 48 50 53 54 57 58 60 62 65 66 69 70 73 74 0
2 3 6 7 9 11 13 15 17 19 21 24 25 27 29 31 35 36 38 40 42 44 46 48 50 52 54 56 58 60 62 65 66 69 70 73 74 0
2 3 5 7 9 12 13 16 17 19 21 24 25 27 29 31 34 36 38 40 43 44 46 48 50 52 54 56 58 60 62 65 66 69 70 73 74 0
2 3 6 7 9 11 13 15 17 19 21 24 25 27 29 31 35 36 38 40 43 44 46 48 50 52 54 56 58 60 62 65 66 68 70 73 74 0
2 3 5 7 9 11 13 15 17 20 21 24 25 27 29 31 34 36 38 40 43 44 47 48 50 52 54 56 58 60 62 65 66 69 70 73 74 1
2 3 5 7 9 11 13 15 17 20 21 24 25 27 29 31 34 36 38 40 43 44 47 48 50 52 54 56 58 60 62 65 66 68 70 73 74 1
2 3 5 7 9 12 13 15 17 20 21 24 25 27 29 31 34 36 38 40 43 44 47 48 50 52 54 56 58 60 62 65 66 68 70 73 74 0
2 3 5 7 9 12 13 15 17 20 21 23 25 27 29 31 34 36 38 40 42 44 47 48 51 52 54 56 58 60 62 64 67 68 70 73 74 1
2 3 5 7 9 11 13 16 17 20 21 23 25 27 29 31 34 36 38 40 43 44 47 48 51 52 54 56 58 60 62 64 67 68 70 73 74 1
2 3 6 7 9 11 13 15 17 19 21 23 25 27 29 31 34 36 38 40 42 44 46 48 50 52 54 56 58 60 62 65 67 68 71 73 74 1
2 3 6 7 9 11 13 15 17 19 21 23 25 27 29 31 35 36 38 40 42 44 46 48 50 52 54 56 58 60 62 65 67 68 70 73 74 1
2 4 6 7 9 11 13 15 17 19 21 23 25 27 29 33 34 36 38 40 42 44 46 48 50 52 54 56 58 60 62 64 67 68 71 73 74 1
2 4 5 7 9 12 13 15 17 20 21 23 25 27 29 33 34 36 38 40 42 44 47 48 50 52 54 56 58 60 62 64 67 68 71 73 74 0
2 4 5 7 9 11 13 15 17 19 21 23 25 27 29 31 34 36 38 40 42 44 46 48 51 52 54 56 58 60 62 65 67 68 70 73 74 0
2 4 5 7 9 11 13 15 17 19 21 23 25 27 29 32 34 36 38 40 42 44 46 48 51 52 54 56 58 60 62 65 67 68 70 73 74 0
2 4 5 7 9 11 13 16 17 19 21 23 25 27 29 31 34 36 38 40 43 44 46 48 51 52 54 56 58 60 62 64 67 68 70 73 74 1
2 4 6 7 9 11 13 15 17 19 21 23 25 27 29 31 34 36 38 40 42 44 46 48 50 52 54 56 58 60 62 64 67 68 71 73 74 1
2 4 5 7 9 11 13 15 17 19 21 23 25 27 29 31 34 36 38 40 42 44 46 48 50 52 54 56 58 60 62 65 67 68 70 73 74 0
2 4 5 7 9 11 13 15 17 19 21 23 25 27 29 32 34 36 38 40 42 44 46 48 50 52 54 56 58 60 62 65 67 68 70 73 74 1
2 4 5 7 9 12 13 15 17 20 21 23 25 27 29 31 34 36 38 40 42 44 47 48 50 52 54 56 58 60 62 64 67 68 71 73 74 0
2 3 5 7 9 11 13 15 17 19 21 24 25 27 29 31 34 36 39 40 43 44 46 48 51 52 54 57 58 60 62 65 66 69 70 73 74 0
2 3 5 7 9 11 13 15 17 19 21 24 25 27 29 31 35 36 39 40 42 44 46 48 51 52 54 56 58 60 62 65 66 69 71 73 74 1
2 3 6 7 9 11 13 15 17 19 21 24 25 27 29 31 35 36 39 40 42 44 46 48 51 52 54 56 58 60 62 65 66 69 70 73 74 0
2 3 5 7 9 11 13 15 17 19 21 24 25 27 29 31 34 36 39 41 42 44 46 48 51 52 54 56 58 60 63 65 66 69 71 73 74 1
2 3 6 7 9 11 13 15 17 19 21 24 25 27 29 31 34 36 39 41 42 44 46 48 51 52 54 56 58 60 63 65 66 69 71 73 74 0
2 3 5 7 9 11 13 15 17 19 21 24 25 27 29 31 34 36 39 40 42 44 46 48 51 53 54 56 58 60 62 65 66 68 71 73 74 0
2 3 5 7 9 11 13 15 17 19 21 24 25 27 29 31 34 36 39 40 43 44 46 48 51 52 54 56 58 60 62 65 66 68 71 73 74 1
2 3 5 7 9 11 13 15 17 19 21 24 25 27 29 31 34 36 39 41 42 44 46 48 51 52 54 56 58 60 63 65 66 68 71 73 74 1
2 3 5 7 9 11 13 15 17 19 21 24 25 27 29 31 34 36 39 40 43 44 46 48 50 52 54 57 58 60 62 64 66 69 70 73 74 0
2 3 5 7 9 11 13 15 17 19 21 24 25 27 29 31 34 36 39 40 42 44 46 48 50 53 54 56 58 60 62 65 66 69 71 73 74 0
2 3 5 7 9 11 13 15 17 19 21 24 25 27 29 31 34 36 39 40 43 44 46 48 50 52 54 56 58 60 62 65 66 69 71 73 74 0
2 3 5 7 9 11 13 15 17 19 21 24 25 27 29 31 34 36 39 40 43 44 46 48 50 52 54 57 58 60 62 65 66 69 70 73 74 0
2 3 5 7 9 12 13 16 17 19 21 24 25 27 29 31 34 36 39 40 42 44 46 48 50 52 54 56 58 60 62 65 66 69 71 73 74 0
2 3 5 7 9 12 13 16 17 19 21 24 25 27 29 31 34 36 39 40 43 44 46 48 50 52 54 56 58 60 62 65 66 69 71 73 74 1
2 3 5 7 10 12 13 15 17 19 21 24 25 27 29 31 34 36 39 40 43 44 46 48 50 52 54 56 58 60 62 64 66 68 71 73 74 0
2 3 5 7 9 11 13 15 17 19 21 24 25 27 29 31 34 36 39 40 43 44 46 48 50 52 54 56 58 60 62 65 66 68 71 73 74 0
2 3 5 7 9 12 13 15 17 19 21 24 25 27 29 31 34 36 39 40 43 44 46 48 50 52 54 56 58 60 62 65 66 68 71 73 74 0
2 3 5 7 10 12 13 15 17 19 21 24 25 27 29 31 34 36 39 40 43 44 46 48 50 52 54 56 58 60 62 65 66 68 71 73 74 0
2 3 5 7 9 11 13 15 17 20 21 24 25 27 29 31 34 36 39 40 43 44 47 48 50 52 54 56 58 60 62 65 66 69 70 73 74 1
2 3 6 7 9 11 13 15 17 19 21 23 25 27 29 31 34 36 39 40 42 44 46 48 51 52 54 56 58 60 62 65 67 68 71 73 74 0
2 3 6 7 9 11 13 15 17 19 21 23 25 27 29 31 35 36 39 40 42 44 46 48 51 52 54 56 58 60 62 65 67 68 70 73 74 0
2 3 6 7 9 11 13 15 17 19 21 23 25 27 29 31 34 36 39 41 42 44 46 48 51 52 54 56 58 60 63 65 67 68 71 73 74 1
2 3 5 7 9 12 13 15 17 20 21 23 25 27 29 31 34 36 39 40 43 44 47 48 51 52 54 56 58 60 62 64 67 68 70 73 74 0
2 3 5 7 9 11 13 15 17 20 21 23 25 27 29 31 34 36 39 40 43 44 47 48 51 52 54 56 58 60 62 65 67 68 70 73 74 0
2 3 5 7 9 12 13 15 17 20 21 23 25 27 29 31 34 36 39 40 43 44 47 48 51 52 54 56 58 60 62 65 67 68 70 73 74 1
2 3 5 7 9 11 13 15 17 20 21 23 25 27 29 31 34 36 39 40 43 44 47 48 50 52 54 56 58 60 62 64 67 68 70 73 74 1
2 3 5 7 9 12 13 15 17 20 21 23 25 27 29 31 34 36 39 40 43 44 47 48 50 52 54 56 58 60 62 64 67 68 70 73 74 1
2 3 5 7 9 11 13 15 17 20 21 23 25 27 29 31 34 36 39 40 43 44 47 48 50 52 54 56 58 60 62 65 67 68 70 73 74 1
2 3 5 7 9 12 13 15 17 20 21 23 25 27 29 31 34 36 39 40 43 44 47 48 50 52 54 56 58 60 62 65 67 68 70 73 74 1
2 4 6 7 9 11 13 15 17 19 21 23 25 27 29 33 34 36 39 40 42 44 46 48 51 52 54 56 58 60 62 64 67 68 71 73 74 0
2 4 6 7 9 11 13 15 17 19 21 23 25 27 29 33 34 36 39 40 42 44 46 48 51 52 54 56 58 60 63 64 67 68 71 73 74 0
2 4 5 7 9 12 13 15 17 20 21 23 25 27 29 33 34 36 39 40 42 44 47 48 51 52 54 56 58 60 62 64 67 68 71 73 74 1
2 4 5 7 9 12 13 15 17 20 21 23 25 27 29 33 34 36 39 40 42 44 47 48 51 52 54 56 58 60 63 64 67 68 71 73 74 0
2 3 5 7 9 11 13 16 18 20 21 24 25 27 29 31 34 36 38 40 43 44 46 48 50 52 54 56 58 60 62 64 66 69 70 73 74 0
2 3 5 7 9 11 13 16 18 20 21 24 25 27 29 31 34 36 38 40 43 44 46 48 50 52 54 56 58 60 62 65 66 69 70 73 74 0
2 3 5 7 9 11 13 16 18 20 21 24 25 27 29 31 34 36 38 40 43 44 47 48 50 52 54 56 58 60 62 64 66 69 70 73 74 1
2 3 5 7 9 11 13 16 18 20 21 24 25 27 29 31 34 36 38 40 43 44 47 48 50 52 54 56 58 60 62 65 66 69 70 73 74 1
2 3 5 7 9 11 13 16 18 20 21 24 25 27 29 31 34 36 38 40 43 44 47 48 50 52 54 56 58 60 62 64 66 68 70 73 74 0
2 4 5 7 9 11 13 16 18 20 21 23 25 27 29 32 34 36 38 40 42 44 46 48 51 52 54 56 58 60 62 64 67 68 70 73 74 0
2 3 5 7 9 12 13 16 18 20 21 24 25 27 29 31 34 36 39 40 42 44 46 48 51 52 54 56 58 60 62 64 66 69 71 73 74 1
2 3 5 7 9 12 13 16 18 20 21 24 25 27 29 31 34 36 39 40 42 44 46 48 51 52 54 56 58 60 62 64 66 68 71 73 74 1
2 3 5 7 9 11 13 16 18 20 21 24 25 27 29 31 34 36 39 40 42 44 46 48 50 52 54 56 58 60 62 65 66 69 71 73 74 1
2 3 5 7 9 11 13 15 17 19 21 24 25 27 29 31 34 37 38 40 42 44 46 49 50 52 54 56 58 60 62 64 66 69 70 73 74 1
2 3 5 7 9 11 13 16 18 20 21 23 25 27 29 31 34 36 38 40 43 44 46 49 50 52 54 56 58 60 62 65 67 68 70 73 74 0
2 3 5 7 9 11 13 16 18 20 21 23 25 27 29 31 34 36 38 40 43 44 47 49 50 52 54 56 58 60 62 65 67 68 70 73 74 0
2 3 5 7 9 11 13 16 18 20 21 23 25 27 29 31 34 36 39 40 43 44 46 49 50 52 54 56 58 60 62 65 67 68 71 73 74 1
2 4 6 8 9 11 13 15 17 19 21 23 25 27 30 33 35 36 38 40 42 44 46 48 51 52 54 56 58 60 62 64 67 68 71 73 74 1
2 4 6 8 9 11 13 15 17 19 21 23 25 27 30 31 35 36 38 40 42 44 46 48 51 52 54 56 58 60 62 64 67 68 71 73 74 0
2 4 6 7 10 11 13 15 17 19 21 23 25 27 30 31 35 36 38 40 43 44 46 48 51 52 54 56 58 60 62 64 67 68 71 73 74 1
2 4 6 7 10 11 13 15 17 19 21 23 25 27 30 31 35 36 38 40 43 44 46 48 50 52 54 56 58 60 62 64 67 68 71 73 74 1
2 4 5 7 9 11 13 15 17 19 21 24 25 27 29 33 34 36 38 40 42 44 46 48 51 52 54 56 59 60 63 64 66 68 70 73 74 0
2 3 5 7 9 11 14 16 17 19 21 24 25 27 29 31 34 36 38 40 43 44 46 48 51 52 54 56 58 60 62 65 66 69 70 73 74 1
2 3 5 7 10 11 14 15 17 19 21 24 25 27 29 31 34 36 38 40 43 44 46 48 50 52 54 57 58 60 62 65 66 69 70 73 74 0
2 3 5 7 10 11 14 15 17 19 21 24 25 27 29 31 34 36 38 40 43 44 46 48 50 53 54 57 58 60 62 65 66 69 70 73 74 0
2 3 5 7 9 11 14 15 17 19 21 24 25 27 29 31 35 36 38 40 42 44 46 48 50 52 54 56 58 60 62 65 66 69 71 73 74 1
2 3 6 7 9 11 14 15 17 19 21 24 25 27 29 31 35 36 38 40 42 44 46 48 50 52 54 56 58 60 62 65 66 69 70 73 74 0
2 3 5 7 9 11 14 15 17 19 21 24 25 27 29 31 35 36 38 40 43 44 46 48 50 52 54 56 58 60 62 65 66 69 71 73 74 0
2 3 6 7 9 11 14 15 17 19 21 24 25 27 29 31 35 36 38 40 43 44 46 48 50 52 54 56 58 60 62 65 66 69 71 73 74 1
2 3 5 7 10 11 14 15 17 19 21 24 25 27 29 31 35 36 38 40 43 44 46 48 50 52 54 57 58 60 62 65 66 69 71 73 74 0
2 3 5 7 10 11 14 15 17 19 21 24 25 27 29 31 35 36 38 40 43 44 46 48 50 53 54 57 58 60 62 65 66 69 71 73 74 0
2 3 5 7 9 12 14 16 17 19 21 24 25 27 29 31 34 36 38 40 43 44 46 48 50 52 54 56 58 60 62 65 66 69 70 73 74 1
2 3 5 7 9 12 14 16 17 19 21 24 25 27 29 31 35 36 38 40 42 44 46 48 50 52 54 56 58 60 62 64 66 69 71 73 74 0
2 3 5 7 9 11 14 16 17 19 21 24 25 27 29 31 35 36 38 40 43 44 46 48 50 52 54 56 58 60 62 65 66 69 71 73 74 0
2 3 5 7 9 12 14 16 17 19 21 24 25 27 29 31 35 36 38 40 43 44 46 48 50 52 54 56 58 60 62 65 66 69 71 73 74 0
2 3 5 7 9 11 14 16 17 20 21 24 25 27 29 31 34 36 38 40 43 44 47 48 50 52 54 56 58 60 62 65 66 69 70 73 74 1
2 4 5 7 10 11 14 15 17 19 21 24 25 27 29 33 34 36 38 40 42 44 46 48 51 52 54 57 58 60 62 65 66 69 71 72 74 1
2 4 5 8 9 11 14 15 17 19 21 24 25 27 29 33 35 36 38 40 42 44 46 48 51 52 54 57 58 60 62 65 66 69 71 72 74 0
2 4 5 8 9 11 14 16 17 19 21 24 25 27 29 33 34 36 38 40 42 44 46 48 51 52 54 57 58 60 62 64 66 69 71 72 74 0
2 4 5 7 10 11 14 15 17 19 21 24 25 27 29 33 34 36 38 40 42 44 46 48 50 52 54 57 58 60 62 65 66 69 71 72 74 0
2 4 5 7 9 12 14 16 17 20 21 24 25 27 29 31 34 36 38 40 42 44 47 48 50 52 54 56 58 60 62 64 66 69 70 73 74 1
2 4 5 7 10 11 14 15 17 19 21 24 25 27 29 31 34 36 38 40 42 44 46 48 51 52 54 57 58 60 62 65 66 69 71 72 74 0
2 4 5 8 9 11 14 15 17 19 21 24 25 27 29 31 35 36 38 40 42 44 46 48 51 52 54 57 58 60 62 65 66 69 71 72 74 0
2 4 5 8 9 11 14 16 17 19 21 24 25 27 29 31 34 36 38 40 42 44 46 48 51 52 54 57 58 60 62 64 66 69 71 72 74 0
2 4 5 7 10 11 14 15 17 19 21 24 25 27 29 31 34 36 38 40 42 44 46 48 50 52 54 57 58 60 62 65 66 69 71 72 74 1
2 3 5 7 9 11 14 15 17 19 21 24 25 27 29 31 35 36 39 40 42 44 46 48 51 52 54 56 58 60 62 65 66 69 71 73 74 0
2 3 6 7 9 11 14 15 17 19 21 24 25 27 29 31 35 36 39 40 42 44 46 48 51 52 54 56 58 60 62 65 66 69 71 73 74 1
2 3 5 7 10 11 14 15 17 19 21 24 25 27 29 31 35 36 39 40 42 44 46 48 51 52 54 57 58 60 62 65 66 69 71 73 74 0
2 3 5 7 9 11 14 15 17 19 21 24 25 27 29 31 35 36 39 41 42 44 46 48 51 52 54 56 58 60 62 65 66 69 71 73 74 0
2 3 6 7 9 11 14 15 17 19 21 24 25 27 29 31 35 36 39 41 42 44 46 48 51 52 54 56 58 60 62 65 66 69 71 73 74 0
2 3 5 7 10 11 14 15 17 19 21 24 25 27 29 31 35 36 39 41 42 44 46 48 51 52 54 57 58 60 62 65 66 69 71 73 74 0
2 3 5 7 10 11 14 15 17 19 21 24 25 27 29 31 35 36 39 40 42 44 46 48 51 53 54 57 58 60 62 65 66 69 71 73 74 1
2 3 5 7 9 11 14 16 17 19 21 24 25 27 29 31 34 36 39 40 42 44 46 48 51 52 54 56 58 60 62 65 66 69 71 73 74 1
2 3 5 7 9 12 14 16 17 19 21 24 25 27 29 31 34 36 39 40 42 44 46 48 51 52 54 56 58 60 62 65 66 69 71 73 74 0
2 3 5 7 9 12 14 16 17 19 21 24 25 27 29 31 35 36 39 40 42 44 46 48 51 52 54 56 58 60 62 64 66 69 71 73 74 1
2 3 5 7 9 11 14 16 17 19 21 24 25 27 29 31 35 36 39 40 42 44 46 48 51 52 54 56 58 60 62 65 66 69 71 73 74 1
2 3 5 7 9 12 14 16 17 19 21 24 25 27 29 31 35 36 39 40 42 44 46 48 51 52 54 56 58 60 62 65 66 69 71 73 74 1
2 3 5 7 9 11 14 15 17 19 21 24 25 27 29 31 34 36 39 40 43 44 46 48 50 52 54 56 58 60 62 65 66 69 70 73 74 1
2 3 5 7 10 11 14 15 17 19 21 24 25 27 29 31 34 36 39 40 43 44 46 48 50 52 54 57 58 60 62 65 66 69 70 73 74 0
2 3 5 7 9 12 14 16 17 19 21 24 25 27 29 31 34 36 39 40 43 44 46 48 50 52 54 56 58 60 62 65 66 69 71 73 74 0
2 3 5 7 9 11 14 16 17 20 21 24 25 27 29 31 34 36 39 40 43 44 47 48 50 52 54 56 58 60 63 65 66 69 71 73 74 1
2 3 5 8 9 12 14 16 17 19 21 23 25 27 29 31 34 36 39 40 42 44 46 48 51 52 54 56 58 60 62 64 66 69 71 72 74 0
2 4 5 8 9 11 14 15 17 19 21 24 25 27 29 31 34 36 39 40 42 44 46 48 51 52 54 56 58 60 62 65 66 69 71 73 74 0
2 4 5 7 10 11 14 15 17 19 21 24 25 27 29 31 34 36 39 40 42 44 46 48 51 52 54 56 58 60 62 65 66 69 71 73 74 1
2 4 5 8 9 11 14 16 17 19 21 24 25 27 29 31 34 36 39 40 42 44 46 48 51 52 54 56 58 60 62 64 66 69 71 73 74 1
2 4 5 8 9 11 14 16 17 19 21 24 25 27 29 32 34 36 39 40 42 44 46 48 51 52 54 56 58 60 62 64 66 69 71 73 74 0
2 4 5 8 9 11 14 15 17 19 21 24 25 27 29 31 34 36 39 40 42 44 46 48 51 52 54 57 58 60 62 65 66 69 71 72 74 1
2 4 5 7 10 11 14 15 17 19 21 24 25 27 29 31 34 36 39 40 42 44 46 48 51 52 54 57 58 60 62 65 66 69 71 72 74 0
2 4 5 8 9 11 14 16 17 19 21 24 25 27 29 31 34 36 39 40 42 44 46 48 51 52 54 57 58 60 62 64 66 69 71 72 74 1
2 4 5 8 9 11 14 16 17 19 21 24 25 27 29 32 34 36 39 40 42 44 46 48 51 52 54 57 58 60 62 64 66 69 71 72 74 1
2 3 5 7 9 11 14 16 18 20 21 24 25 27 29 31 35 36 38 40 42 44 46 48 50 52 54 56 58 60 62 64 66 69 71 73 74 1
2 3 5 7 9 11 14 16 18 20 21 24 25 27 29 31 35 36 38 40 43 44 46 48 50 52 54 56 58 60 62 64 66 69 71 73 74 1
2 3 5 7 9 11 14 16 18 20 21 24 25 27 29 31 35 36 38 40 43 44 46 48 50 52 54 56 58 60 62 65 66 69 71 73 74 1
2 3 5 7 10 11 14 16 18 20 21 24 25 27 29 31 35 36 38 40 43 44 46 48 50 52 54 57 58 60 62 65 66 69 71 73 74 1
2 3 5 7 9 11 14 16 18 20 21 24 25 27 29 31 34 36 38 40 42 44 47 48 50 52 54 56 58 60 62 64 66 69 70 73 74 1
2 3 5 7 9 11 14 16 18 20 21 24 25 27 29 31 34 36 38 40 43 44 47 48 50 52 54 56 58 60 62 64 66 69 70 73 74 1
2 3 5 7 9 11 14 16 18 20 21 24 25 27 29 31 34 36 38 40 43 44 47 48 50 52 54 56 58 60 62 65 66 69 70 73 74 1
2 3 5 7 10 11 14 16 18 20 21 24 25 27 29 31 34 36 38 40 43 44 47 48 50 52 54 57 58 60 63 65 66 69 70 73 74 1
2 3 5 7 10 12 14 16 18 20 21 23 25 27 29 31 34 36 38 40 42 44 46 48 51 52 54 56 58 60 62 64 66 69 71 72 74 0
2 4 5 7 10 12 14 16 18 20 21 24 25 27 29 33 34 36 38 40 42 44 46 48 51 52 54 57 58 60 62 64 66 69 71 72 74 0
2 4 5 7 9 12 14 16 18 20 21 24 25 27 29 31 34 36 38 40 42 44 46 48 50 52 54 56 58 60 62 64 66 69 70 73 74 0
2 4 5 7 10 12 14 16 18 20 21 24 25 27 29 31 34 36 38 40 42 44 46 48 51 52 54 57 58 60 62 64 66 69 71 72 74 1
2 3 5 7 9 11 14 16 18 20 21 24 25 27 29 31 35 36 39 40 42 44 46 48 51 52 54 56 58 60 62 64 66 69 71 73 74 0
2 3 5 7 9 11 14 16 18 20 21 24 25 27 29 31 35 36 39 40 42 44 46 48 51 52 54 56 58 60 62 65 66 69 71 73 74 1
2 3 5 7 10 11 14 16 18 20 21 24 25 27 29 31 35 36 39 40 42 44 46 48 51 52 54 57 58 60 62 65 66 69 71 73 74 1
2 3 5 7 9 12 14 16 18 20 21 23 25 27 29 31 34 36 39 40 42 44 46 48 51 52 54 56 58 60 62 64 66 69 71 72 74 1
2 3 5 7 10 12 14 16 18 20 21 23 25 27 29 31 34 36 39 40 42 44 46 48 51 52 54 56 58 60 62 64 66 69 71 72 74 0
2 4 5 7 10 12 14 16 18 20 21 24 25 27 29 31 34 36 39 40 42 44 46 48 51 52 54 56 58 60 62 64 66 69 71 73 74 0
2 4 5 7 10 12 14 16 18 20 21 24 25 27 29 32 34 36 39 40 42 44 46 48 51 52 54 56 58 60 62 64 66 69 71 73 74 1
2 4 5 7 9 12 14 16 18 20 21 24 25 27 29 31 34 36 39 40 42 44 46 48 50 52 54 56 58 60 62 64 66 69 71 73 74 0
2 4 5 7 10 12 14 16 18 20 21 24 25 27 29 31 34 36 39 40 42 44 46 48 51 52 54 57 58 60 62 64 66 69 71 72 74 0
2 4 5 7 10 12 14 16 18 20 21 24 25 27 29 32 34 36 39 40 42 44 46 48 51 52 54 57 58 60 62 64 66 69 71 72 74 0
2 4 5 7 9 11 14 15 17 19 21 24 25 27 29 31 34 36 38 40 42 44 46 49 50 52 54 56 58 60 62 64 66 69 70 73 74 1
2 4 5 7 9 11 14 15 17 19 21 24 25 27 29 31 34 37 38 40 42 44 46 49 50 52 54 56 58 60 62 64 66 69 70 73 74 0
2 3 5 7 9 12 13 16 18 20 21 23 25 27 29 31 34 36 38 40 42 44 47 48 50 52 55 56 58 60 62 64 66 69 70 72 74 0
2 3 5 7 9 12 13 16 18 20 21 23 25 27 29 31 34 36 39 40 42 44 46 48 51 52 55 56 58 60 62 64 66 69 71 72 74 0
2 3 5 7 9 12 13 16 18 20 21 23 25 27 29 31 34 36 39 40 42 44 46 48 50 52 55 56 58 60 62 64 66 69 71 72 74 1
2 3 6 7 9 11 14 15 17 19 21 23 25 27 29 31 35 36 38 40 42 44 46 48 50 52 55 56 58 60 62 64 66 69 71 72 74 1
2 3 5 7 10 12 14 15 17 19 21 23 25 27 29 31 35 36 38 40 42 44 46 48 50 52 55 56 58 60 62 64 66 69 71 72 74 0
2 3 6 7 9 11 14 15 17 19 21 23 25 27 29 31 35 36 39 40 42 44 46 48 51 52 55 56 58 60 62 64 66 69 71 72 74 1
2 3 5 7 10 12 14 15 17 19 21 23 25 27 29 31 35 36 39 40 42 44 46 48 51 52 55 56 58 60 62 64 66 69 71 72 74 1
2 3 5 7 9 11 14 16 17 20 21 23 25 27 29 31 34 36 39 40 42 44 47 48 51 52 55 56 58 60 62 64 66 69 71 72 74 0
2 3 5 7 9 12 14 16 17 20 21 23 25 27 29 31 34 36 39 40 42 44 47 48 51 52 55 56 58 60 62 64 66 69 71 72 74 0
2 3 5 7 9 11 14 16 18 20 21 23 25 27 29 31 35 36 38 40 42 44 46 48 50 52 55 56 58 60 62 64 66 69 71 72 74 0
2 3 5 7 9 12 14 16 18 20 21 23 25 27 29 31 35 36 38 40 42 44 46 48 50 52 55 56 58 60 62 64 66 69 71 72 74 1
2 3 5 7 9 12 14 16 18 20 21 23 25 27 29 31 34 36 38 40 42 44 47 48 50 52 55 56 58 60 62 64 66 69 70 72 74 1
2 3 5 7 9 12 14 16 18 20 21 23 25 27 29 31 34 36 39 40 42 44 46 48 51 52 55 56 58 60 62 64 66 69 71 72 74 0
2 3 5 7 9 12 14 16 18 20 21 23 25 27 29 31 34 36 39 40 42 44 46 48 50 52 55 56 58 60 62 64 66 69 71 72 74 0
2 3 5 7 9 11 13 15 17 19 21 24 26 28 29 31 34 36 38 40 42 44 46 49 51 52 54 56 58 60 62 64 66 68 70 73 74 1
2 3 5 7 9 11 13 15 17 19 21 24 26 28 29 31 34 36 38 40 42 44 46 49 50 52 54 56 58 60 62 64 66 68 70 73 74 0
2 3 5 7 9 11 13 15 17 20 21 24 26 28 29 31 34 36 38 40 42 44 47 49 50 52 54 56 58 60 62 64 66 68 70 73 74 1
2 3 5 7 9 11 13 16 18 20 21 24 26 28 29 31 34 36 38 40 42 44 46 49 50 52 54 56 58 60 62 64 66 68 70 73 74 1
2 3 5 7 9 11 13 16 18 20 21 24 26 28 29 31 34 36 38 40 42 44 47 49 50 52 54 56 58 60 62 64 66 68 70 73 74 0
2 3 5 7 9 11 13 16 18 20 21 23 26 28 29 31 34 36 38 40 42 44 46 49 51 52 54 56 58 60 62 64 67 68 70 73 74 0
2 3 5 7 9 11 13 16 18 20 21 23 26 28 29 31 34 36 38 40 42 44 46 49 50 52 54 56 58 60 62 64 67 68 70 73 74 0
2 3 5 7 9 11 13 16 18 20 21 23 26 28 29 31 34 36 38 40 42 44 47 49 50 52 54 56 58 60 62 64 67 68 70 73 74 1
2 3 5 7 9 11 13 15 17 20 21 23 26 28 29 31 34 36 38 40 42 44 47 48 50 52 55 56 58 60 62 64 66 69 70 72 74 0
2 3 5 7 9 11 14 15 17 20 21 23 26 28 29 31 34 36 38 40 42 44 47 48 50 52 55 56 58 60 62 64 66 69 70 72 74 0
2 3 5 7 9 11 13 15 17 20 21 24 26 27 29 31 34 36 38 40 42 44 47 48 51 52 54 56 58 60 62 65 66 69 70 73 74 1
2 3 5 7 9 11 13 15 17 20 21 24 26 27 29 31 34 36 38 40 43 44 47 48 51 52 54 56 58 60 62 65 66 69 70 73 74 0
2 3 5 7 9 11 13 15 17 19 21 24 26 27 29 31 34 36 39 40 42 44 46 48 51 53 54 56 58 60 62 65 66 69 71 73 74 1
2 3 5 7 9 11 13 15 17 19 21 24 26 27 29 31 34 36 39 40 43 44 46 48 51 52 54 56 58 60 62 65 66 69 71 73 74 1
2 3 5 7 9 11 13 16 18 20 21 24 26 27 29 31 34 36 38 40 43 44 47 48 51 52 54 57 58 60 63 65 66 69 70 73 74 1
2 3 5 7 9 11 13 15 17 19 21 24 26 27 29 31 34 36 38 40 42 44 46 49 50 52 54 56 58 60 62 65 66 68 70 73 74 1
2 3 5 7 9 11 13 15 17 19 21 24 26 27 29 31 34 36 38 40 43 44 46 49 50 52 54 56 58 60 62 65 66 68 70 73 74 0
2 3 5 7 9 11 13 15 17 20 21 24 26 27 29 31 34 36 38 40 42 44 47 49 50 52 54 56 58 60 62 65 66 68 70 73 74 0
2 3 5 7 9 11 13 15 17 20 21 24 26 27 29 31 34 36 38 40 43 44 47 49 50 52 54 56 58 60 62 65 66 68 70 73 74 1
2 3 5 7 9 11 13 15 17 19 21 24 26 27 29 31 34 36 39 40 42 44 46 49 51 52 54 56 58 60 62 64 66 68 71 73 74 1
2 3 5 7 9 11 13 15 17 19 21 24 26 27 29 31 34 36 39 40 43 44 46 49 51 52 54 56 58 60 62 65 66 68 71 73 74 1
2 3 5 7 9 11 13 15 17 19 21 24 26 27 29 31 34 36 39 40 43 44 46 49 50 52 54 56 58 60 62 65 66 68 71 73 74 0
2 3 5 7 9 11 13 16 18 20 21 24 26 27 29 31 34 36 38 40 43 44 46 49 50 52 54 56 58 60 62 64 66 68 70 73 74 1
2 3 5 7 9 11 13 16 18 20 21 24 26 27 29 31 34 36 38 40 43 44 47 49 50 52 54 56 58 60 62 64 66 68 70 73 74 0
2 3 5 7 9 11 13 16 18 20 21 23 26 27 29 31 34 36 38 40 43 44 46 49 50 52 54 56 58 60 62 65 67 68 71 73 74 1
2 3 5 7 9 11 13 16 18 20 21 23 26 27 29 31 34 36 38 40 43 44 47 49 50 52 54 56 58 60 62 65 67 68 70 73 74 1
2 3 5 7 9 11 13 16 18 20 21 24 26 27 29 31 34 36 39 40 43 44 46 49 50 52 54 56 58 60 62 64 66 68 71 73 74 1
2 3 5 7 9 11 13 16 18 20 21 23 26 27 29 31 34 36 39 40 43 44 46 49 51 52 54 56 58 60 62 65 67 68 71 73 74 1
2 4 5 7 10 11 13 16 18 20 21 23 26 27 30 31 35 36 38 40 43 44 46 48 51 52 54 56 58 60 62 64 67 68 71 73 74 1
2 3 5 7 9 11 14 16 17 20 21 24 26 27 29 31 34 36 38 40 43 44 47 48 51 52 54 56 58 60 62 65 66 69 70 73 74 0
2 3 5 7 9 11 14 16 17 19 21 24 26 27 29 31 34 36 39 40 43 44 46 48 51 52 54 56 58 60 62 64 66 69 71 73 74 1
2 3 5 7 9 12 13 16 17 19 21 23 25 28 29 31 34 36 38 40 42 44 46 48 50 52 54 57 58 60 62 64 66 69 70 72 75 1
2 3 5 7 9 12 13 16 18 20 21 23 25 28 29 31 34 36 38 40 42 44 46 48 51 52 54 56 58 60 62 64 66 69 70 72 75 1
2 3 5 7 9 12 13 16 18 20 21 23 25 28 29 31 34 36 38 40 42 44 47 48 50 52 54 56 58 60 62 64 66 69 70 72 75 1
2 3 5 7 10 12 14 15 17 19 21 23 25 28 29 31 34 36 38 40 42 44 46 48 50 52 54 56 58 60 62 64 66 69 71 72 75 0
2 3 5 7 10 12 14 15 17 19 21 23 25 28 29 31 34 36 38 40 42 44 46 48 50 52 54 57 58 60 62 64 66 69 70 72 75 1
2 3 5 7 10 12 14 15 17 19 21 23 25 28 29 31 34 36 38 40 42 44 46 48 50 52 54 57 58 60 62 64 66 69 71 72 75 0
2 3 5 7 10 12 14 15 17 19 21 23 25 28 29 31 35 36 38 40 42 44 46 48 50 52 54 57 58 60 62 64 66 69 71 72 75 0
2 3 5 7 9 11 14 15 17 20 21 23 25 28 29 31 35 36 38 40 42 44 47 48 50 52 54 56 58 60 62 64 66 69 71 72 75 0
2 3 5 7 9 12 14 16 17 20 21 23 25 28 29 31 34 36 38 40 42 44 47 48 50 52 54 56 58 60 62 64 66 69 70 72 75 1
2 3 5 7 10 12 14 15 17 19 21 23 25 28 29 31 34 36 39 40 42 44 46 48 51 52 54 56 58 60 62 64 66 69 71 72 75 1
2 3 5 7 10 12 14 15 17 19 21 23 25 28 29 31 34 36 39 40 42 44 46 48 51 52 54 57 58 60 62 64 66 69 71 72 75 0
2 3 5 7 10 12 14 15 17 19 21 23 25 28 29 31 35 36 39 40 42 44 46 48 51 52 54 57 58 60 62 64 66 69 71 72 75 1
2 3 5 7 9 11 14 15 17 20 21 23 25 28 29 31 35 36 39 40 42 44 47 48 51 52 54 56 58 60 62 64 66 69 71 72 75 0
2 3 5 7 9 12 14 16 18 20 21 23 25 28 29 31 34 36 38 40 42 44 46 48 50 52 54 56 58 60 62 64 66 69 71 72 75 1
2 3 5 7 9 11 14 16 18 20 21 23 25 28 29 31 34 36 38 40 42 44 47 48 50 52 54 56 58 60 62 64 66 69 70 72 75 1
2 3 5 7 9 12 14 16 18 20 21 23 25 28 29 31 34 36 38 40 42 44 47 48 50 52 54 56 58 60 62 64 66 69 70 72 75 1
2 3 5 7 9 11 13 15 17 19 21 23 25 28 29 31 34 36 38 40 42 44 46 48 51 52 55 57 58 60 62 64 66 69 70 72 75 0
2 3 5 7 9 12 13 15 17 19 21 23 25 28 29 31 34 36 38 40 42 44 46 48 51 52 55 57 58 60 62 64 66 69 70 72 75 1
2 3 5 7 9 12 13 16 17 19 21 23 25 28 29 31 34 36 38 40 42 44 46 48 51 52 55 57 58 60 62 64 66 69 70 72 75 0
2 3 5 7 9 11 13 15 17 20 21 23 25 28 29 31 34 36 38 40 42 44 47 48 51 52 55 56 58 60 62 64 66 69 70 72 75 1
2 3 5 7 9 11 13 15 17 20 21 23 25 28 29 31 34 36 38 40 42 44 47 48 51 52 55 57 58 60 62 64 66 69 70 72 75 0
2 3 5 7 9 12 13 15 17 20 21 23 25 28 29 31 34 36 38 40 42 44 47 48 51 52 55 56 58 60 62 64 66 69 70 72 75 1
2 3 5 7 9 11 13 16 17 20 21 23 25 28 29 31 34 36 38 40 42 44 47 48 51 52 55 56 58 60 62 64 66 69 70 72 75 0
2 3 5 7 9 11 13 16 17 20 21 23 25 28 29 31 34 36 38 40 42 44 47 48 51 52 55 57 58 60 62 64 66 69 70 72 75 1
2 3 5 7 9 12 13 15 17 19 21 23 25 28 29 31 34 36 38 40 42 44 46 48 50 52 55 57 58 60 62 64 66 69 70 72 75 0
2 3 5 7 9 12 13 16 17 19 21 23 25 28 29 31 34 36 38 40 42 44 46 48 50 52 55 57 58 60 62 64 66 69 70 72 75 1
2 3 5 7 9 11 13 15 17 20 21 23 25 28 29 31 34 36 38 40 42 44 47 48 50 52 55 57 58 60 62 64 66 69 70 72 75 0
2 3 5 7 9 12 13 15 17 20 21 23 25 28 29 31 34 36 38 40 42 44 47 48 50 52 55 56 58 60 62 64 66 69 70 72 75 0
2 3 5 7 9 12 13 15 17 20 21 23 25 28 29 31 34 36 38 40 42 44 47 48 50 52 55 57 58 60 62 64 66 69 70 72 75 1
2 3 5 7 9 12 13 16 18 20 21 23 25 28 29 31 34 36 38 40 42 44 46 48 51 52 55 57 58 60 62 64 66 69 70 72 75 1
2 3 5 7 9 12 13 16 18 20 21 23 25 28 29 31 34 36 38 40 42 44 47 48 51 52 55 56 58 60 62 64 66 69 70 72 75 0
2 3 5 7 9 12 13 16 18 20 21 23 25 28 29 31 34 36 38 40 42 44 47 48 50 52 55 56 58 60 62 64 66 69 70 72 75 0
2 3 5 7 9 11 13 15 17 20 21 23 25 28 29 31 34 36 38 40 42 44 47 49 50 52 55 56 58 60 62 64 66 68 70 72 75 0
2 3 5 7 9 11 14 15 17 20 21 23 25 28 29 31 34 36 38 40 42 44 47 48 51 52 55 56 58 60 62 64 66 69 70 72 75 0
2 3 5 7 9 12 14 16 17 20 21 23 25 28 29 31 34 36 38 40 42 44 47 48 51 52 55 56 58 60 62 64 66 69 70 72 75 1
2 3 5 7 10 12 14 15 17 19 21 23 25 28 29 31 34 36 38 40 42 44 46 48 50 52 55 56 58 60 62 64 66 69 71 72 75 1
2 3 5 7 9 12 14 15 17 19 21 23 25 28 29 31 34 36 38 40 42 44 46 48 50 52 55 57 58 60 62 64 66 69 70 72 75 0
2 3 5 7 10 12 14 15 17 19 21 23 25 28 29 31 34 36 38 40 42 44 46 48 50 52 55 57 58 60 62 64 66 69 70 72 75 1
2 3 5 7 9 12 14 15 17 20 21 23 25 28 29 31 34 36 38 40 42 44 47 48 50 52 55 56 58 60 62 64 66 69 70 72 75 0
2 3 5 7 10 12 14 15 17 20 21 23 25 28 29 31 34 36 38 40 42 44 47 48 50 52 55 56 58 60 62 64 66 69 70 72 75 1
2 3 5 7 9 12 14 15 17 20 21 23 25 28 29 31 34 36 38 40 42 44 47 48 50 52 55 57 58 60 62 64 66 69 70 72 75 0
2 3 5 7 10 12 14 15 17 20 21 23 25 28 29 31 34 36 38 40 42 44 47 48 50 52 55 57 58 60 62 64 66 69 70 72 75 1
2 3 5 7 9 11 14 16 17 20 21 23 25 28 29 31 34 36 38 40 42 44 47 48 50 52 55 56 58 60 62 64 66 69 70 72 75 1
2 3 5 7 9 12 14 16 17 20 21 23 25 28 29 31 34 36 38 40 42 44 47 48 50 52 55 56 58 60 62 64 66 69 70 72 75 1
2 3 5 7 10 12 14 15 17 19 21 23 25 28 29 31 34 36 39 40 42 44 46 48 51 52 55 56 58 60 62 64 66 69 71 72 75 0
2 3 5 7 10 12 14 16 18 20 21 23 25 28 29 31 34 36 38 40 42 44 46 48 50 52 55 56 58 60 62 64 66 69 71 72 75 0
2 3 5 7 9 12 14 16 18 20 21 23 25 28 29 31 34 36 38 40 42 44 47 48 50 52 55 56 58 60 62 64 66 69 70 72 75 0
2 3 5 7 10 12 14 16 18 20 21 23 25 28 29 31 34 36 38 40 42 44 47 48 50 52 55 56 58 60 62 64 66 69 70 72 75 1
2 3 5 7 9 12 14 16 18 20 21 23 25 28 29 31 34 36 38 40 42 44 47 48 50 52 55 57 58 60 62 64 66 69 70 72 75 1
2 3 5 7 10 12 14 16 18 20 21 23 25 28 29 31 34 36 39 40 42 44 46 48 51 52 55 56 58 60 62 64 66 69 71 72 75 1
2 3 5 7 9 12 13 15 17 19 21 23 25 27 29 31 34 36 38 40 42 44 46 48 50 52 54 57 58 60 63 64 66 69 70 72 75 0
2 3 5 7 9 11 13 15 17 19 21 23 25 27 29 31 34 36 39 40 42 44 46 48 51 52 54 57 58 60 63 64 66 69 71 72 75 1
2 3 5 7 9 12 13 15 17 19 21 23 25 27 29 31 34 36 39 40 42 44 46 48 51 52 54 56 58 60 63 64 66 69 71 72 75 1
2 3 5 7 9 11 13 15 17 19 21 23 25 27 29 31 34 36 39 40 42 44 46 48 50 52 54 57 58 60 63 64 66 69 71 72 75 1
2 3 5 7 9 12 13 15 17 19 21 23 25 27 29 31 34 36 39 40 42 44 46 48 50 52 54 57 58 60 63 64 66 69 71 72 75 0
2 3 5 7 9 12 13 16 17 19 21 23 25 27 29 31 34 36 39 40 42 44 46 48 50 52 54 57 58 60 63 64 66 69 71 72 75 1
2 3 5 7 9 12 13 16 18 20 21 23 25 27 29 31 34 36 38 40 42 44 47 48 50 52 54 56 58 60 62 64 66 69 70 72 75 0
2 3 5 7 9 12 13 16 18 20 21 23 25 27 29 31 34 36 39 40 42 44 46 48 51 52 54 56 58 60 62 64 66 69 71 72 75 0
2 3 5 7 10 12 14 15 17 19 21 23 25 27 29 31 34 36 38 40 42 44 46 48 50 52 54 57 58 60 63 64 66 69 70 72 75 1
2 3 5 7 10 12 14 15 17 19 21 23 25 27 29 31 34 36 39 40 42 44 46 48 51 52 54 56 58 60 62 64 66 69 71 72 75 1
2 3 5 7 10 12 14 15 17 19 21 23 25 27 29 31 34 36 39 40 42 44 46 48 51 52 54 57 58 60 62 64 66 69 71 72 75 0
2 3 5 7 10 12 14 15 17 19 21 23 25 27 29 31 35 36 39 40 42 44 46 48 51 52 54 57 58 60 62 64 66 69 71 72 75 1
2 3 5 7 9 11 14 15 17 20 21 23 25 27 29 31 35 36 39 40 42 44 47 48 51 52 54 56 58 60 62 64 66 69 71 72 75 0
2 3 5 7 10 12 14 15 17 19 21 23 25 27 29 31 34 36 39 40 42 44 46 48 50 52 54 57 58 60 63 64 66 69 71 72 75 0
2 3 5 7 9 11 14 16 17 19 21 23 25 27 29 31 34 36 39 40 42 44 46 48 50 52 54 56 58 60 63 64 66 69 71 72 75 1
2 3 5 7 9 12 14 16 17 19 21 23 25 27 29 31 34 36 39 40 42 44 46 48 50 52 54 56 58 60 63 64 66 69 71 72 75 0
2 3 5 7 9 12 14 16 18 20 21 23 25 27 29 31 34 36 38 40 42 44 47 48 50 52 54 56 58 60 62 64 66 69 70 72 75 0
2 3 5 7 9 12 14 16 18 20 21 23 25 27 29 31 34 36 39 40 42 44 46 48 50 52 54 56 58 60 62 64 66 69 71 72 75 0
2 3 5 7 9 12 13 15 17 19 21 23 25 27 29 31 34 36 38 40 42 44 46 48 51 52 55 57 58 60 62 64 66 69 70 72 75 1
2 3 5 7 9 11 13 15 17 19 21 23 25 27 29 31 35 36 38 40 42 44 46 48 51 52 55 57 58 60 62 64 66 69 70 72 75 1
2 3 5 7 9 12 13 16 17 19 21 23 25 27 29 31 34 36 38 40 42 44 46 48 51 52 55 57 58 60 62 64 66 69 70 72 75 0
2 3 6 7 9 11 13 15 17 19 21 23 25 27 29 31 35 36 38 40 42 44 46 48 50 52 55 56 58 60 62 64 66 69 70 72 75 1
2 3 5 7 9 12 13 15 17 19 21 23 25 27 29 31 34 36 38 40 42 44 46 48 50 52 55 57 58 60 63 64 66 69 70 72 75 1
2 3 5 7 9 11 13 15 17 19 21 23 25 27 29 31 34 36 39 40 42 44 46 48 51 52 55 57 58 60 62 64 66 69 71 72 75 0
2 3 5 7 9 12 13 15 17 19 21 23 25 27 29 31 34 36 39 40 42 44 46 48 51 52 55 57 58 60 62 64 66 69 71 72 75 0
2 3 5 7 9 11 13 15 17 19 21 23 25 27 29 31 34 36 39 40 42 44 46 48 51 52 55 56 58 60 63 64 66 69 71 72 75 0
2 3 6 7 9 11 13 15 17 19 21 23 25 27 29 31 34 36 39 40 42 44 46 48 51 52 55 56 58 60 63 64 66 69 71 72 75 1
2 3 5 7 9 11 13 15 17 19 21 23 25 27 29 31 34 36 39 40 42 44 46 48 51 52 55 57 58 60 63 64 66 69 71 72 75 0
2 3 5 7 9 12 13 16 17 19 21 23 25 27 29 31 34 36 39 40 42 44 46 48 51 52 55 57 58 60 62 64 66 69 71 72 75 0
2 3 5 7 9 11 13 15 17 20 21 23 25 27 29 31 34 36 39 40 42 44 47 48 51 52 55 57 58 60 63 64 66 69 71 72 75 1
2 3 5 7 9 11 13 16 17 20 21 23 25 27 29 31 34 36 39 40 42 44 47 48 51 52 55 57 58 60 63 64 66 69 71 72 75 0
2 3 5 7 9 11 13 15 17 19 21 23 25 27 29 31 34 36 39 40 42 44 46 48 50 52 55 57 58 60 62 64 66 69 71 72 75 1
2 3 5 7 9 12 13 15 17 19 21 23 25 27 29 31 34 36 39 40 42 44 46 48 50 52 55 57 58 60 62 64 66 69 71 72 75 0
2 3 5 7 9 11 13 15 17 19 21 23 25 27 29 31 34 36 39 40 42 44 46 48 50 52 55 57 58 60 63 64 66 69 70 72 75 1
2 3 5 7 9 11 13 15 17 19 21 23 25 27 29 31 34 36 39 40 42 44 46 48 50 52 55 57 58 60 63 64 66 69 71 72 75 1
2 3 5 7 9 12 13 15 17 19 21 23 25 27 29 31 34 36 39 40 42 44 46 48 50 52 55 57 58 60 63 64 66 69 71 72 75 0
2 3 5 7 9 12 13 16 17 19 21 23 25 27 29 31 34 36 39 40 42 44 46 48 50 52 55 57 58 60 62 64 66 69 71 72 75 0
2 3 5 7 9 12 13 16 17 19 21 23 25 27 29 31 34 36 39 40 42 44 46 48 50 52 55 56 58 60 63 64 66 69 71 72 75 0
2 3 5 7 9 11 13 15 17 20 21 23 25 27 29 31 34 36 39 40 42 44 47 48 50 52 55 57 58 60 63 64 66 69 71 72 75 0
2 3 5 7 9 12 13 15 17 20 21 23 25 27 29 31 34 36 39 40 42 44 47 48 50 52 55 57 58 60 63 64 66 69 71 72 75 0
2 3 5 7 9 12 13 16 18 20 21 23 25 27 29 31 34 36 38 40 42 44 46 48 51 52 55 57 58 60 62 64 66 69 70 72 75 0
2 3 5 7 9 12 13 16 18 20 21 23 25 27 29 31 34 36 38 40 42 44 47 48 51 52 55 56 58 60 62 64 66 69 70 72 75 1
2 3 5 7 9 12 13 16 18 20 21 23 25 27 29 31 34 36 38 40 42 44 47 48 50 52 55 56 58 60 62 64 66 69 70 72 75 1
2 3 5 7 9 12 13 16 18 20 21 23 25 27 29 31 34 36 39 40 42 44 46 48 51 52 55 57 58 60 62 64 66 69 71 72 75 0
2 3 5 7 9 12 13 16 18 20 21 23 25 27 29 31 34 36 39 40 42 44 46 48 50 52 55 56 58 60 62 64 66 69 71 72 75 1
2 3 5 7 9 11 13 15 17 19 21 23 25 27 29 31 34 37 38 40 42 44 46 49 50 52 55 56 58 60 62 64 66 69 70 72 75 1
2 3 5 7 9 12 14 16 17 20 21 23 25 27 29 31 34 36 38 40 42 44 47 48 51 52 55 56 58 60 62 64 66 69 70 72 75 1
2 3 5 7 10 12 14 15 17 19 21 23 25 27 29 31 34 36 38 40 42 44 46 48 50 52 55 57 58 60 62 64 66 69 70 72 75 1
2 3 6 7 9 11 14 15 17 19 21 23 25 27 29 31 35 36 38 40 42 44 46 48 50 52 55 56 58 60 62 64 66 69 71 72 75 0
2 3 5 7 10 12 14 15 17 19 21 23 25 27 29 31 35 36 38 40 42 44 46 48 50 52 55 57 58 60 62 64 66 69 71 72 75 1
2 3 5 7 10 12 14 15 17 19 21 23 25 27 29 31 34 36 38 40 42 44 46 48 50 52 55 57 58 60 63 64 66 69 70 72 75 0
2 3 5 7 9 11 14 16 17 19 21 23 25 27 29 31 35 36 38 40 42 44 46 48 50 52 55 56 58 60 62 64 66 69 71 72 75 0
2 3 5 7 9 12 14 16 17 19 21 23 25 27 29 31 35 36 38 40 42 44 46 48 50 52 55 56 58 60 62 64 66 69 71 72 75 0
2 3 5 7 10 12 14 15 17 20 21 23 25 27 29 31 34 36 38 40 42 44 47 48 50 52 55 56 58 60 62 64 66 69 70 72 75 1
2 3 5 7 9 11 14 15 17 20 21 23 25 27 29 31 35 36 38 40 42 44 47 48 50 52 55 56 58 60 62 64 66 69 71 72 75 0
2 3 5 7 9 12 14 16 17 20 21 23 25 27 29 31 34 36 38 40 42 44 47 48 50 52 55 56 58 60 62 64 66 69 70 72 75 1
2 3 5 7 9 11 14 15 17 19 21 23 25 27 29 31 35 36 39 40 42 44 46 48 51 52 55 56 58 60 62 64 66 69 71 72 75 0
2 3 6 7 9 11 14 15 17 19 21 23 25 27 29 31 35 36 39 40 42 44 46 48 51 52 55 56 58 60 62 64 66 69 71 72 75 1
2 3 5 7 10 12 14 15 17 19 21 23 25 27 29 31 35 36 39 40 42 44 46 48 51 52 55 57 58 60 62 64 66 69 71 72 75 0
2 3 5 7 9 12 14 16 17 19 21 23 25 27 29 31 34 36 39 40 42 44 46 48 51 52 55 56 58 60 62 64 66 69 71 72 75 1
2 3 5 8 9 12 14 16 17 19 21 23 25 27 29 31 34 36 39 40 42 44 46 48 51 52 55 56 58 60 62 64 66 69 71 72 75 1
2 3 5 7 9 11 14 15 17 20 21 23 25 27 29 31 35 36 39 40 42 44 47 48 51 52 55 56 58 60 62 64 66 69 71 72 75 1
2 3 5 7 10 12 14 15 17 19 21 23 25 27 29 31 34 36 39 40 42 44 46 48 50 52 55 57 58 60 62 64 66 69 71 72 75 0
2 3 5 7 10 12 14 15 17 19 21 23 25 27 29 31 34 36 39 40 42 44 46 48 50 52 55 57 58 60 63 64 66 69 71 72 75 0
2 3 5 7 9 11 14 15 17 20 21 23 25 27 29 31 34 36 39 40 42 44 47 48 50 52 55 56 58 60 62 64 66 69 71 72 75 0
2 3 5 7 10 12 14 15 17 20 21 23 25 27 29 31 34 36 39 40 42 44 47 48 50 52 55 57 58 60 63 64 66 69 71 72 75 0
2 3 5 7 9 11 14 16 17 20 21 23 25 27 29 31 34 36 39 40 42 44 47 48 50 52 55 56 58 60 62 64 66 69 71 72 75 0
2 3 5 7 9 11 14 16 17 20 21 23 25 27 29 31 34 36 39 40 42 44 47 48 50 52 55 56 58 60 63 64 66 69 71 72 75 0
2 3 5 7 9 12 14 16 18 20 21 23 25 27 29 31 34 36 38 40 42 44 46 48 50 52 55 56 58 60 62 64 66 69 70 72 75 1
2 3 5 7 9 12 14 16 18 20 21 23 25 27 29 31 34 36 38 40 42 44 46 48 50 52 55 56 58 60 62 64 66 69 71 72 75 1
2 3 5 7 9 12 14 16 18 20 21 23 25 27 29 31 34 36 38 40 42 44 46 48 50 52 55 57 58 60 62 64 66 69 71 72 75 0
2 3 5 7 9 11 14 16 18 20 21 23 25 27 29 31 35 36 38 40 42 44 46 48 50 52 55 56 58 60 62 64 66 69 71 72 75 1
2 3 5 7 9 12 14 16 18 20 21 23 25 27 29 31 35 36 38 40 42 44 46 48 50 52 55 56 58 60 62 64 66 69 71 72 75 1
2 3 5 7 9 12 14 16 18 20 21 23 25 27 29 31 34 36 38 40 42 44 47 48 50 52 55 56 58 60 62 64 66 69 70 72 75 0
2 3 5 7 10 12 14 16 18 20 21 23 25 27 29 31 34 36 38 40 42 44 47 48 50 52 55 56 58 60 62 64 66 69 70 72 75 0
2 3 5 7 9 11 14 16 18 20 21 23 25 27 29 31 34 36 39 40 42 44 46 48 51 52 55 56 58 60 62 64 66 69 71 72 75 0
2 3 5 7 9 12 14 16 18 20 21 23 25 27 29 31 34 36 39 40 42 44 46 48 51 52 55 56 58 60 62 64 66 69 71 72 75 0
2 3 5 7 10 12 14 16 18 20 21 23 25 27 29 31 34 36 39 40 42 44 46 48 51 52 55 56 58 60 62 64 66 69 71 72 75 0
2 3 5 7 9 12 14 16 18 20 21 23 25 27 29 31 34 36 39 40 42 44 46 48 50 52 55 56 58 60 62 64 66 69 71 72 75 1
2 3 5 7 9 11 13 15 17 19 21 23 26 28 29 31 34 36 38 40 42 44 46 48 51 52 54 56 58 60 63 64 66 68 70 72 75 0
2 3 5 7 9 11 13 15 17 19 21 23 26 28 29 31 34 36 38 40 42 44 46 48 50 52 54 57 58 60 62 64 66 69 70 72 75 0
2 3 5 7 9 11 13 15 17 20 21 23 26 28 29 31 34 36 38 40 42 44 47 48 50 52 54 56 58 60 62 64 66 69 70 72 75 1
2 3 5 7 9 11 14 15 17 20 21 23 26 28 29 31 34 36 38 40 42 44 47 48 50 52 54 56 58 60 62 64 66 69 70 72 75 1
2 3 5 7 9 11 13 15 17 19 21 23 26 28 29 31 34 36 38 40 42 44 46 48 50 52 55 57 58 60 62 64 66 69 70 72 75 0
2 3 5 7 9 11 13 15 17 20 21 23 26 28 29 31 34 36 38 40 42 44 47 48 50 52 55 56 58 60 62 64 66 69 70 72 75 0
2 3 5 7 9 11 13 15 17 20 21 23 26 28 29 31 34 36 38 40 42 44 47 48 50 52 55 57 58 60 62 64 66 69 70 72 75 0
2 3 5 7 9 11 13 15 17 19 21 23 26 27 29 31 34 36 39 40 42 44 46 48 50 52 54 57 58 60 63 64 66 69 71 72 75 1
2 3 5 7 9 12 13 15 17 19 21 23 26 27 29 31 34 36 38 40 42 44 46 48 51 52 55 57 58 60 63 64 66 69 70 72 75 0
2 3 5 7 9 11 13 15 17 20 21 23 26 27 29 31 34 36 38 40 42 44 47 48 51 52 55 56 58 60 62 64 66 69 70 72 75 0
2 3 5 7 9 11 13 15 17 20 21 23 26 27 29 31 34 36 38 40 42 44 47 48 50 52 55 56 58 60 62 64 66 69 70 72 75 0
2 3 6 7 9 11 13 15 17 19 21 23 26 27 29 31 35 36 39 40 42 44 46 48 51 52 55 56 58 60 62 64 66 69 70 72 75 0
2 3 5 7 9 11 13 15 17 19 21 23 26 27 29 31 34 36 39 40 42 44 46 48 50 52 55 57 58 60 62 64 66 69 71 72 75 0
2 3 5 7 9 11 14 15 17 20 21 23 26 27 29 31 34 36 38 40 42 44 47 48 50 52 55 56 58 60 62 64 66 69 70 72 75 0
2 3 5 7 9 11 14 15 17 20 21 23 26 27 29 31 34 36 39 40 42 44 47 48 50 52 55 56 58 60 62 64 66 69 71 72 75 1
2 3 5 7 9 11 13 15 17 19 21 23 25 28 29 32 34 36 38 40 43 44 46 48 51 52 54 56 58 61 62 64 67 68 70 73 74 0
2 3 5 7 9 11 13 15 17 19 21 23 25 28 29 32 34 36 38 40 43 44 46 48 50 52 54 56 58 61 62 64 67 68 70 73 74 0
2 3 5 7 9 11 13 16 17 19 21 23 25 28 29 33 34 36 38 40 42 44 46 49 50 52 54 56 58 61 62 64 67 68 70 73 74 0
2 3 5 7 9 11 13 16 17 19 21 23 25 28 29 31 34 36 38 40 42 44 46 49 50 52 54 56 58 61 62 64 67 68 70 73 74 0
2 3 5 7 9 11 13 16 17 19 21 23 25 28 29 31 34 36 38 40 43 44 46 49 50 52 54 56 58 61 62 64 67 68 70 73 74 0
2 4 5 7 9 11 13 16 17 19 21 23 25 28 29 33 34 36 38 40 42 44 46 49 50 52 54 56 58 61 62 64 67 68 70 73 74 1
2 3 5 7 9 12 13 16 17 19 21 23 25 27 29 33 34 36 38 40 42 44 46 48 51 52 54 56 58 61 62 64 67 68 70 73 74 0
2 3 5 7 9 11 13 15 17 19 21 23 25 27 29 32 34 36 38 40 43 44 46 48 51 52 54 56 58 61 62 64 67 68 70 73 74 1
2 3 5 7 9 11 13 16 17 19 21 23 25 27 29 32 34 36 38 40 43 44 46 48 51 52 54 56 58 61 62 64 67 68 70 73 74 1
2 3 5 7 9 12 13 16 17 19 21 23 25 27 29 31 34 36 38 40 42 44 46 48 51 52 54 56 58 61 62 64 67 68 70 73 74 0
2 3 5 7 9 11 13 15 17 19 21 23 25 27 29 32 34 36 38 40 43 44 46 48 50 52 54 56 58 61 62 64 67 68 70 73 74 0
2 3 5 7 10 11 13 15 17 19 21 23 25 27 29 32 34 36 38 40 43 44 46 48 50 52 54 56 58 61 62 64 67 68 70 73 74 0
2 3 5 7 10 11 13 15 17 19 21 23 25 27 29 32 34 36 38 40 43 44 46 48 50 52 54 56 58 61 62 64 67 68 71 73 74 0
2 3 5 7 9 11 13 16 17 19 21 23 25 27 29 32 34 36 38 40 43 44 46 48 50 52 54 56 58 61 62 64 67 68 70 73 74 0
2 3 5 7 9 11 13 15 17 19 21 23 25 27 29 32 34 36 39 40 43 44 46 48 51 52 54 56 58 61 62 64 67 68 70 73 74 1
2 3 5 7 10 11 13 15 17 19 21 23 25 27 29 32 34 36 39 40 43 44 46 48 51 52 54 56 58 61 62 64 67 68 71 73 74 1
2 3 5 7 10 11 13 15 17 19 21 23 25 27 29 32 34 36 39 41 43 44 46 48 51 52 54 56 58 61 63 64 67 68 71 73 74 0
2 3 5 7 9 12 13 16 17 20 21 23 25 27 29 31 34 36 39 40 42 44 47 48 51 52 54 56 58 61 62 64 67 68 70 73 74 1
2 3 5 7 9 11 13 15 17 19 21 23 25 27 29 32 34 36 39 40 43 44 46 48 50 52 54 56 58 61 62 64 67 68 70 73 74 0
2 3 5 7 10 11 13 15 17 19 21 23 25 27 29 32 34 36 39 40 43 44 46 48 50 52 54 56 58 61 62 64 67 68 70 73 74 0
2 3 5 7 9 11 13 16 17 20 21 23 25 27 29 32 34 36 39 40 42 44 47 48 50 52 54 56 58 61 62 64 67 68 70 73 74 0
2 3 5 7 9 11 13 16 18 20 21 23 25 27 29 32 34 36 38 40 42 44 47 48 51 52 54 56 58 61 62 64 67 68 70 73 74 0
2 3 5 7 9 11 13 16 17 19 21 23 25 27 29 33 34 36 38 40 42 44 46 49 50 52 54 56 58 61 62 64 67 68 70 73 74 1
2 3 5 7 9 11 13 16 17 19 21 23 25 27 29 31 34 36 38 40 42 44 46 49 50 52 54 56 58 61 62 64 67 68 70 73 74 1
2 3 5 7 9 11 13 16 17 19 21 23 25 27 29 31 34 36 38 40 43 44 46 49 50 52 54 56 58 61 62 64 67 68 70 73 74 1
2 4 5 7 9 11 13 16 17 19 21 23 25 27 29 33 34 36 38 40 42 44 46 49 50 52 54 56 58 61 62 64 67 68 70 73 74 1
2 3 5 7 9 11 13 16 17 19 21 23 26 28 29 31 34 36 38 40 43 44 46 49 50 52 54 56 58 61 62 64 67 68 70 73 74 0
2 4 5 7 9 11 13 16 17 19 21 23 26 28 29 33 34 36 38 40 42 44 46 49 51 52 54 56 58 61 62 64 67 68 70 73 74 0
2 4 5 7 9 11 13 16 17 19 21 23 26 28 29 33 34 36 38 40 42 44 46 49 50 52 54 56 58 61 62 64 67 68 70 73 74 0
2 4 5 7 9 11 13 16 17 19 21 23 26 28 29 31 34 36 38 40 42 44 46 49 50 52 54 56 58 61 62 64 67 68 70 73 74 1
2 4 5 7 9 12 13 16 17 20 21 23 26 27 29 33 34 36 38 40 42 44 47 48 50 52 54 56 58 61 62 64 67 68 70 73 74 1
2 4 5 7 9 12 13 16 17 20 21 23 26 27 29 31 34 36 38 40 42 44 47 48 50 52 54 56 58 61 62 64 67 68 70 73 74 0
2 3 5 7 9 12 13 16 17 20 21 23 26 27 29 31 34 36 39 40 42 44 47 48 50 52 54 56 58 61 62 64 67 68 70 73 74 0
2 4 5 7 9 12 13 16 17 20 21 23 26 27 29 33 34 36 39 40 42 44 47 48 51 52 54 56 58 61 62 64 67 68 70 73 74 1
2 3 5 7 10 11 13 16 18 20 21 23 26 27 29 32 34 36 38 40 42 44 46 48 50 52 54 56 58 61 62 64 67 68 71 73 74 1
2 3 5 7 10 11 13 16 18 20 21 23 26 27 29 32 34 36 38 40 42 44 47 48 50 52 54 56 58 61 62 64 67 68 70 73 74 0
2 3 5 7 10 11 13 16 18 20 21 23 26 27 29 32 34 36 39 40 42 44 46 48 51 52 54 56 58 61 62 64 67 68 71 73 74 0
2 3 5 7 9 11 13 16 17 19 21 23 26 27 29 31 34 36 38 40 43 44 46 49 50 52 54 56 58 61 62 64 67 68 70 73 74 0
2 4 5 7 9 11 13 16 17 19 21 23 26 27 29 33 34 36 38 40 42 44 46 49 51 52 54 56 58 61 62 64 67 68 70 73 74 0
2 4 5 7 9 11 13 16 17 19 21 23 26 27 29 33 34 36 38 40 42 44 46 49 50 52 54 56 58 61 62 64 67 68 70 73 74 0
2 4 5 7 9 11 13 16 17 19 21 23 26 27 29 31 34 36 38 40 42 44 46 49 50 52 54 56 58 61 62 64 67 68 70 73 74 1
2 4 5 8 9 11 13 16 17 19 21 23 26 27 30 33 35 36 38 40 42 44 46 48 51 52 54 56 58 61 62 64 67 68 71 73 74 0
2 4 5 8 9 11 13 16 17 19 21 23 26 27 30 31 35 36 38 40 42 44 46 48 51 52 54 56 58 61 62 64 67 68 71 73 74 1
